일자,종가,대비,등락률,시가,고가,저가,거래량,거래대금,시가총액,상장주식수
2010/01/04,88100,100,0.11,88900,88900,88000,1799,158986700,379928959400,4312474
2010/01/05,89000,900,1.02,87700,89400,87700,1759,155830400,383810186000,4312474
2010/01/06,88700,-300,-0.34,88600,89300,87700,1384,122540600,382516443800,4312474
2010/01/07,88200,-500,-0.56,87400,88800,87400,1276,112534900,380360206800,4312474
2010/01/08,88000,-200,-0.23,88200,88200,87900,1435,126303700,379497712000,4312474
2010/01/11,87900,-100,-0.11,87800,88200,87800,751,66046300,379066464600,4312474
2010/01/12,88000,100,0.11,87900,88000,86900,812,71065800,379497712000,4312474
2010/01/13,88100,100,0.11,86800,89100,86200,1939,170378900,379928959400,4312474
2010/01/14,90000,1900,2.16,89000,91000,88200,6554,595135600,388122660000,4312474
2010/01/15,90600,600,0.67,91200,91200,90500,831,75429700,390710144400,4312474
2010/01/18,89800,-800,-0.88,89000,90000,88500,1041,93243600,387260165200,4312474
2010/01/19,89800,0,0.00,89000,89800,88800,1125,100063400,387260165200,4312474
2010/01/20,88800,-1000,-1.11,88400,89300,88300,548,48675000,382947691200,4312474
2010/01/21,88000,-800,-0.90,88000,88900,87500,1696,149302600,379497712000,4312474
2010/01/22,87100,-900,-1.02,87100,88100,87100,915,79798600,375616485400,4312474
2010/01/25,86000,-1100,-1.26,87100,87100,85600,1803,155224500,370872764000,4312474
2010/01/26,87900,1900,2.21,86000,87900,86000,933,80834700,379066464600,4312474
2010/01/27,86000,-1900,-2.16,86100,87900,86000,1040,89715800,370872764000,4312474
2010/01/28,86000,0,0.00,87000,87000,86000,360,31018500,370872764000,4312474
2010/01/29,86200,200,0.23,84000,87500,84000,657,55834600,371735258800,4312474
2010/02/01,86100,-100,-0.12,85300,87500,84400,695,59412600,371304011400,4312474
2010/02/02,86400,300,0.35,86100,87200,85600,638,55111900,372597753600,4312474
2010/02/03,85100,-1300,-1.50,87500,87500,85100,995,85900200,366991537400,4312474
2010/02/04,85300,200,0.24,85100,85900,84800,770,65499200,367854032200,4312474
2010/02/05,82500,-2800,-3.28,85000,85800,80100,616,50754800,355779105000,4312474
2010/02/08,84600,2100,2.55,83400,85300,82400,1338,112844000,364835300400,4312474
2010/02/09,86000,1400,1.65,84600,86000,82200,2056,174113400,370872764000,4312474
2010/02/10,86000,0,0.00,87500,87500,86000,1304,112848600,370872764000,4312474
2010/02/11,86500,500,0.58,86000,86500,86000,790,68188500,373029001000,4312474
2010/02/12,87400,900,1.04,86500,87400,86500,1325,115360100,376910227600,4312474
2010/02/16,88500,1100,1.26,87800,89000,83800,2159,190977700,381653949000,4312474
2010/02/17,90900,2400,2.71,89000,91000,89000,2803,254213600,392003886600,4312474
2010/02/18,89900,-1000,-1.10,89900,89900,89900,19,1708100,387691412600,4312474
2010/02/19,91900,2000,2.22,89800,92000,87600,2925,266442000,396316360600,4312474
2010/02/22,90000,-1900,-2.07,91000,91800,90000,1940,177476500,388122660000,4312474
2010/02/23,91300,1300,1.44,90100,91300,90100,502,45665900,393728876200,4312474
2010/02/24,91300,0,0.00,91300,91600,89100,1077,97884300,393728876200,4312474
2010/02/25,91600,300,0.33,91300,91800,90000,1785,163193600,395022618400,4312474
2010/02/26,92500,900,0.98,91600,93800,90500,386,35255700,398903845000,4312474
2010/03/02,95400,2900,3.14,91800,96900,91600,4863,459945200,411410019600,4312474
2010/03/03,93900,-1500,-1.57,95400,95400,92500,352,32966700,404941308600,4312474
2010/03/04,91800,-2100,-2.24,93500,93600,91600,15084,1410252400,395885113200,4312474
2010/03/05,91500,-300,-0.33,91500,92800,90500,479,43786900,394591371000,4312474
2010/03/08,91900,400,0.44,92700,92800,91200,409,37761100,396316360600,4312474
2010/03/09,95000,3100,3.37,92000,95000,91500,6574,623111500,409685030000,4312474
2010/03/10,97000,2000,2.11,95500,100000,93600,5060,490737900,418309978000,4312474
2010/03/11,94600,-2400,-2.47,96900,97000,94500,1080,103394400,407960040400,4312474
2010/03/12,95500,900,0.95,94400,96500,93300,206,19459900,411841267000,4312474
2010/03/15,93000,-2500,-2.62,95300,95300,92500,232,21641800,401060082000,4312474
2010/03/16,93400,400,0.43,92500,94500,92400,149,13860000,402785071600,4312474
2010/03/17,93400,0,0.00,93900,93900,92600,165,15422100,402785071600,4312474
2010/03/18,93900,500,0.54,93900,97900,91200,1123,103678900,404941308600,4312474
2010/03/19,93900,0,0.00,94100,94700,93200,525,49080500,404941308600,4312474
2010/03/22,92800,-1100,-1.17,93800,95000,90000,219,20001200,400197587200,4312474
2010/03/23,94500,1700,1.83,92900,94900,92000,454,41947100,407528793000,4312474
2010/03/24,94000,-500,-0.53,94300,94400,92400,297,27815700,405372556000,4312474
2010/03/25,92900,-1100,-1.17,93900,94900,92500,895,83115300,400628834600,4312474
2010/03/26,93000,100,0.11,92900,93000,91000,376,34610600,401060082000,4312474
2010/03/29,92500,-500,-0.54,92000,92500,91200,526,48307300,398903845000,4312474
2010/03/30,92200,-300,-0.32,92600,94300,88500,4291,390520000,397610102800,4312474
2010/03/31,93900,1700,1.84,92000,94000,91000,3044,278425000,404941308600,4312474
2010/04/01,92000,-1900,-2.02,92900,94000,91700,1946,179175400,396747608000,4312474
2010/04/02,91500,-500,-0.54,91000,92100,91000,44,4010100,394591371000,4312474
2010/04/05,92800,1300,1.42,90400,92900,89000,1308,117558900,400197587200,4312474
2010/04/06,91000,-1800,-1.94,93300,93800,90800,1095,99968800,392435134000,4312474
2010/04/07,89400,-1600,-1.76,90000,90300,89300,515,46129500,385535175600,4312474
2010/04/08,88600,-800,-0.89,89500,89600,88600,579,51500700,382085196400,4312474
2010/04/09,90800,2200,2.48,88700,90900,88200,331,29427300,391572639200,4312474
2010/04/12,88900,-1900,-2.09,89900,90900,88900,95,8512200,383378938600,4312474
2010/04/13,88500,-400,-0.45,89500,91000,88000,1396,124011200,381653949000,4312474
2010/04/14,88500,0,0.00,88500,90400,88400,2653,235413900,381653949000,4312474
2010/04/15,88500,0,0.00,91400,91400,88500,955,84594800,381653949000,4312474
2010/04/16,90500,2000,2.26,90900,90900,88000,403,35689500,390278897000,4312474
2010/04/19,90100,-400,-0.44,91500,91500,88800,62,5542600,388553907400,4312474
2010/04/20,89800,-300,-0.33,90900,90900,88400,3611,319799000,387260165200,4312474
2010/04/21,89500,-300,-0.33,91500,91500,87800,23030,2064654600,385966423000,4312474
2010/04/22,91500,2000,2.23,90000,91800,88900,949,85790300,394591371000,4312474
2010/04/23,92400,900,0.98,92600,92700,91300,290,26647700,398472597600,4312474
2010/04/26,92200,-200,-0.22,92400,93400,90500,2526,233454900,397610102800,4312474
2010/04/27,91200,-1000,-1.08,91000,92600,90500,337,30533400,393297628800,4312474
2010/04/28,93000,1800,1.97,90000,93000,88600,1642,149303800,401060082000,4312474
2010/04/29,89700,-3300,-3.55,92000,92800,89600,566,50969500,386828917800,4312474
2010/04/30,90200,500,0.56,90900,90900,88900,96,8600900,388985154800,4312474
2010/05/03,91400,1200,1.33,88800,91400,88100,422,37622600,394160123600,4312474
2010/05/04,88100,-3300,-3.61,90000,90900,88000,1369,121257100,379928959400,4312474
2010/05/06,87000,-1100,-1.25,86500,87000,85900,541,46639900,375185238000,4312474
2010/05/07,85000,-2000,-2.30,85600,87700,84500,802,68305100,366560290000,4312474
2010/05/10,85800,800,0.94,85200,87200,85200,200,17079400,370010269200,4312474
2010/05/11,84300,-1500,-1.75,85800,86000,84300,252,21401700,363541558200,4312474
2010/05/12,85000,700,0.83,84900,87500,84900,176,15044000,366560290000,4312474
2010/05/13,85900,900,1.06,85000,86400,84500,680,57986000,370441516600,4312474
2010/05/14,87000,1100,1.28,83100,87500,83100,657,56801900,375185238000,4312474
2010/05/17,86500,-500,-0.57,86000,86500,84200,838,71869700,373029001000,4312474
2010/05/18,86500,0,0.00,84700,88500,84500,679,59232700,373029001000,4312474
2010/05/19,84200,-2300,-2.66,88000,88000,84200,188,16131600,363110310800,4312474
2010/05/20,83800,-400,-0.48,84500,85000,83500,1141,96548000,361385321200,4312474
2010/05/24,83500,-300,-0.36,82500,83800,82500,473,39517000,360091579000,4312474
2010/05/25,82500,-1000,-1.20,83000,83500,80700,957,78574200,355779105000,4312474
2010/05/26,81100,-1400,-1.70,81500,81500,80000,2065,166919000,349741641400,4312474
2010/05/27,81700,600,0.74,81100,81800,80500,948,77284300,352329125800,4312474
2010/05/28,83000,1300,1.59,81700,83900,80300,1007,81506600,357935342000,4312474
2010/05/31,83500,500,0.60,83000,84900,81400,563,46802500,360091579000,4312474
2010/06/01,82700,-800,-0.96,83400,83400,82000,200,16540200,356641599800,4312474
2010/06/03,83000,300,0.36,82700,83000,81100,895,73636200,357935342000,4312474
2010/06/04,82800,-200,-0.24,82000,82800,81300,270,22071000,357072847200,4312474
2010/06/07,83000,200,0.24,81000,83000,81000,384,31770700,357935342000,4312474
2010/06/08,83000,0,0.00,82900,83400,82500,852,70604300,357935342000,4312474
2010/06/09,82900,-100,-0.12,82500,83000,82100,126,10393700,357504094600,4312474
2010/06/10,83500,600,0.72,83000,83500,82700,1031,85622500,360091579000,4312474
2010/06/11,83300,-200,-0.24,85000,85000,83200,340,28545400,359229084200,4312474
2010/06/14,83400,100,0.12,83500,83500,83000,466,38781900,359660331600,4312474
2010/06/15,83400,0,0.00,83000,83500,82400,256,21244800,359660331600,4312474
2010/06/16,82700,-700,-0.84,83200,83200,82500,345,28611200,356641599800,4312474
2010/06/17,82100,-600,-0.73,82500,83000,82100,216,17860600,354054115400,4312474
2010/06/18,81800,-300,-0.37,81500,82300,81500,51,4164800,352760373200,4312474
2010/06/21,81900,100,0.12,81100,83000,81100,429,35223300,353191620600,4312474
2010/06/22,82700,800,0.98,83000,83000,82500,1206,99792600,356641599800,4312474
2010/06/23,82400,-300,-0.36,83000,83000,82400,719,59484100,355347857600,4312474
2010/06/24,83500,1100,1.33,82500,84000,82500,733,60994700,360091579000,4312474
2010/06/25,86000,2500,2.99,83100,87000,83100,644,55104300,370872764000,4312474
2010/06/28,87700,1700,1.98,84600,87700,84600,55,4775500,378203969800,4312474
2010/06/29,86300,-1400,-1.60,88000,88200,84700,404,34728400,372166506200,4312474
2010/06/30,86300,0,0.00,85000,86300,83000,995,83651300,372166506200,4312474
2010/07/01,82700,-3600,-4.17,84300,90000,82600,1806,150574100,356641599800,4312474
2010/07/02,83200,500,0.60,82600,85700,82500,713,59042200,358797836800,4312474
2010/07/05,85200,2000,2.40,83900,86700,82000,1796,148715800,367422784800,4312474
2010/07/06,85600,400,0.47,83900,87600,83000,234,19831100,369147774400,4312474
2010/07/07,84900,-700,-0.82,86000,86400,83400,949,80133800,366129042600,4312474
2010/07/08,84400,-500,-0.59,86500,86500,84400,338,28611900,363972805600,4312474
2010/07/09,85000,600,0.71,84500,86300,84400,43,3645200,366560290000,4312474
2010/07/12,87300,2300,2.71,85000,87800,85000,301,26087000,376478980200,4312474
2010/07/13,85900,-1400,-1.60,85000,86600,84600,656,55870000,370441516600,4312474
2010/07/14,84200,-1700,-1.98,84300,85500,83600,763,64429900,363110310800,4312474
2010/07/15,85200,1000,1.19,84000,85400,84000,245,20714900,367422784800,4312474
2010/07/16,88500,3300,3.87,83800,88500,83700,511,43130100,381653949000,4312474
2010/07/19,87800,-700,-0.79,88000,88000,82300,529,44903100,378635217200,4312474
2010/07/20,85900,-1900,-2.16,85900,87600,84900,378,32211700,370441516600,4312474
2010/07/21,85000,-900,-1.05,83900,87300,83400,932,79185700,366560290000,4312474
2010/07/22,84000,-1000,-1.18,84900,85000,83500,384,32277600,362247816000,4312474
2010/07/23,85000,1000,1.19,85200,85300,84000,9015,760806900,366560290000,4312474
2010/07/26,85000,0,0.00,84200,86000,84200,4200,355496400,366560290000,4312474
2010/07/27,85100,100,0.12,85100,86200,85000,606,51637900,366991537400,4312474
2010/07/28,85000,-100,-0.12,85100,86400,84600,105,8919600,366560290000,4312474
2010/07/29,85000,0,0.00,85400,85400,84100,324,27518200,366560290000,4312474
2010/07/30,85600,600,0.71,84200,85600,84200,228,19279400,369147774400,4312474
2010/08/02,85500,-100,-0.12,85600,85600,84000,2368,200361300,368716527000,4312474
2010/08/03,85500,0,0.00,86400,86400,85500,774,66180800,368716527000,4312474
2010/08/04,85500,0,0.00,84900,85600,84900,1570,133637000,368716527000,4312474
2010/08/05,85500,0,0.00,85100,86500,85100,166,14192500,368716527000,4312474
2010/08/06,88200,2700,3.16,85000,94000,84400,4053,352923200,380360206800,4312474
2010/08/09,88200,0,0.00,88200,90000,88100,909,80671300,380360206800,4312474
2010/08/10,88300,100,0.11,88200,88400,88200,104,9182400,380791454200,4312474
2010/08/11,88000,-300,-0.34,88200,88200,87000,886,77873200,379497712000,4312474
2010/08/12,89500,1500,1.70,85100,89500,85100,1436,122581500,385966423000,4312474
2010/08/13,90000,500,0.56,87800,90300,87800,900,80766100,388122660000,4312474
2010/08/16,90000,0,0.00,90100,90400,90000,1212,109176000,388122660000,4312474
2010/08/17,91500,1500,1.67,88900,91500,88900,1195,107562400,394591371000,4312474
2010/08/18,92400,900,0.98,91600,93500,91600,1688,155997200,398472597600,4312474
2010/08/19,93000,600,0.65,90900,93700,90900,389,35739300,401060082000,4312474
2010/08/20,92400,-600,-0.65,91700,93900,91600,109,10094000,398472597600,4312474
2010/08/23,92100,-300,-0.32,91500,92300,91500,4,368000,397178855400,4312474
2010/08/24,91600,-500,-0.54,90200,91900,90200,61,5532500,395022618400,4312474
2010/08/25,92500,900,0.98,90500,92500,88500,644,57522800,398903845000,4312474
2010/08/26,91700,-800,-0.86,92700,93100,90200,420,38464200,395453865800,4312474
2010/08/27,90800,-900,-0.98,92400,92400,90000,507,46287700,391572639200,4312474
2010/08/30,90900,100,0.11,91900,91900,90500,249,22620000,392003886600,4312474
2010/08/31,91900,1000,1.10,89600,92000,89600,427,38497600,396316360600,4312474
2010/09/01,91700,-200,-0.22,89600,91900,89600,171,15479000,395453865800,4312474
2010/09/02,91700,0,0.00,90400,93200,90400,158,14466700,395453865800,4312474
2010/09/03,92800,1100,1.20,91000,93400,90200,408,37198700,400197587200,4312474
2010/09/06,92800,0,0.00,93000,93300,92000,262,24274200,400197587200,4312474
2010/09/07,91600,-1200,-1.29,91600,92800,91600,130,11975400,395022618400,4312474
2010/09/08,91900,300,0.33,91000,92100,91000,170,15598700,396316360600,4312474
2010/09/09,92000,100,0.11,92000,92500,90800,235,21578600,396747608000,4312474
2010/09/10,91000,-1000,-1.09,92900,92900,90300,796,72264500,392435134000,4312474
2010/09/13,91300,300,0.33,90600,92000,90600,114,10369700,393728876200,4312474
2010/09/14,91300,0,0.00,90800,91800,90800,389,35477100,393728876200,4312474
2010/09/15,91900,600,0.66,91100,91900,90300,445,40492600,396316360600,4312474
2010/09/16,90800,-1100,-1.20,92500,92800,88600,453,41101700,391572639200,4312474
2010/09/17,91500,700,0.77,89300,91900,89300,398,36295100,394591371000,4312474
2010/09/20,92000,500,0.55,92900,92900,92000,156,14375500,396747608000,4312474
2010/09/24,96000,4000,4.35,92000,96000,92000,2348,220839600,413997504000,4312474
2010/09/27,98000,2000,2.08,96200,98900,95000,4501,437305100,422622452000,4312474
2010/09/28,96900,-1100,-1.12,97000,98800,96800,303,29417800,417878730600,4312474
2010/09/29,100000,3100,3.20,99800,100000,98000,1219,121244500,431247400000,4312474
2010/09/30,115000,15000,15.00,115000,115000,115000,7844,902060000,495934510000,4312474
2010/10/01,132000,17000,14.78,132000,132000,127000,11807,1557505000,569246568000,4312474
2010/10/04,126500,-5500,-4.17,131000,134500,122500,30897,3921466000,545527961000,4312474
2010/10/05,118500,-8000,-6.32,130000,130000,117500,16245,1994339500,511028169000,4312474
2010/10/06,116000,-2500,-2.11,118500,119500,114000,11802,1374189500,500246984000,4312474
2010/10/07,115000,-1000,-0.86,119000,122000,112500,12462,1449380000,495934510000,4312474
2010/10/08,111500,-3500,-3.04,115000,116000,110500,6766,758708500,480840851000,4312474
2010/10/11,110500,-1000,-0.90,112000,113000,109000,5313,588796000,476528377000,4312474
2010/10/12,108500,-2000,-1.81,109500,110500,105500,6278,674632500,467903429000,4312474
2010/10/13,108500,0,0.00,110500,111500,107000,3438,374966000,467903429000,4312474
2010/10/14,112500,4000,3.69,110000,114500,108000,5706,635030000,485153325000,4312474
2010/10/15,110000,-2500,-2.22,113000,113500,109500,2024,223681000,474372140000,4312474
2010/10/18,108500,-1500,-1.36,108000,112500,106500,13577,1497517500,467903429000,4312474
2010/10/19,109500,1000,0.92,111000,112500,109000,2070,227819500,472215903000,4312474
2010/10/20,112000,2500,2.28,109000,113000,107500,12201,1352371000,482997088000,4312474
2010/10/21,119500,7500,6.70,114000,126500,111500,29748,3462067500,515340643000,4312474
2010/10/22,123500,4000,3.35,118500,125000,118000,7313,903062000,532590539000,4312474
2010/10/25,119500,-4000,-3.24,121000,124500,119500,2815,342863000,515340643000,4312474
2010/10/26,119000,-500,-0.42,119500,121500,118000,1533,182890500,513184406000,4312474
2010/10/27,117000,-2000,-1.68,118000,119000,117000,1490,175555000,504559458000,4312474
2010/10/28,117500,500,0.43,117000,120000,117000,2141,255694500,506715695000,4312474
2010/10/29,118500,1000,0.85,117000,119000,115500,1471,174366500,511028169000,4312474
2010/11/01,116500,-2000,-1.69,116500,118000,116000,519,60559000,502403221000,4312474
2010/11/02,114500,-2000,-1.72,116500,117000,114500,984,113406000,493778273000,4312474
2010/11/03,113500,-1000,-0.87,114000,115000,113500,741,84225500,489465799000,4312474
2010/11/04,115500,2000,1.76,114000,119500,114000,1857,217791000,498090747000,4312474
2010/11/05,118000,2500,2.16,116500,118000,114500,593,68716000,508871932000,4312474
2010/11/08,115500,-2500,-2.12,116500,116500,113000,1142,130924500,498090747000,4312474
2010/11/09,119000,3500,3.03,115500,119000,115500,2127,248589500,513184406000,4312474
2010/11/10,118500,-500,-0.42,118500,119000,117000,1996,234207500,511028169000,4312474
2010/11/11,118000,-500,-0.42,119500,119500,117500,505,59650500,508871932000,4312474
2010/11/12,118500,500,0.42,117000,118500,115000,51870,5967707500,511028169000,4312474
2010/11/15,120000,1500,1.27,118500,122500,118000,1262,152267500,517496880000,4312474
2010/11/16,125500,5500,4.58,135000,135000,125000,2927,373898000,541215487000,4312474
2010/11/17,123000,-2500,-1.99,129000,129000,122000,1537,190840000,530434302000,4312474
2010/11/18,121000,-2000,-1.63,123000,124500,119500,32948,3897813500,521809354000,4312474
2010/11/19,123500,2500,2.07,119500,125500,119500,2182,269945500,532590539000,4312474
2010/11/22,123500,0,0.00,123000,126000,122500,3568,440237500,532590539000,4312474
2010/11/23,120500,-3000,-2.43,122500,125500,120500,1806,220196000,519653117000,4312474
2010/11/24,119000,-1500,-1.24,115000,120500,115000,1691,199850000,513184406000,4312474
2010/11/25,120000,1000,0.84,121000,125000,118500,2797,343809000,517496880000,4312474
2010/11/26,116000,-4000,-3.33,119500,120000,115000,5062,592804000,500246984000,4312474
2010/11/29,117000,1000,0.86,118000,119000,117000,410,48306000,504559458000,4312474
2010/11/30,118000,1000,0.85,118500,118500,117000,336,39577000,508871932000,4312474
2010/12/01,123000,5000,4.24,118000,123000,118000,6476,783679500,530434302000,4312474
2010/12/02,123000,0,0.00,120000,123000,118500,53428,6462485000,530434302000,4312474
2010/12/03,123000,0,0.00,121000,123500,121000,1448,177231000,530434302000,4312474
2010/12/06,125000,2000,1.63,124500,125000,123000,1304,162005000,539059250000,4312474
2010/12/07,124000,-1000,-0.80,126000,129000,123000,1891,237409000,534746776000,4312474
2010/12/08,124000,0,0.00,121500,125500,121500,556,68632000,534746776000,4312474
2010/12/09,127000,3000,2.42,123000,127000,123000,945,118593000,547684198000,4312474
2010/12/10,125500,-1500,-1.18,128000,128000,124500,2473,309921500,541215487000,4312474
2010/12/13,127000,1500,1.20,125000,129000,125000,2932,372519000,547684198000,4312474
2010/12/14,125500,-1500,-1.18,126000,127500,123000,26123,3184272000,541215487000,4312474
2010/12/15,123000,-2500,-1.99,125500,128000,123000,30074,3707400500,530434302000,4312474
2010/12/16,123000,0,0.00,124500,125000,122000,3521,433708500,530434302000,4312474
2010/12/17,125000,2000,1.63,123000,125000,122500,2044,252458500,539059250000,4312474
2010/12/20,124000,-1000,-0.80,123000,125000,121500,2511,306976500,534746776000,4312474
2010/12/21,125000,1000,0.81,124000,125000,123000,4358,540310000,539059250000,4312474
2010/12/22,120000,-5000,-4.00,125000,125500,118500,59198,7118292500,517496880000,4312474
2010/12/23,121500,1500,1.25,119500,121500,119500,43352,5124522500,523965591000,4312474
2010/12/24,122500,1000,0.82,121500,122500,121000,15387,1838632500,528278065000,4312474
2010/12/27,122500,0,0.00,122500,124000,121000,2104,258924000,528278065000,4312474
2010/12/28,121000,-1500,-1.22,121500,121500,117500,54268,6383774000,521809354000,4312474
2010/12/29,117500,-3500,-2.89,121000,121000,117500,24254,2772977500,506715695000,4312474
2010/12/30,116500,-1000,-0.85,116000,116500,115000,8245,955445500,502403221000,4312474
2011/01/03,116000,-500,-0.43,119500,119500,116000,5471,640814500,500246984000,4312474
2011/01/04,116500,500,0.43,115000,118000,114000,4871,564563000,502403221000,4312474
2011/01/05,116500,0,0.00,116000,117000,115500,2380,278862000,502403221000,4312474
2011/01/06,117000,500,0.43,117000,117500,116000,2561,298552500,504559458000,4312474
2011/01/07,118000,1000,0.85,117500,118500,116000,2776,326554500,508871932000,4312474
2011/01/10,117500,-500,-0.42,117000,118000,117000,1532,180060500,506715695000,4312474
2011/01/11,117500,0,0.00,118500,118500,116500,824,96568000,506715695000,4312474
2011/01/12,118000,500,0.43,116500,118000,116000,2775,324881000,508871932000,4312474
2011/01/13,118500,500,0.42,117500,120000,117000,6293,747256500,511028169000,4312474
2011/01/14,120000,1500,1.27,120000,120500,118500,1622,194154500,517496880000,4312474
2011/01/17,124000,4000,3.33,121500,126000,120000,8726,1063048500,534746776000,4312474
2011/01/18,126000,2000,1.61,126000,127500,124000,8246,1053273500,543371724000,4312474
2011/01/19,130000,4000,3.17,130500,130500,126500,9812,1264813500,560621620000,4312474
2011/01/20,128000,-2000,-1.54,128000,130000,126000,7072,907086500,551996672000,4312474
2011/01/21,127000,-1000,-0.78,127000,130500,126000,6109,781742000,547684198000,4312474
2011/01/24,130000,3000,2.36,127500,131500,127000,3387,436863000,560621620000,4312474
2011/01/25,139500,9500,7.31,130500,139500,130500,4992,669290500,601590123000,4312474
2011/01/26,138000,-1500,-1.08,139000,142000,137500,4326,602442000,595121412000,4312474
2011/01/27,146000,8000,5.80,140500,148500,138000,11866,1718379500,629621204000,4312474
2011/01/28,149500,3500,2.40,148000,152000,145000,16104,2381390000,644714863000,4312474
2011/01/31,129000,-8500,-6.18,137000,137000,128000,9331,1233377000,556309146000,4312474
2011/02/01,132000,3000,2.33,129000,132000,124000,9328,1202860500,569246568000,4312474
2011/02/07,132000,0,0.00,133500,138500,128500,8251,1093934000,569246568000,4312474
2011/02/08,131000,-1000,-0.76,134000,134000,129500,2878,376235500,564934094000,4312474
2011/02/09,131000,0,0.00,132000,132500,129000,1769,231285500,564934094000,4312474
2011/02/10,125000,-6000,-4.58,126000,129000,124000,7097,892784000,539059250000,4312474
2011/02/11,119500,-5500,-4.40,124500,124500,118000,11717,1404477500,515340643000,4312474
2011/02/14,122000,2500,2.09,119000,122000,116000,7683,921462000,526121828000,4312474
2011/02/15,115000,-7000,-5.74,127500,129000,113500,20705,2475616500,495934510000,4312474
2011/02/16,115000,0,0.00,112500,116000,112500,2816,322288000,495934510000,4312474
2011/02/17,113000,-2000,-1.74,113500,115000,112000,3262,368830000,487309562000,4312474
2011/02/18,114500,1500,1.33,113000,115000,113000,1325,150466500,493778273000,4312474
2011/02/21,110500,-4000,-3.49,113500,115000,110500,4351,487643000,476528377000,4312474
2011/02/22,110500,0,0.00,110000,111000,108500,5638,618706000,476528377000,4312474
2011/02/23,112000,1500,1.36,109000,113000,108000,6916,756675500,526715952000,4702821
2011/02/24,112500,500,0.45,111500,115000,111000,2021,227340000,529067362500,4702821
2011/02/25,109500,-3000,-2.67,111500,112500,109000,3389,372048000,514958899500,4702821
2011/02/28,110000,500,0.46,108500,111000,108500,1812,198455500,517310310000,4702821
2011/03/02,112500,2500,2.27,110000,115000,110000,4380,493483500,529067362500,4702821
2011/03/03,111500,-1000,-0.89,111500,114500,109500,3553,393178000,524364541500,4702821
2011/03/04,113000,1500,1.35,111500,113000,111000,1342,149927500,531418773000,4702821
2011/03/07,112500,-500,-0.44,112000,113000,111500,1157,129887500,529067362500,4702821
2011/03/08,113000,500,0.44,113000,113000,111500,2528,284194500,531418773000,4702821
2011/03/09,115000,2000,1.77,114000,115500,112000,3771,428911000,540824415000,4702821
2011/03/10,117000,2000,1.74,115000,118500,114000,2491,291068000,550230057000,4702821
2011/03/11,119500,2500,2.14,118000,120500,116000,4772,566057000,561987109500,4702821
2011/03/14,119500,0,0.00,117500,119500,115500,2094,245431000,561987109500,4702821
2011/03/15,118000,-1500,-1.26,119500,119500,111000,4921,574099500,554932878000,4702821
2011/03/16,118000,0,0.00,117500,119000,114500,4399,514668000,554932878000,4702821
2011/03/17,116000,-2000,-1.69,114000,117500,114000,913,105556500,545527236000,4702821
2011/03/18,119500,3500,3.02,117500,119500,114000,5119,601460500,561987109500,4702821
2011/03/21,119000,-500,-0.42,120000,120000,117000,1708,202379000,559635699000,4702821
2011/03/22,117000,-2000,-1.68,118000,119500,117000,1683,198532500,550230057000,4702821
2011/03/23,118000,1000,0.85,118000,119000,116000,1796,210131000,554932878000,4702821
2011/03/24,118000,0,0.00,119000,119000,116000,2896,339139000,554932878000,4702821
2011/03/25,118500,500,0.42,118000,119000,116500,3089,363089500,557284288500,4702821
2011/03/28,119500,1000,0.84,119000,120000,117500,1541,183173000,561987109500,4702821
2011/03/29,118500,-1000,-0.84,119500,119500,117500,2273,269088500,557284288500,4702821
2011/03/30,120000,1500,1.27,118000,121000,117000,10224,1220667000,564338520000,4702821
2011/03/31,130000,10000,8.33,122000,132500,120500,18374,2312711500,611366730000,4702821
2011/04/01,132000,2000,1.54,128500,137000,128500,10144,1342330500,620772372000,4702821
2011/04/04,134000,2000,1.52,132000,136000,130500,4299,574008000,630178014000,4702821
2011/04/05,134000,0,0.00,131500,134500,130500,5140,680187500,630178014000,4702821
2011/04/06,130500,-3500,-2.61,132500,134000,130500,1591,210408000,613718140500,4702821
2011/04/07,123000,-7500,-5.75,128000,128000,121000,15097,1875290000,578446983000,4702821
2011/04/08,125500,2500,2.03,125000,126500,122500,7364,912076500,590204035500,4702821
2011/04/11,128500,3000,2.39,125000,128500,122500,4210,526321500,604312498500,4702821
2011/04/12,128500,0,0.00,131000,131500,127000,9827,1271100500,604312498500,4702821
2011/04/13,130000,1500,1.17,131000,131500,128500,6925,898219000,611366730000,4702821
2011/04/14,135000,5000,3.85,126000,139000,126000,31012,4124907500,634880835000,4702821
2011/04/15,139000,4000,2.96,139000,146000,138000,58530,8218628000,653692119000,4702821
2011/04/18,139000,0,0.00,0,0,0,0,0,653692119000,4702821
2011/04/19,139000,0,0.00,0,0,0,0,0,653692119000,4702821
2011/04/20,139000,0,0.00,0,0,0,0,0,653692119000,4702821
2011/04/21,139000,0,0.00,0,0,0,0,0,653692119000,4702821
2011/04/22,139000,0,0.00,0,0,0,0,0,653692119000,4702821
2011/04/25,139000,0,0.00,0,0,0,0,0,653692119000,4702821
2011/04/26,139000,0,0.00,0,0,0,0,0,653692119000,4702821
2011/04/27,139000,0,0.00,0,0,0,0,0,653692119000,4702821
2011/04/28,139000,0,0.00,0,0,0,0,0,653692119000,4702821
2011/04/29,139000,0,0.00,0,0,0,0,0,653692119000,4702821
2011/05/02,139000,0,0.00,0,0,0,0,0,653692119000,4702821
2011/05/03,139000,0,0.00,0,0,0,0,0,653692119000,4702821
2011/05/04,14500,600,4.32,15700,15900,14100,2157386,32709535400,681909045000,47028210
2011/05/06,13200,-1300,-8.97,14150,14150,12850,512827,6929412700,620772372000,47028210
2011/05/09,12200,-1000,-7.58,13500,13500,12000,349817,4411022400,573744162000,47028210
2011/05/11,11750,-450,-3.69,12200,12450,11750,230196,2784956500,552581467500,47028210
2011/05/12,12500,750,6.38,11550,13000,11550,287964,3558316400,587852625000,47028210
2011/05/13,12800,300,2.40,12300,13050,12050,165416,2093472800,601961088000,47028210
2011/05/16,12250,-550,-4.30,12900,12900,12100,99481,1227651750,576095572500,47028210
2011/05/17,12250,0,0.00,12100,12350,12000,141875,1734072650,576095572500,47028210
2011/05/18,12450,200,1.63,12350,12750,12050,90067,1108271700,585501214500,47028210
2011/05/19,12650,200,1.61,12650,12700,12300,90340,1132564000,594906856500,47028210
2011/05/20,13200,550,4.35,12950,13400,12500,101189,1306370800,620772372000,47028210
2011/05/23,12800,-400,-3.03,13200,13200,12700,43257,557362100,601961088000,47028210
2011/05/24,12350,-450,-3.52,12800,12800,12200,33289,412765150,580798393500,47028210
2011/05/25,12450,100,0.81,12150,12550,12100,33471,413428450,585501214500,47028210
2011/05/26,12650,200,1.61,12450,12650,12250,56800,708280500,594906856500,47028210
2011/05/27,12500,-150,-1.19,12550,13000,12500,35660,450914000,587852625000,47028210
2011/05/30,12650,150,1.20,12500,12950,12300,41780,526999000,594906856500,47028210
2011/05/31,12700,50,0.40,12750,12750,12300,42665,532437500,597258267000,47028210
2011/06/01,13200,500,3.94,12700,13300,12350,103650,1344701000,620772372000,47028210
2011/06/02,13400,200,1.52,12700,13400,12700,48380,632864500,630178014000,47028210
2011/06/03,13450,50,0.37,13400,13550,13150,49440,663498500,632529424500,47028210
2011/06/07,13200,-250,-1.86,13450,13450,13000,21400,281931500,620772372000,47028210
2011/06/08,13200,0,0.00,13200,13350,13000,25790,339819000,620772372000,47028210
2011/06/09,13250,50,0.38,12850,13350,12850,58940,771495500,623123782500,47028210
2011/06/10,13250,0,0.00,13250,14000,13250,119252,1610268000,623123782500,47028210
2011/06/13,13250,0,0.00,13200,13750,13150,48910,658959000,623123782500,47028210
2011/06/14,13700,450,3.40,13300,13900,13300,94800,1292646500,644286477000,47028210
2011/06/15,13750,50,0.36,13700,14100,13550,124216,1719619000,646637887500,47028210
2011/06/16,13700,-50,-0.36,13750,13750,13450,71124,969549100,644286477000,47028210
2011/06/17,13700,0,0.00,13850,14200,13350,116343,1592710600,644286477000,47028210
2011/06/20,13800,100,0.73,13850,13900,13500,81935,1131338900,648989298000,47028210
2011/06/21,14350,550,3.99,14100,14650,13950,228161,3284196350,674854813500,47028210
2011/06/22,14300,-50,-0.35,14700,14800,14300,124381,1806057800,672503403000,47028210
2011/06/23,14000,-300,-2.10,14200,14600,14000,112289,1601385500,658394940000,47028210
2011/06/24,15100,1100,7.86,14100,15200,14050,215211,3217495850,710125971000,47028210
2011/06/27,14900,-200,-1.32,14950,15750,14700,358652,5466680300,700720329000,47028210
2011/06/28,15000,100,0.67,15200,15250,14700,115961,1737674200,705423150000,47028210
2011/06/29,15050,50,0.33,15000,15350,14850,57467,864187500,707774560500,47028210
2011/06/30,15500,450,2.99,15150,15550,14750,86814,1314257500,728937255000,47028210
2011/07/01,15450,-50,-0.32,15700,15700,15200,53191,818588450,726585844500,47028210
2011/07/04,15200,-250,-1.62,15300,15450,14850,104970,1586792500,714828792000,47028210
2011/07/05,15200,0,0.00,15300,15350,15000,38430,582649500,714828792000,47028210
2011/07/06,15100,-100,-0.66,15300,15400,14900,85710,1290003500,710125971000,47028210
2011/07/07,15050,-50,-0.33,15050,15150,14850,71776,1076582050,707774560500,47028210
2011/07/08,15100,50,0.33,14950,15250,14450,126630,1890355150,710125971000,47028210
2011/07/11,15050,-50,-0.33,15150,15150,14700,35840,535401500,707774560500,47028210
2011/07/12,15050,0,0.00,14750,15100,14600,65767,978906850,707774560500,47028210
2011/07/13,15100,50,0.33,15050,15200,14850,151973,2281419150,710125971000,47028210
2011/07/14,15700,600,3.97,15150,15700,14950,158040,2423930500,738342897000,47028210
2011/07/15,15950,250,1.59,15700,16300,15500,144938,2300355750,750099949500,47028210
2011/07/18,15800,-150,-0.94,15900,16000,15700,63307,1002303100,743045718000,47028210
2011/07/19,16100,300,1.90,15800,16100,15800,66160,1057156000,757154181000,47028210
2011/07/20,16300,200,1.24,16100,16450,15850,120212,1941031200,766559823000,47028210
2011/07/21,16550,250,1.53,16400,16650,16050,76632,1269693600,778316875500,47028210
2011/07/22,16300,-250,-1.51,16550,16700,16150,69069,1132668950,766559823000,47028210
2011/07/25,16150,-150,-0.92,16350,16350,16000,59085,959466250,759505591500,47028210
2011/07/26,16950,800,4.95,16400,17300,16200,176607,2976856650,797128159500,47028210
2011/07/27,17400,450,2.65,17000,17500,16750,87701,1513141900,818290854000,47028210
2011/07/28,18300,900,5.17,17250,18300,16900,172115,3067075000,860616243000,47028210
2011/07/29,18400,100,0.55,18350,18500,17900,115147,2103602900,865319064000,47028210
2011/08/01,18350,-50,-0.27,18400,18600,18050,86086,1574634100,862967653500,47028210
2011/08/02,18300,-50,-0.27,18500,18800,17850,85672,1573684200,860616243000,47028210
2011/08/03,17700,-600,-3.28,17900,18100,17550,103597,1834213000,832399317000,47028210
2011/08/04,17650,-50,-0.28,17850,18300,17000,118292,2092724800,830047906500,47028210
2011/08/05,17350,-300,-1.70,16700,17550,16000,109770,1868489000,815939443500,47028210
2011/08/08,17000,-350,-2.02,17050,17300,15950,125181,2079569500,799479570000,47028210
2011/08/09,15950,-1050,-6.18,16250,16550,14900,108658,1726755150,750099949500,47028210
2011/08/10,16050,100,0.63,16900,16900,15900,106928,1733300000,754802770500,47028210
2011/08/11,16050,0,0.00,15750,16500,15100,69327,1112676600,754802770500,47028210
2011/08/12,16750,700,4.36,16400,16950,16300,80040,1334539500,787722517500,47028210
2011/08/16,17100,350,2.09,16900,17550,16750,62320,1060445000,804182391000,47028210
2011/08/17,17250,150,0.88,16900,17400,16800,62530,1082281500,811236622500,47028210
2011/08/18,17450,200,1.16,17850,17850,17150,89039,1548793850,820642264500,47028210
2011/08/19,17100,-350,-2.01,16950,17250,16600,57721,985769100,804182391000,47028210
2011/08/22,17150,50,0.29,17000,17300,16200,93628,1564705700,806533801500,47028210
2011/08/23,17600,450,2.62,17200,17600,16850,57170,982484500,827696496000,47028210
2011/08/24,17500,-100,-0.57,17800,17800,17300,60665,1064743000,822993675000,47028210
2011/08/25,17650,150,0.86,17800,17800,17400,106543,1877783300,830047906500,47028210
2011/08/26,17300,-350,-1.98,17600,17700,17100,49791,863926150,813588033000,47028210
2011/08/29,17200,-100,-0.58,17600,17600,17100,40623,697681100,808885212000,47028210
2011/08/30,17450,250,1.45,17800,18700,17250,191274,3427034800,820642264500,47028210
2011/08/31,17600,150,0.86,17200,17800,16900,71691,1249350950,827696496000,47028210
2011/09/01,17550,-50,-0.28,17600,17850,17250,80830,1419843000,825345085500,47028210
2011/09/02,18000,450,2.56,17600,18000,17450,69830,1238353000,846507780000,47028210
2011/09/05,17950,-50,-0.28,17700,18400,17500,74031,1328312300,844156369500,47028210
2011/09/06,17800,-150,-0.84,17950,18050,17400,59090,1053067000,837102138000,47028210
2011/09/07,17850,50,0.28,18050,18150,17700,48679,869149650,839453548500,47028210
2011/09/08,18050,200,1.12,17900,18050,17450,47679,849275950,848859190500,47028210
2011/09/09,17900,-150,-0.83,18150,18200,17800,32666,586892900,841804959000,47028210
2011/09/14,17850,-50,-0.28,17600,18100,17600,26270,469241500,839453548500,47028210
2011/09/15,17950,100,0.56,17850,18100,17700,30228,541834100,844156369500,47028210
2011/09/16,18400,450,2.51,18000,18700,17900,68383,1249846000,865319064000,47028210
2011/09/19,18200,-200,-1.09,18250,18700,18150,29710,544131100,855913422000,47028210
2011/09/20,18500,300,1.65,18350,18600,17600,77841,1405327000,870021885000,47028210
2011/09/21,18500,0,0.00,18550,18550,18000,65980,1206195500,870021885000,47028210
2011/09/22,18700,200,1.08,18150,18800,18050,84310,1565155500,879427527000,47028210
2011/09/23,18500,-200,-1.07,18700,18750,18250,44546,824380000,870021885000,47028210
2011/09/26,17250,-1250,-6.76,18400,18450,17250,86150,1535964500,811236622500,47028210
2011/09/27,17050,-200,-1.16,17650,17800,16950,120740,2074857000,801830980500,47028210
2011/09/28,16450,-600,-3.52,17450,17450,16400,145290,2436238000,773614054500,47028210
2011/09/29,17200,750,4.56,16500,17200,16350,43291,730201700,808885212000,47028210
2011/09/30,17000,-200,-1.16,17150,17250,16750,32761,556396500,799479570000,47028210
2011/10/04,16950,-50,-0.29,16400,16950,15800,52265,858226750,797128159500,47028210
2011/10/05,16500,-450,-2.65,16600,16750,16250,48031,790984000,775965465000,47028210
2011/10/06,16650,150,0.91,16400,17000,16400,82530,1377323500,783019696500,47028210
2011/10/07,16900,250,1.50,17300,17300,16700,34801,584810650,794776749000,47028210
2011/10/10,16850,-50,-0.30,17150,17150,16600,31380,526236000,792425338500,47028210
2011/10/11,17200,350,2.08,17000,17400,17000,33010,568430500,808885212000,47028210
2011/10/12,17100,-100,-0.58,17100,17300,17000,26719,456358900,804182391000,47028210
2011/10/13,17150,50,0.29,17200,17200,16900,47630,811879500,806533801500,47028210
2011/10/14,17100,-50,-0.29,17300,17300,16900,13340,226932500,804182391000,47028210
2011/10/17,17150,50,0.29,17100,17300,17000,24540,419983000,806533801500,47028210
2011/10/18,17200,50,0.29,17150,17200,16950,35306,603509200,808885212000,47028210
2011/10/19,17100,-100,-0.58,17250,17650,16900,60446,1037799850,804182391000,47028210
2011/10/20,17550,450,2.63,17250,18000,17100,85948,1516033400,825345085500,47028210
2011/10/21,19400,1850,10.54,18400,20050,18150,320254,6124222050,912347274000,47028210
2011/10/24,18050,-1350,-6.96,19000,19350,17700,377010,6873122650,848859190500,47028210
2011/10/25,16600,-1450,-8.03,18250,18250,16550,280220,4747997500,780668286000,47028210
2011/10/26,16650,50,0.30,16750,17000,16350,92023,1537935750,783019696500,47028210
2011/10/27,17050,400,2.40,16950,17150,16700,65077,1104038500,801830980500,47028210
2011/10/28,17050,0,0.00,17050,17150,16700,83953,1423566150,801830980500,47028210
2011/10/31,17200,150,0.88,17050,17200,16800,51326,876126950,808885212000,47028210
2011/11/01,17100,-100,-0.58,17050,17350,16700,73371,1251289400,804182391000,47028210
2011/11/02,16500,-600,-3.51,16500,16950,16500,60964,1014094900,775965465000,47028210
2011/11/03,16500,0,0.00,16750,16800,16350,19400,321181000,775965465000,47028210
2011/11/04,16700,200,1.21,16550,17200,16550,38960,657077500,785371107000,47028210
2011/11/07,16650,-50,-0.30,16750,16950,16550,16244,270806000,783019696500,47028210
2011/11/08,17050,400,2.40,16950,17150,16800,40804,695106800,801830980500,47028210
2011/11/09,17150,100,0.59,17000,17200,16850,18160,310245000,806533801500,47028210
2011/11/10,17050,-100,-0.58,16800,17100,16650,28979,490912050,801830980500,47028210
2011/11/11,17100,50,0.29,17100,17100,16900,11650,198196500,804182391000,47028210
2011/11/14,17100,0,0.00,17100,17550,16950,42424,730157400,804182391000,47028210
2011/11/15,17000,-100,-0.58,17100,17150,16950,35191,599196500,799479570000,47028210
2011/11/16,16650,-350,-2.06,17000,17050,16650,24112,405340300,783019696500,47028210
2011/11/17,16900,250,1.50,16850,16900,16450,18070,303613000,794776749000,47028210
2011/11/18,16900,0,0.00,17000,17000,16750,21938,370791700,794776749000,47028210
2011/11/21,16500,-400,-2.37,16900,16900,16450,16702,276486300,775965465000,47028210
2011/11/22,15950,-550,-3.33,16150,16500,15900,25161,405749950,750099949500,47028210
2011/11/23,15400,-550,-3.45,16000,16050,15050,47808,732143200,724234434000,47028210
2011/11/24,14800,-600,-3.90,15400,15500,14800,28532,431947800,696017508000,47028210
2011/11/25,14650,-150,-1.01,14800,14800,14100,68908,993841200,688963276500,47028210
2011/11/28,14550,-100,-0.68,14500,14800,14400,35767,521511850,684260455500,47028210
2011/11/29,14750,200,1.37,14550,14900,14500,32382,476175000,693666097500,47028210
2011/11/30,16800,2050,13.90,14850,16950,14650,216242,3597428450,790073928000,47028210
2011/12/01,16050,-750,-4.46,17050,17200,15800,94706,1537092550,754802770500,47028210
2011/12/02,15050,-1000,-6.23,16200,16200,14950,94124,1430408200,707774560500,47028210
2011/12/05,15150,100,0.66,15300,15550,15050,43222,655332300,712477381500,47028210
2011/12/06,15150,0,0.00,15400,15400,15150,42930,652128500,712477381500,47028210
2011/12/07,15000,-150,-0.99,15100,15300,15000,68366,1032974500,705423150000,47028210
2011/12/08,15050,50,0.33,15050,15350,15000,64551,978483550,707774560500,47028210
2011/12/09,14950,-100,-0.66,15200,15200,14950,35030,526328000,703071739500,47028210
2011/12/12,14900,-50,-0.33,15250,15250,14900,39257,589794800,700720329000,47028210
2011/12/13,14800,-100,-0.67,14900,15000,14750,69060,1028137000,696017508000,47028210
2011/12/14,14350,-450,-3.04,15000,15000,14250,47230,682215000,674854813500,47028210
2011/12/15,13700,-650,-4.53,14350,14350,13700,54131,760758100,644286477000,47028210
2011/12/16,13750,50,0.36,13950,14250,13550,69434,954541900,646637887500,47028210
2011/12/19,13200,-550,-4.00,13950,14050,11950,157505,2073757550,620772372000,47028210
2011/12/20,14100,900,6.82,13400,14350,13400,43599,607313450,663097761000,47028210
2011/12/21,13950,-150,-1.06,14400,14400,13900,21611,306746950,656043529500,47028210
2011/12/22,14000,50,0.36,13950,14050,13750,11971,166632500,658394940000,47028210
2011/12/23,14250,250,1.79,13850,14350,13850,199060,2703794500,670151992500,47028210
2011/12/26,14600,350,2.46,14300,14750,14300,56700,827781500,686611866000,47028210
2011/12/27,14800,200,1.37,14800,14950,14450,53642,794159100,696017508000,47028210
2011/12/28,14700,-100,-0.68,14450,14750,14450,19833,289867650,691314687000,47028210
2011/12/29,14800,100,0.68,14300,14800,14100,20510,297101000,696017508000,47028210
2012/01/02,14500,-300,-2.03,14800,14800,14150,37733,545251000,681909045000,47028210
2012/01/03,14000,-500,-3.45,14450,14550,14000,28592,406562500,658394940000,47028210
2012/01/04,13800,-200,-1.43,14050,14100,13750,44076,609711850,648989298000,47028210
2012/01/05,13750,-50,-0.36,14050,14050,13750,29753,412770750,646637887500,47028210
2012/01/06,13850,100,0.73,13850,14200,13750,51208,713024300,651340708500,47028210
2012/01/09,13800,-50,-0.36,14000,14000,13650,17700,244290500,648989298000,47028210
2012/01/10,13800,0,0.00,13950,14000,13650,21591,298627600,648989298000,47028210
2012/01/11,13800,0,0.00,13900,14050,13800,25080,348235000,648989298000,47028210
2012/01/12,14000,200,1.45,13750,14050,13650,24840,343060000,658394940000,47028210
2012/01/13,13750,-250,-1.79,14000,14000,13750,50500,695290000,646637887500,47028210
2012/01/16,13800,50,0.36,13750,13850,13450,33050,450382500,648989298000,47028210
2012/01/17,13550,-250,-1.81,13700,13750,13300,79561,1077516750,637232245500,47028210
2012/01/18,13150,-400,-2.95,13450,13650,13150,54170,724396000,618420961500,47028210
2012/01/19,13200,50,0.38,13250,13350,13050,51053,672006100,620772372000,47028210
2012/01/20,13350,150,1.14,13400,13550,13200,33104,443469400,627826603500,47028210
2012/01/25,13650,300,2.25,13550,13850,13350,33123,452315950,641935066500,47028210
2012/01/26,13600,-50,-0.37,13650,13800,13450,27030,367183500,639583656000,47028210
2012/01/27,13450,-150,-1.10,13600,13800,13450,41770,565619500,632529424500,47028210
2012/01/30,13400,-50,-0.37,13600,13600,13350,19830,266326500,630178014000,47028210
2012/01/31,13550,150,1.12,13600,13600,13350,11625,156284400,637232245500,47028210
2012/02/01,13950,400,2.95,13550,13950,13550,45426,626045200,656043529500,47028210
2012/02/02,13600,-350,-2.51,13950,14000,13550,46029,629289400,639583656000,47028210
2012/02/03,13700,100,0.74,13600,13800,13500,39335,537539000,644286477000,47028210
2012/02/06,13700,0,0.00,13800,13900,13550,58416,800309200,644286477000,47028210
2012/02/07,13650,-50,-0.36,13700,13850,13550,37439,512078350,641935066500,47028210
2012/02/08,13700,50,0.37,13650,13850,13650,45580,626533500,644286477000,47028210
2012/02/09,13750,50,0.36,13800,14000,13700,43454,601330800,646637887500,47028210
2012/02/10,13850,100,0.73,13850,13950,13700,41121,569545850,651340708500,47028210
2012/02/13,14250,400,2.89,14000,14700,13850,120705,1714334450,670151992500,47028210
2012/02/14,14050,-200,-1.40,14400,14500,13950,47430,671334300,660746350500,47028210
2012/02/15,14100,50,0.36,14050,14350,13900,64141,897423400,663097761000,47028210
2012/02/16,14150,50,0.35,13950,14300,13950,24707,349966550,665449171500,47028210
2012/02/17,14300,150,1.06,14250,14350,14200,33973,485519900,672503403000,47028210
2012/02/20,14400,100,0.70,14250,14450,14000,22351,319598150,677206224000,47028210
2012/02/21,14300,-100,-0.69,14250,14450,14200,13649,195224200,672503403000,47028210
2012/02/22,14250,-50,-0.35,14600,14600,13950,28740,410797000,670151992500,47028210
2012/02/23,14200,-50,-0.35,14350,14350,13950,33990,483197500,667800582000,47028210
2012/02/24,14500,300,2.11,14200,14500,13950,24730,352498500,681909045000,47028210
2012/02/27,14550,50,0.34,14500,14550,14200,54372,783492600,684260455500,47028210
2012/02/28,14300,-250,-1.72,14250,14550,14100,22261,319621050,672503403000,47028210
2012/02/29,14300,0,0.00,14400,14600,14300,17188,248090100,672503403000,47028210
2012/03/02,14350,50,0.35,14300,14400,14050,30805,441031250,674854813500,47028210
2012/03/05,14350,0,0.00,14150,14400,14100,17060,242944500,674854813500,47028210
2012/03/06,14200,-150,-1.05,14450,14500,14150,34090,490034000,667800582000,47028210
2012/03/07,14300,100,0.70,14250,14400,14050,26850,383724000,672503403000,47028210
2012/03/08,14300,0,0.00,14400,14400,14200,19313,276162900,672503403000,47028210
2012/03/09,14000,-300,-2.10,14500,14500,14000,24718,350920950,658394940000,47028210
2012/03/12,13700,-300,-2.14,14000,14100,13700,29852,413699900,644286477000,47028210
2012/03/13,13500,-200,-1.46,13650,13700,13300,29101,391114000,634880835000,47028210
2012/03/14,13550,50,0.37,13500,13600,13300,18152,244026600,637232245500,47028210
2012/03/15,13800,250,1.85,13600,13800,13400,7540,102642500,648989298000,47028210
2012/03/16,15000,1200,8.70,13550,15850,13500,289248,4297068600,705423150000,47028210
2012/03/19,14150,-850,-5.67,14500,14650,14000,35630,508704500,665449171500,47028210
2012/03/20,13700,-450,-3.18,14100,14350,13550,34100,471287000,644286477000,47028210
2012/03/21,13500,-200,-1.46,13500,13650,13350,41950,564808500,634880835000,47028210
2012/03/22,13550,50,0.37,13400,13550,13300,42580,570934500,637232245500,47028210
2012/03/23,13600,50,0.37,13350,13650,13200,28334,377990400,639583656000,47028210
2012/03/26,13100,-500,-3.68,13550,13550,13100,22456,297178400,616069551000,47028210
2012/03/27,13250,150,1.15,13250,13350,12600,37316,482944000,623123782500,47028210
2012/03/28,13000,-250,-1.89,13250,13250,12600,54596,706077500,611366730000,47028210
2012/03/29,12800,-200,-1.54,13000,13000,12500,45824,578418700,601961088000,47028210
2012/03/30,13000,200,1.56,12800,13000,12550,40135,511243500,611366730000,47028210
2012/04/02,13100,100,0.77,13000,13100,12800,9715,126146400,616069551000,47028210
2012/04/03,13000,-100,-0.76,13050,13100,12800,13610,176371000,611366730000,47028210
2012/04/04,12900,-100,-0.77,12800,13000,12800,21010,270661500,606663909000,47028210
2012/04/05,13100,200,1.55,12850,13100,12700,15251,196569200,616069551000,47028210
2012/04/06,12900,-200,-1.53,13200,13200,12800,16780,216522500,606663909000,47028210
2012/04/09,13500,600,4.65,12900,13600,12800,16470,219389000,634880835000,47028210
2012/04/10,13650,150,1.11,13600,13700,13200,19820,267874000,641935066500,47028210
2012/04/12,13000,-650,-4.76,13450,13450,13000,20007,262246300,611366730000,47028210
2012/04/13,12900,-100,-0.77,12950,13100,12850,21155,273067500,606663909000,47028210
2012/04/16,12700,-200,-1.55,12900,12900,12700,21470,273494500,597258267000,47028210
2012/04/17,12850,150,1.18,12700,13000,12700,29530,379578500,604312498500,47028210
2012/04/18,12950,100,0.78,13000,13000,12800,30619,404110550,609015319500,47028210
2012/04/19,13000,50,0.39,12950,13050,12850,54480,707948000,611366730000,47028210
2012/04/20,13050,50,0.38,12850,13100,12850,8031,104431550,613718140500,47028210
2012/04/23,13000,-50,-0.38,12950,13250,12950,8705,114095500,611366730000,47028210
2012/04/24,12900,-100,-0.77,13000,13150,12850,20124,261229300,606663909000,47028210
2012/04/25,12750,-150,-1.16,13150,13150,12700,65450,873080000,599609677500,47028210
2012/04/26,13000,250,1.96,13000,13000,12750,44273,574061500,611366730000,47028210
2012/04/27,12900,-100,-0.77,13100,13150,12800,15383,199515200,606663909000,47028210
2012/04/30,12900,0,0.00,13000,13150,12800,41831,539203400,606663909000,47028210
2012/05/02,13100,200,1.55,12900,13100,12900,21060,275411500,616069551000,47028210
2012/05/03,13100,0,0.00,13100,13250,12900,51081,668022600,616069551000,47028210
2012/05/04,13250,150,1.15,13100,13250,12950,17375,227590250,623123782500,47028210
2012/05/07,13150,-100,-0.75,13000,13150,12950,4740,61940000,618420961500,47028210
2012/05/08,13050,-100,-0.76,13200,13250,12950,8780,114127500,613718140500,47028210
2012/05/09,12800,-250,-1.92,13050,13050,12800,17603,225646900,601961088000,47028210
2012/05/10,12950,150,1.17,13100,13100,12650,12861,164042450,609015319500,47028210
2012/05/11,12900,-50,-0.39,12950,12950,12650,20135,256816500,606663909000,47028210
2012/05/14,12750,-150,-1.16,12900,12950,12700,3151,40327250,599609677500,47028210
2012/05/15,13050,300,2.35,12800,13050,12700,26644,345703350,613718140500,47028210
2012/05/16,12700,-350,-2.68,13000,13050,12700,17610,225405500,597258267000,47028210
2012/05/17,12300,-400,-3.15,12750,12900,12300,12700,159929000,578446983000,47028210
2012/05/18,12600,300,2.44,12100,12600,12100,8568,106308300,592555446000,47028210
2012/05/21,12800,200,1.59,12600,12800,12300,11361,141818800,601961088000,47028210
2012/05/22,12600,-200,-1.56,12650,12850,12300,18427,230025200,592555446000,47028210
2012/05/23,12600,0,0.00,12600,12700,12300,16477,204869400,592555446000,47028210
2012/05/24,12600,0,0.00,12650,12700,12300,17810,221719000,592555446000,47028210
2012/05/25,12650,50,0.40,12400,12650,12400,7240,90630500,594906856500,47028210
2012/05/29,12600,-50,-0.40,12400,12600,12350,15761,196729600,592555446000,47028210
2012/05/30,12050,-550,-4.37,12450,12450,12050,12592,154587750,566689930500,47028210
2012/05/31,12650,600,4.98,12100,12700,11950,28610,352310500,594906856500,47028210
2012/06/01,13100,450,3.56,12450,13150,12450,13591,173925900,616069551000,47028210
2012/06/04,12900,-200,-1.53,12650,13000,12000,9690,123830000,606663909000,47028210
2012/06/05,13000,100,0.78,12600,13050,12600,10593,136853500,611366730000,47028210
2012/06/07,13200,200,1.54,13000,13300,12950,47798,626980100,620772372000,47028210
2012/06/08,13250,50,0.38,13050,13250,12950,6590,86370500,623123782500,47028210
2012/06/11,13400,150,1.13,13250,13450,12950,16936,224683100,630178014000,47028210
2012/06/12,13550,150,1.12,13300,13750,13200,28252,383788600,637232245500,47028210
2012/06/13,13650,100,0.74,13700,13850,13550,18346,251476900,641935066500,47028210
2012/06/14,13650,0,0.00,13750,13800,13600,18769,257518350,641935066500,47028210
2012/06/15,13400,-250,-1.83,13800,13900,13400,58534,792740500,630178014000,47028210
2012/06/18,14000,600,4.48,13500,14050,13500,26940,371427500,658394940000,47028210
2012/06/19,14150,150,1.07,13800,14250,13800,34233,479577250,665449171500,47028210
2012/06/20,14350,200,1.41,14050,14450,14000,12630,179971500,674854813500,47028210
2012/06/21,14350,0,0.00,14350,14400,14000,11345,161773250,674854813500,47028210
2012/06/22,14000,-350,-2.44,14100,14350,13850,24451,345156000,658394940000,47028210
2012/06/25,14300,300,2.14,13950,14300,13400,19639,276021200,672503403000,47028210
2012/06/26,14200,-100,-0.70,14250,14250,13900,15325,215394500,667800582000,47028210
2012/06/27,14100,-100,-0.70,14300,14300,13900,30500,429126000,663097761000,47028210
2012/06/28,14350,250,1.77,13950,14350,13900,8201,116523200,674854813500,47028210
2012/06/29,14450,100,0.70,14300,14450,14100,15140,216930000,679557634500,47028210
2012/07/02,14500,50,0.35,14350,14600,14350,6115,88605000,681909045000,47028210
2012/07/03,14300,-200,-1.38,14300,14500,14150,9852,140305100,672503403000,47028210
2012/07/04,14250,-50,-0.35,14350,14350,13800,22050,308973000,670151992500,47028210
2012/07/05,14150,-100,-0.70,13950,14250,13900,5640,79373500,665449171500,47028210
2012/07/06,14200,50,0.35,13950,14300,13950,8995,126271500,667800582000,47028210
2012/07/09,13800,-400,-2.82,14000,14100,13800,6180,85991500,648989298000,47028210
2012/07/10,14050,250,1.81,13850,14150,13850,4580,64163000,660746350500,47028210
2012/07/11,14150,100,0.71,14000,14650,13850,13620,193654650,665449171500,47028210
2012/07/12,14200,50,0.35,14100,14400,14050,1502,21281400,667800582000,47028210
2012/07/13,14250,50,0.35,14300,14300,14000,10500,147942500,670151992500,47028210
2012/07/16,14000,-250,-1.75,14400,14400,13600,2619,36762000,658394940000,47028210
2012/07/17,14350,350,2.50,13950,14400,13950,11341,162086350,674854813500,47028210
2012/07/18,14250,-100,-0.70,14150,14400,14100,5443,77899750,670151992500,47028210
2012/07/19,14550,300,2.11,14300,14550,14250,10180,146839000,684260455500,47028210
2012/07/20,14400,-150,-1.03,14400,14550,14250,5170,74622000,677206224000,47028210
2012/07/23,14350,-50,-0.35,14300,14400,14050,8090,115241000,674854813500,47028210
2012/07/24,14050,-300,-2.09,14400,14400,14050,2146,30611250,660746350500,47028210
2012/07/25,14050,0,0.00,14000,14050,13850,3074,42871700,660746350500,47028210
2012/07/26,14250,200,1.42,14200,14250,13950,4210,59343500,670151992500,47028210
2012/07/27,14100,-150,-1.05,14300,14500,14100,11816,169435400,663097761000,47028210
2012/07/30,14050,-50,-0.35,14400,14400,14000,16180,228554000,660746350500,47028210
2012/07/31,14400,350,2.49,14350,14400,14000,7900,113027500,677206224000,47028210
2012/08/01,14300,-100,-0.69,14100,14350,14100,17430,249219000,672503403000,47028210
2012/08/02,14300,0,0.00,14100,14300,14100,2800,39930000,672503403000,47028210
2012/08/03,14300,0,0.00,14300,14350,14150,10921,156044800,672503403000,47028210
2012/08/06,14300,0,0.00,14350,14400,14200,21390,305978500,672503403000,47028210
2012/08/07,14250,-50,-0.35,14150,14250,13850,29950,420807000,670151992500,47028210
2012/08/08,14250,0,0.00,14350,14350,14000,13690,193910000,670151992500,47028210
2012/08/09,14250,0,0.00,14250,14350,14100,7010,99892500,670151992500,47028210
2012/08/10,14200,-50,-0.35,14100,14300,14050,7421,105023250,667800582000,47028210
2012/08/13,14250,50,0.35,14300,14300,14000,5434,76906000,670151992500,47028210
2012/08/14,14200,-50,-0.35,14300,14300,14050,3300,46666500,667800582000,47028210
2012/08/16,14200,0,0.00,14200,14200,13950,16561,232844150,667800582000,47028210
2012/08/17,14200,0,0.00,14200,14200,14050,10150,143498000,667800582000,47028210
2012/08/20,14200,0,0.00,14250,14350,14200,22102,315948900,667800582000,47028210
2012/08/21,14150,-50,-0.35,14250,14250,13950,20976,294961900,665449171500,47028210
2012/08/22,13600,-550,-3.89,14050,14050,13600,42577,584092700,639583656000,47028210
2012/08/23,13800,200,1.47,13650,13900,13550,24093,330745900,648989298000,47028210
2012/08/24,13500,-300,-2.17,13600,13700,13450,18204,246254000,634880835000,47028210
2012/08/27,13800,300,2.22,13500,13950,13400,11122,152635100,648989298000,47028210
2012/08/28,13900,100,0.72,13700,14100,13700,15376,214719400,653692119000,47028210
2012/08/29,13950,50,0.36,13900,14200,13700,38339,537262550,656043529500,47028210
2012/08/30,13900,-50,-0.36,14200,14200,13800,43590,606024000,653692119000,47028210
2012/08/31,13600,-300,-2.16,13850,13950,13600,18380,253198000,639583656000,47028210
2012/09/03,13750,150,1.10,13650,13850,13600,9060,124536000,646637887500,47028210
2012/09/04,13850,100,0.73,13650,14000,13550,13541,187312350,651340708500,47028210
2012/09/05,14000,150,1.08,13650,14000,13650,17380,240549000,658394940000,47028210
2012/09/06,14000,0,0.00,13950,14100,13750,39285,546323250,658394940000,47028210
2012/09/07,13950,-50,-0.36,14050,14150,13900,14234,199302300,656043529500,47028210
2012/09/10,14000,50,0.36,13850,14100,13850,11175,156568050,658394940000,47028210
2012/09/11,14100,100,0.71,13850,14200,13850,12191,171557100,663097761000,47028210
2012/09/12,14300,200,1.42,14100,14550,14000,59238,848316900,672503403000,47028210
2012/09/13,14150,-150,-1.05,14300,14500,13950,38270,540356500,665449171500,47028210
2012/09/14,14100,-50,-0.35,14150,14500,13950,11460,161436500,663097761000,47028210
2012/09/17,14250,150,1.06,14200,14300,13950,15471,218506250,670151992500,47028210
2012/09/18,14600,350,2.46,14350,14650,14250,16409,237535400,686611866000,47028210
2012/09/19,15200,600,4.11,14600,15200,14550,46097,690120900,714828792000,47028210
2012/09/20,14950,-250,-1.64,15000,15250,14700,17305,257991750,703071739500,47028210
2012/09/21,15350,400,2.68,14650,15650,14650,39542,606537050,721883023500,47028210
2012/09/24,15700,350,2.28,15350,15700,15100,23144,358554800,738342897000,47028210
2012/09/25,15600,-100,-0.64,15550,15750,15400,20884,326409400,733640076000,47028210
2012/09/26,15900,300,1.92,15550,15900,15500,44907,709578000,747748539000,47028210
2012/09/27,16000,100,0.63,15950,16150,15800,33768,540495400,752451360000,47028210
2012/09/28,16400,400,2.50,16250,16600,15900,41181,675816900,771262644000,47028210
2012/10/02,16450,50,0.30,16100,16700,16000,29510,484647750,773614054500,47028210
2012/10/04,16400,-50,-0.30,16500,16500,16000,51858,851400200,771262644000,47028210
2012/10/05,16700,300,1.83,16250,16850,16200,281833,4556927650,785371107000,47028210
2012/10/08,17300,600,3.59,16900,17550,16850,104192,1794397900,813588033000,47028210
2012/10/09,17300,0,0.00,17300,17600,17100,37541,652752100,813588033000,47028210
2012/10/10,17250,-50,-0.29,17000,17300,17000,20755,357395750,811236622500,47028210
2012/10/11,16800,-450,-2.61,17250,17250,16650,13001,219761300,790073928000,47028210
2012/10/12,17300,500,2.98,16800,17400,16800,93449,1621077200,813588033000,47028210
2012/10/15,17250,-50,-0.29,17650,17750,17000,61102,1067006000,811236622500,47028210
2012/10/16,17300,50,0.29,17200,17500,16800,21620,369495000,813588033000,47028210
2012/10/17,17000,-300,-1.73,17300,17400,16850,15821,270890000,799479570000,47028210
2012/10/18,16850,-150,-0.88,17000,17150,16500,17870,301561500,792425338500,47028210
2012/10/19,16800,-50,-0.30,17150,17150,16600,115999,2015617550,790073928000,47028210
2012/10/22,16600,-200,-1.19,16850,16950,16500,20237,339228900,780668286000,47028210
2012/10/23,16700,100,0.60,16600,16900,16400,21541,358330600,785371107000,47028210
2012/10/24,17450,750,4.49,16450,17500,16450,45235,774463250,820642264500,47028210
2012/10/25,16950,-500,-2.87,17500,17600,16950,26952,469229350,797128159500,47028210
2012/10/26,16800,-150,-0.88,16950,17050,16300,59940,1024639000,790073928000,47028210
2012/10/29,16800,0,0.00,16600,16850,16450,11835,198672500,790073928000,47028210
2012/10/30,16500,-300,-1.79,16300,16900,16050,28502,468712500,775965465000,47028210
2012/10/31,17000,500,3.03,16850,17000,16550,42424,713971000,799479570000,47028210
2012/11/01,17000,0,0.00,17300,17300,16800,27210,466034000,799479570000,47028210
2012/11/02,16950,-50,-0.29,17000,17150,16900,9991,170103950,797128159500,47028210
2012/11/05,17000,50,0.29,17100,17100,16450,14910,252744500,799479570000,47028210
2012/11/06,17000,0,0.00,16800,17100,16750,8785,148660950,799479570000,47028210
2012/11/07,16850,-150,-0.88,16900,16900,16650,101327,1631877500,792425338500,47028210
2012/11/08,16600,-250,-1.48,16600,16700,16400,12790,212055000,780668286000,47028210
2012/11/09,16600,0,0.00,16300,16800,16300,23274,385323900,780668286000,47028210
2012/11/12,16250,-350,-2.11,16900,16900,16100,14532,235526500,764208412500,47028210
2012/11/13,16000,-250,-1.54,16100,16250,15950,22749,364193500,752451360000,47028210
2012/11/14,16050,50,0.31,16300,16300,15700,8667,137975800,754802770500,47028210
2012/11/15,16000,-50,-0.31,15700,16250,15700,14953,240209500,752451360000,47028210
2012/11/16,16000,0,0.00,16000,16000,15800,3963,63213500,752451360000,47028210
2012/11/19,16000,0,0.00,15700,16000,15150,34434,533061550,752451360000,47028210
2012/11/20,15850,-150,-0.94,16200,16200,15600,8769,139061650,745397128500,47028210
2012/11/21,15500,-350,-2.21,15850,16050,15350,31534,490080300,728937255000,47028210
2012/11/22,15350,-150,-0.97,15600,15600,15050,24949,378985500,721883023500,47028210
2012/11/23,15500,150,0.98,15350,15500,15100,6830,104769000,728937255000,47028210
2012/11/26,15550,50,0.32,15700,15800,15500,11529,180360450,731288665500,47028210
2012/11/27,15550,0,0.00,15550,15700,15250,14700,226363500,731288665500,47028210
2012/11/28,15500,-50,-0.32,15250,15600,15250,11064,171790500,728937255000,47028210
2012/11/29,15950,450,2.90,15350,15950,15200,7676,119714600,750099949500,47028210
2012/11/30,15500,-450,-2.82,15300,16000,15300,10716,169975500,728937255000,47028210
2012/12/03,15400,-100,-0.65,16000,16000,15300,14214,220546100,724234434000,47028210
2012/12/04,15650,250,1.62,16000,16000,15550,5029,79536850,735991486500,47028210
2012/12/05,15600,-50,-0.32,15550,15850,15550,12089,190497400,733640076000,47028210
2012/12/06,15300,-300,-1.92,15550,15750,15300,7930,123138000,719531613000,47028210
2012/12/07,15300,0,0.00,15300,15700,15200,9149,140830200,719531613000,47028210
2012/12/10,15400,100,0.65,15300,15500,15000,6551,99715900,724234434000,47028210
2012/12/11,15300,-100,-0.65,15200,15700,15200,3952,61393600,719531613000,47028210
2012/12/12,15300,0,0.00,15300,15500,15050,13810,210207500,719531613000,47028210
2012/12/13,15300,0,0.00,15300,15500,15100,19186,292776300,719531613000,47028210
2012/12/14,15200,-100,-0.65,15300,15350,15000,16917,256492900,714828792000,47028210
2012/12/17,15250,50,0.33,15300,15700,15100,1724,26222500,717180202500,47028210
2012/12/18,15000,-250,-1.64,15150,15200,14950,128730,1931169500,705423150000,47028210
2012/12/20,15000,0,0.00,15000,15150,14950,4198,63131000,705423150000,47028210
2012/12/21,15400,400,2.67,14950,15500,14950,11350,171726000,724234434000,47028210
2012/12/24,15500,100,0.65,15400,15700,15350,4201,64904450,728937255000,47028210
2012/12/26,15800,300,1.94,15700,15800,15450,8744,136869200,743045718000,47028210
2012/12/27,15100,-700,-4.43,15800,15800,15050,12532,192478700,710125971000,47028210
2012/12/28,15350,250,1.66,15150,15500,15150,11820,181270500,721883023500,47028210
2013/01/02,15350,0,0.00,15350,15600,15150,18680,287933000,721883023500,47028210
2013/01/03,15100,-250,-1.63,15350,15350,14850,16553,249909300,710125971000,47028210
2013/01/04,15000,-100,-0.66,15250,15250,14900,69922,1065128750,705423150000,47028210
2013/01/07,14900,-100,-0.67,15200,15200,14800,44597,662468800,700720329000,47028210
2013/01/08,14500,-400,-2.68,14800,14800,14400,88229,1270799850,681909045000,47028210
2013/01/09,14250,-250,-1.72,14600,14700,14200,84250,1205291000,670151992500,47028210
2013/01/10,14000,-250,-1.75,14450,14450,14000,47369,673149500,658394940000,47028210
2013/01/11,14250,250,1.79,14050,14300,13950,78340,1100399500,670151992500,47028210
2013/01/14,14500,250,1.75,14700,14950,14300,66684,977473500,681909045000,47028210
2013/01/15,14300,-200,-1.38,14750,14750,14100,64150,913509000,672503403000,47028210
2013/01/16,14300,0,0.00,14250,14500,14100,35856,509652800,672503403000,47028210
2013/01/17,14500,200,1.40,14300,14550,14050,41132,587440500,681909045000,47028210
2013/01/18,14550,50,0.34,14700,14700,14250,25608,369655900,684260455500,47028210
2013/01/21,14250,-300,-2.06,14550,14550,14050,43700,622654000,670151992500,47028210
2013/01/22,13950,-300,-2.11,14450,14450,13800,89179,1244400550,656043529500,47028210
2013/01/23,14050,100,0.72,13950,14050,13650,51023,706423200,660746350500,47028210
2013/01/24,13950,-100,-0.71,14100,14100,13850,9132,127898900,656043529500,47028210
2013/01/25,13950,0,0.00,13900,14000,13800,9140,127171500,656043529500,47028210
2013/01/28,13900,-50,-0.36,13900,14000,13850,8102,112772300,653692119000,47028210
2013/01/29,13850,-50,-0.36,14150,14150,13800,18177,251987950,651340708500,47028210
2013/01/30,14150,300,2.17,13900,14150,13850,15992,224009000,665449171500,47028210
2013/01/31,14150,0,0.00,14150,14150,14000,44387,626049550,665449171500,47028210
2013/02/01,14000,-150,-1.06,14200,14200,13900,7761,108576500,658394940000,47028210
2013/02/04,13850,-150,-1.07,13900,14000,13800,12731,176771850,651340708500,47028210
2013/02/05,13700,-150,-1.08,13800,13900,13650,8042,110332400,644286477000,47028210
2013/02/06,13900,200,1.46,13650,14050,13650,19160,265952000,653692119000,47028210
2013/02/07,13950,50,0.36,14100,14100,13750,14004,194855800,656043529500,47028210
2013/02/08,13750,-200,-1.43,14000,14000,13750,10760,148976000,646637887500,47028210
2013/02/12,13900,150,1.09,14050,14050,13750,1661,22931400,653692119000,47028210
2013/02/13,13850,-50,-0.36,13950,13950,13700,22450,309250000,651340708500,47028210
2013/02/14,13800,-50,-0.36,13850,13950,13700,11662,160843600,648989298000,47028210
2013/02/15,14100,300,2.17,13800,14300,13800,22508,317122300,663097761000,47028210
2013/02/18,14100,0,0.00,14350,14350,14050,23090,326159500,663097761000,47028210
2013/02/19,14500,400,2.84,14100,14550,14100,26252,377450500,681909045000,47028210
2013/02/20,14350,-150,-1.03,14500,14600,14250,22090,319689000,674854813500,47028210
2013/02/21,14500,150,1.05,14500,14600,14350,23783,345932500,681909045000,47028210
2013/02/22,14500,0,0.00,14500,14550,14350,9344,135288550,681909045000,47028210
2013/02/25,14100,-400,-2.76,14750,14750,14100,25363,361321800,663097761000,47028210
2013/02/26,14250,150,1.06,14100,14300,13850,19546,275085000,670151992500,47028210
2013/02/27,14300,50,0.35,14200,14500,14000,9305,132782000,672503403000,47028210
2013/02/28,14550,250,1.75,14300,14550,14300,8311,120348550,684260455500,47028210
2013/03/04,14700,150,1.03,14700,14700,14400,18537,270671900,691314687000,47028210
2013/03/05,14750,50,0.34,14700,14800,14650,15130,223175500,693666097500,47028210
2013/03/06,14900,150,1.02,14800,14900,14650,14090,208776500,700720329000,47028210
2013/03/07,14900,0,0.00,14950,14950,14750,12507,185789800,700720329000,47028210
2013/03/08,15300,400,2.68,14650,15300,14650,49660,750569500,719531613000,47028210
2013/03/11,15150,-150,-0.98,15300,15300,14950,21400,323802150,712477381500,47028210
2013/03/12,15150,0,0.00,15150,15300,14900,20241,305646150,712477381500,47028210
2013/03/13,15150,0,0.00,15100,15200,14900,20872,314693300,712477381500,47028210
2013/03/14,15750,600,3.96,15150,16000,15050,119260,1865539500,740694307500,47028210
2013/03/15,15750,0,0.00,15550,15800,15450,45775,717454250,740694307500,47028210
2013/03/18,16350,600,3.81,15600,16550,15600,129489,2109481850,768911233500,47028210
2013/03/19,16600,250,1.53,16150,16700,16150,56811,937881850,780668286000,47028210
2013/03/20,17000,400,2.41,16450,17100,16350,75840,1282824500,799479570000,47028210
2013/03/21,17400,400,2.35,17000,17400,16650,50975,874736400,818290854000,47028210
2013/03/22,17550,150,0.86,17400,17550,16950,81161,1405058050,825345085500,47028210
2013/03/25,17550,0,0.00,17550,17550,17200,48070,838670000,825345085500,47028210
2013/03/26,17550,0,0.00,17350,17550,17100,41329,721226750,825345085500,47028210
2013/03/27,17450,-100,-0.57,17350,17500,17250,23123,401768150,820642264500,47028210
2013/03/28,17600,150,0.86,17450,17600,17200,30943,537988800,827696496000,47028210
2013/03/29,17600,0,0.00,17600,17700,17250,43703,765489300,827696496000,47028210
2013/04/01,17700,100,0.57,17600,17700,17400,16806,295604700,832399317000,47028210
2013/04/02,17800,100,0.56,17700,17800,17400,48621,857081800,837102138000,47028210
2013/04/03,18000,200,1.12,17800,18000,17550,39825,708217000,846507780000,47028210
2013/04/04,18150,150,0.83,17850,18150,17650,41860,750856000,853562011500,47028210
2013/04/05,17150,-1000,-5.51,18050,18050,15900,185932,3110769600,806533801500,47028210
2013/04/08,17100,-50,-0.29,16750,17300,16500,1617486,26725973100,804182391000,47028210
2013/04/09,16950,-150,-0.88,17300,17300,16400,30260,509704500,797128159500,47028210
2013/04/10,16850,-100,-0.59,16950,17000,16600,40252,679047400,792425338500,47028210
2013/04/11,16850,0,0.00,16850,17000,16500,34860,586035000,792425338500,47028210
2013/04/12,17450,600,3.56,16750,17800,16650,171213,2955113250,820642264500,47028210
2013/04/15,17550,100,0.57,17650,17700,17300,79766,1398340700,825345085500,47028210
2013/04/16,17200,-350,-1.99,17450,17650,16950,124215,2147371000,808885212000,47028210
2013/04/17,17400,200,1.16,17300,17400,17050,144350,2491554800,818290854000,47028210
2013/04/18,17850,450,2.59,17400,17950,17200,124442,2203381200,839453548500,47028210
2013/04/19,17800,-50,-0.28,17900,17900,17400,68669,1220321200,837102138000,47028210
2013/04/22,17550,-250,-1.40,17950,17950,17250,53575,941352350,825345085500,47028210
2013/04/23,17600,50,0.28,17400,17600,17250,69060,1203609500,827696496000,47028210
2013/04/24,17550,-50,-0.28,17650,17700,17300,83221,1453500550,825345085500,47028210
2013/04/25,17200,-350,-1.99,17650,17650,17150,50152,868024400,808885212000,47028210
2013/04/26,17200,0,0.00,17200,17500,17100,104868,1805048600,808885212000,47028210
2013/04/29,17150,-50,-0.29,17200,17350,17100,39179,674111000,806533801500,47028210
2013/04/30,17100,-50,-0.29,17100,17300,16800,66957,1135542350,804182391000,47028210
2013/05/02,17050,-50,-0.29,17200,17200,16900,13146,223194350,801830980500,47028210
2013/05/03,17100,50,0.29,16900,17200,16800,79919,1361671900,804182391000,47028210
2013/05/06,16900,-200,-1.17,17050,17200,16800,115424,1962483600,794776749000,47028210
2013/05/07,17050,150,0.89,16850,17100,16550,77337,1307488850,801830980500,47028210
2013/05/08,17000,-50,-0.29,16850,17150,16850,87330,1483681000,799479570000,47028210
2013/05/09,17000,0,0.00,17000,17150,16800,41909,709630000,799479570000,47028210
2013/05/10,16700,-300,-1.76,16950,16950,16700,64790,1083187000,785371107000,47028210
2013/05/13,16250,-450,-2.69,16800,16800,15800,91448,1483099500,764208412500,47028210
2013/05/14,16400,150,0.92,16350,16400,16200,37685,614262500,771262644000,47028210
2013/05/15,16350,-50,-0.30,16450,16550,16100,36540,597938500,768911233500,47028210
2013/05/16,16300,-50,-0.31,16300,16550,15950,57661,937072700,766559823000,47028210
2013/05/20,16100,-200,-1.23,16500,16500,16100,49722,807265700,757154181000,47028210
2013/05/21,16250,150,0.93,16000,16250,16000,41250,666100000,764208412500,47028210
2013/05/22,16250,0,0.00,16250,16500,15400,97950,1550885000,764208412500,47028210
2013/05/23,16000,-250,-1.54,16400,16400,15850,37530,602232500,752451360000,47028210
2013/05/24,16000,0,0.00,15850,16050,15850,40160,642388500,752451360000,47028210
2013/05/27,15700,-300,-1.88,16000,16000,15350,124850,1955142500,738342897000,47028210
2013/05/28,15750,50,0.32,15900,15950,15550,39830,626144500,740694307500,47028210
2013/05/29,16200,450,2.86,16000,16450,15750,25880,418127000,761857002000,47028210
2013/05/30,15650,-550,-3.40,16200,16350,15650,64890,1000797000,735991486500,47028210
2013/05/31,16250,600,3.83,15850,16500,15800,52628,846171900,764208412500,47028210
2013/06/03,16750,500,3.08,16400,16750,15800,32311,531918750,787722517500,47028210
2013/06/04,16200,-550,-3.28,16750,16750,16050,78864,1287783300,761857002000,47028210
2013/06/05,15800,-400,-2.47,15800,16100,15500,77292,1216295100,743045718000,47028210
2013/06/07,15750,-50,-0.32,15800,15850,15400,55793,873634250,740694307500,47028210
2013/06/10,16000,250,1.59,15750,16000,15600,22787,362162500,752451360000,47028210
2013/06/11,15700,-300,-1.88,15800,16000,15650,35736,565396200,738342897000,47028210
2013/06/12,15750,50,0.32,15600,15850,15550,21685,339533750,740694307500,47028210
2013/06/13,15750,0,0.00,15750,15850,15450,28337,444589250,740694307500,47028210
2013/06/14,15550,-200,-1.27,15650,16050,15550,36830,581214500,731288665500,47028210
2013/06/17,15750,200,1.29,15550,15750,15350,18500,287878500,740694307500,47028210
2013/06/18,15850,100,0.63,15600,15850,15450,27051,423023350,745397128500,47028210
2013/06/19,15550,-300,-1.89,15900,16050,15550,22590,355761500,731288665500,47028210
2013/06/20,15100,-450,-2.89,15300,15550,15100,49351,756440600,710125971000,47028210
2013/06/21,15300,200,1.32,14900,15500,14900,28933,442696900,719531613000,47028210
2013/06/24,14900,-400,-2.61,15300,15300,14900,28210,425976000,700720329000,47028210
2013/06/25,14950,50,0.34,14750,15150,14700,21050,313479500,703071739500,47028210
2013/06/26,15200,250,1.67,15000,15250,14800,23572,355124900,714828792000,47028210
2013/06/27,15250,50,0.33,15250,15300,14800,55357,834669250,717180202500,47028210
2013/06/28,15450,200,1.31,15100,15450,15100,14619,224105700,726585844500,47028210
2013/07/01,15950,500,3.24,15450,16300,15300,103166,1648280200,750099949500,47028210
2013/07/02,15450,-500,-3.13,16150,16150,15450,28732,449467900,726585844500,47028210
2013/07/03,14900,-550,-3.56,15450,15600,14900,53808,811050400,700720329000,47028210
2013/07/04,14200,-700,-4.70,14900,15050,13950,133461,1908874850,667800582000,47028210
2013/07/05,14200,0,0.00,14200,14400,14000,343769,4820324300,667800582000,47028210
2013/07/08,14050,-150,-1.06,14100,14300,13850,34290,479119000,660746350500,47028210
2013/07/09,14100,50,0.36,14100,14100,13750,44041,615719050,663097761000,47028210
2013/07/10,14100,0,0.00,14100,14150,14000,26089,367715900,663097761000,47028210
2013/07/11,14200,100,0.71,14250,14250,14000,38480,542707500,667800582000,47028210
2013/07/12,14200,0,0.00,14200,14300,14000,40339,569782800,667800582000,47028210
2013/07/15,13950,-250,-1.76,14250,14300,13700,102492,1425317900,656043529500,47028210
2013/07/16,13750,-200,-1.43,13850,14100,13450,98527,1353278400,646637887500,47028210
2013/07/17,13900,150,1.09,13850,13950,13650,56910,783889000,653692119000,47028210
2013/07/18,13650,-250,-1.80,13850,13950,13500,104589,1425603500,641935066500,47028210
2013/07/19,13500,-150,-1.10,13600,13650,13400,74905,1011689500,634880835000,47028210
2013/07/22,13800,300,2.22,13400,13950,13400,100488,1381446900,648989298000,47028210
2013/07/23,13750,-50,-0.36,13800,13950,13600,68195,942834750,646637887500,47028210
2013/07/24,13600,-150,-1.09,13750,13850,13550,55321,754558600,639583656000,47028210
2013/07/25,13600,0,0.00,13650,13750,13400,80861,1093335100,639583656000,47028210
2013/07/26,13650,50,0.37,13550,13700,13450,27135,368703250,641935066500,47028210
2013/07/29,13900,250,1.83,13650,13950,13600,38640,535789000,653692119000,47028210
2013/07/30,13850,-50,-0.36,14000,14000,13750,87090,1212049500,651340708500,47028210
2013/07/31,14550,700,5.05,13850,14750,13800,120762,1738435600,684260455500,47028210
2013/08/01,14800,250,1.72,14550,15100,14550,109966,1640923800,696017508000,47028210
2013/08/02,15200,400,2.70,14900,15350,14900,74530,1129257000,714828792000,47028210
2013/08/05,15600,400,2.63,15250,15650,15150,67889,1046868900,733640076000,47028210
2013/08/06,15150,-450,-2.88,15500,15550,14950,71304,1079923700,712477381500,47028210
2013/08/07,15050,-100,-0.66,15150,15300,14800,38510,581916500,707774560500,47028210
2013/08/08,15000,-50,-0.33,15050,15250,15000,24432,368822500,705423150000,47028210
2013/08/09,15350,350,2.33,15000,15350,14950,26283,397309550,721883023500,47028210
2013/08/12,15400,50,0.33,15350,15400,15100,30830,473232000,724234434000,47028210
2013/08/13,15450,50,0.32,15250,15550,15000,32905,504960250,726585844500,47028210
2013/08/14,15100,-350,-2.27,15250,15450,15100,9660,146492500,710125971000,47028210
2013/08/16,14800,-300,-1.99,15000,15000,14600,36645,542180500,696017508000,47028210
2013/08/19,14600,-200,-1.35,14650,14700,14450,40480,590739500,686611866000,47028210
2013/08/20,14450,-150,-1.03,14450,14650,14200,44292,637024900,679557634500,47028210
2013/08/21,14500,50,0.35,14450,14600,14250,34590,500184500,681909045000,47028210
2013/08/22,13950,-550,-3.79,14300,14500,13950,54245,776313500,656043529500,47028210
2013/08/23,14250,300,2.15,14050,14400,13950,33568,476722400,670151992500,47028210
2013/08/26,13950,-300,-2.11,14400,14400,13950,67451,951070250,656043529500,47028210
2013/08/27,13850,-100,-0.72,13950,14050,13800,20410,284059000,651340708500,47028210
2013/08/28,13450,-400,-2.89,13600,13700,13400,63357,857065150,632529424500,47028210
2013/08/29,12750,-700,-5.20,13550,13600,12600,296240,3833783350,599609677500,47028210
2013/08/30,13900,1150,9.02,12850,13900,12750,211101,2821073600,653692119000,47028210
2013/09/02,13900,0,0.00,13700,14050,13500,42650,588795000,653692119000,47028210
2013/09/03,14400,500,3.60,13700,14500,13700,128654,1832354800,677206224000,47028210
2013/09/04,14250,-150,-1.04,14400,14500,13950,30991,438355350,670151992500,47028210
2013/09/05,14350,100,0.70,14250,14500,14250,30266,432292100,674854813500,47028210
2013/09/06,14150,-200,-1.39,14350,14450,14000,59081,845877650,665449171500,47028210
2013/09/09,13950,-200,-1.41,14150,14150,13850,25130,351109500,656043529500,47028210
2013/09/10,13950,0,0.00,13950,14350,13750,65131,904926950,656043529500,47028210
2013/09/11,13800,-150,-1.08,13900,14100,13600,155956,2144972300,648989298000,47028210
2013/09/12,13650,-150,-1.09,13850,13900,13500,129140,1766420500,641935066500,47028210
2013/09/13,13900,250,1.83,13650,14050,13650,80065,1115016000,653692119000,47028210
2013/09/16,13900,0,0.00,13950,14050,13800,27730,385766000,653692119000,47028210
2013/09/17,14050,150,1.08,13900,14100,13750,30160,421185000,660746350500,47028210
2013/09/23,14150,100,0.71,13950,14250,13950,45891,649156050,665449171500,47028210
2013/09/24,13700,-450,-3.18,14050,14150,13600,80676,1112610700,644286477000,47028210
2013/09/25,13500,-200,-1.46,13700,13800,13200,159337,2140435000,634880835000,47028210
2013/09/26,13550,50,0.37,13500,13600,13350,39241,529418050,637232245500,47028210
2013/09/27,13750,200,1.48,13650,13750,13550,23058,315044700,646637887500,47028210
2013/09/30,13850,100,0.73,13750,14000,13600,46920,649561500,651340708500,47028210
2013/10/01,13650,-200,-1.44,13850,13850,13600,23490,322360000,641935066500,47028210
2013/10/02,13750,100,0.73,13700,13800,13650,14740,202086500,646637887500,47028210
2013/10/04,13600,-150,-1.09,13600,13700,13450,11000,149032000,639583656000,47028210
2013/10/07,13150,-450,-3.31,13600,13600,13100,72256,960401400,618420961500,47028210
2013/10/08,13200,50,0.38,13200,13300,13050,16001,210969800,620772372000,47028210
2013/10/10,13150,-50,-0.38,13300,13350,13050,23960,315235000,618420961500,47028210
2013/10/11,13400,250,1.90,13350,13400,13150,10640,142113450,630178014000,47028210
2013/10/14,13450,50,0.37,13400,13600,13400,15254,205872800,632529424500,47028210
2013/10/15,13400,-50,-0.37,13500,13550,13350,20910,281067000,630178014000,47028210
2013/10/16,13400,0,0.00,13400,13550,13300,28253,378975200,630178014000,47028210
2013/10/17,13300,-100,-0.75,13500,13500,13150,37086,495080800,625475193000,47028210
2013/10/18,13250,-50,-0.38,13300,13350,13200,26400,348930100,623123782500,47028210
2013/10/21,13400,150,1.13,13250,13400,13200,8372,111664800,630178014000,47028210
2013/10/22,13450,50,0.37,13300,13500,13300,40922,547929900,632529424500,47028210
2013/10/23,13400,-50,-0.37,13400,13500,13350,27670,371679500,630178014000,47028210
2013/10/24,13300,-100,-0.75,13400,13450,13250,19730,263499500,625475193000,47028210
2013/10/25,13450,150,1.13,13350,13450,13300,30782,411281900,632529424500,47028210
2013/10/28,13250,-200,-1.49,13450,13450,13250,28280,375968000,623123782500,47028210
2013/10/29,13250,0,0.00,13250,13400,13200,19757,261913200,623123782500,47028210
2013/10/30,13250,0,0.00,13300,13350,13100,225072,2903812000,623123782500,47028210
2013/10/31,13200,-50,-0.38,13150,13350,13100,25339,334478000,620772372000,47028210
2013/11/01,13200,0,0.00,13200,13300,13150,60799,802767800,620772372000,47028210
2013/11/04,13200,0,0.00,13300,13300,13050,36090,473710500,620772372000,47028210
2013/11/05,13050,-150,-1.14,13200,13200,13050,47320,620620000,613718140500,47028210
2013/11/06,13100,50,0.38,13050,13200,12950,42853,558286800,616069551000,47028210
2013/11/07,13000,-100,-0.76,13100,13100,12900,153212,1989939000,611366730000,47028210
2013/11/08,13050,50,0.38,12900,13100,12800,44352,574113600,613718140500,47028210
2013/11/11,12750,-300,-2.30,13050,13150,12750,28264,363506200,599609677500,47028210
2013/11/12,12850,100,0.78,12750,12850,12600,58613,745720550,604312498500,47028210
2013/11/13,12600,-250,-1.95,12850,12850,12600,190658,2420488300,592555446000,47028210
2013/11/14,12450,-150,-1.19,12700,12800,12300,80441,1001539450,585501214500,47028210
2013/11/15,12750,300,2.41,12400,12800,12250,69841,872576250,599609677500,47028210
2013/11/18,12450,-300,-2.35,12700,12700,12400,34580,432082500,585501214500,47028210
2013/11/19,12450,0,0.00,12400,12550,12200,44151,545602950,585501214500,47028210
2013/11/20,12300,-150,-1.20,12300,12500,12200,76600,942361500,578446983000,47028210
2013/11/21,12000,-300,-2.44,12350,12350,11900,84143,1011309350,564338520000,47028210
2013/11/22,12100,100,0.83,12050,12200,11750,79451,946907500,569041341000,47028210
2013/11/25,12150,50,0.41,12100,12300,12050,37247,452152300,571392751500,47028210
2013/11/26,12350,200,1.65,12200,12450,12050,35082,431846300,580798393500,47028210
2013/11/27,12800,450,3.64,12350,13000,12350,59050,751348500,601961088000,47028210
2013/11/28,12900,100,0.78,12900,13000,12700,51708,664026200,606663909000,47028210
2013/11/29,13300,400,3.10,12850,13400,12850,53865,712816500,625475193000,47028210
2013/12/02,13100,-200,-1.50,13300,13300,13000,35001,455770200,616069551000,47028210
2013/12/03,13150,50,0.38,13050,13300,13000,40883,536205450,618420961500,47028210
2013/12/04,13050,-100,-0.76,12950,13150,12950,23684,309388200,613718140500,47028210
2013/12/05,13000,-50,-0.38,13100,13200,12700,23855,308406250,611366730000,47028210
2013/12/06,13050,50,0.38,13000,13200,12850,19140,250566850,613718140500,47028210
2013/12/09,12900,-150,-1.15,13000,13300,12900,24358,318953200,606663909000,47028210
2013/12/10,12800,-100,-0.78,13000,13000,12650,23462,299638100,601961088000,47028210
2013/12/11,12550,-250,-1.95,12800,12800,12550,32921,415192700,590204035500,47028210
2013/12/12,12450,-100,-0.80,12400,12600,12400,28039,350165250,585501214500,47028210
2013/12/13,12500,50,0.40,12450,12500,12300,25412,315420500,587852625000,47028210
2013/12/16,12650,150,1.20,12500,12700,12400,31700,400185000,594906856500,47028210
2013/12/17,12750,100,0.79,12700,12750,12550,12902,163744000,599609677500,47028210
2013/12/18,12750,0,0.00,12650,12750,12600,13971,177373750,599609677500,47028210
2013/12/19,12900,150,1.18,12650,12950,12650,39041,500628900,606663909000,47028210
2013/12/20,12900,0,0.00,13000,13000,12750,19613,252208100,606663909000,47028210
2013/12/23,12800,-100,-0.78,12800,12950,12650,32529,415364150,601961088000,47028210
2013/12/24,12800,0,0.00,12800,12950,12700,17451,224126300,601961088000,47028210
2013/12/26,12750,-50,-0.39,12900,12950,12700,29093,371591250,599609677500,47028210
2013/12/27,12500,-250,-1.96,12700,12700,12400,43834,548672000,587852625000,47028210
2013/12/30,12450,-50,-0.40,12500,12500,12350,22391,277335850,585501214500,47028210
2014/01/02,12250,-200,-1.61,12350,12400,12100,45805,560442650,576095572500,47028210
2014/01/03,12200,-50,-0.41,12250,12300,12100,46791,570128700,573744162000,47028210
2014/01/06,12300,100,0.82,12100,12400,12100,41401,506545400,578446983000,47028210
2014/01/07,12350,50,0.41,12300,12450,12250,26040,320346500,580798393500,47028210
2014/01/08,12350,0,0.00,12450,12450,12200,39015,479819500,580798393500,47028210
2014/01/09,12450,100,0.81,12350,12600,12250,43670,543397000,585501214500,47028210
2014/01/10,12550,100,0.80,12600,12600,12350,27790,346129500,590204035500,47028210
2014/01/13,12550,0,0.00,12600,12600,12500,28804,361033200,590204035500,47028210
2014/01/14,12500,-50,-0.40,12550,12650,12400,33240,416139500,587852625000,47028210
2014/01/15,12850,350,2.80,12500,13050,12500,86811,1113418700,604312498500,47028210
2014/01/16,12950,100,0.78,12800,13000,12750,57036,735695850,609015319500,47028210
2014/01/17,13050,100,0.77,12950,13350,12900,88127,1157987950,613718140500,47028210
2014/01/20,13300,250,1.92,13200,13300,12850,65251,857725250,625475193000,47028210
2014/01/21,13350,50,0.38,13100,13400,13100,43193,575149050,627826603500,47028210
2014/01/22,13300,-50,-0.37,13400,13400,13250,27913,372057600,625475193000,47028210
2014/01/23,13150,-150,-1.13,13300,13350,13000,27475,360299750,618420961500,47028210
2014/01/24,13150,0,0.00,13150,13250,12800,38912,506046200,618420961500,47028210
2014/01/27,13050,-100,-0.76,13000,13100,12700,24820,322520000,613718140500,47028210
2014/01/28,13000,-50,-0.38,12900,13100,12900,13330,173078500,611366730000,47028210
2014/01/29,13300,300,2.31,13000,13350,13000,37514,496951900,625475193000,47028210
2014/02/03,14300,1000,7.52,13350,14450,13350,338345,4777362000,672503403000,47028210
2014/02/04,14500,200,1.40,14200,14850,14200,256511,3745512100,681909045000,47028210
2014/02/05,15300,800,5.52,14500,15750,14400,353919,5375785900,719531613000,47028210
2014/02/06,15800,500,3.27,15500,16150,15450,183297,2923523450,743045718000,47028210
2014/02/07,16000,200,1.27,15800,16250,15550,212219,3393738100,752451360000,47028210
2014/02/10,15900,-100,-0.63,16000,16250,15750,149149,2384983850,747748539000,47028210
2014/02/11,16100,200,1.26,15950,16200,15850,74770,1200902500,757154181000,47028210
2014/02/12,16350,250,1.55,16100,16400,15900,182960,2968247500,768911233500,47028210
2014/02/13,16400,50,0.31,16400,16600,16350,129498,2134434800,771262644000,47028210
2014/02/14,16200,-200,-1.22,16500,16600,16150,30833,502281600,761857002000,47028210
2014/02/17,15850,-350,-2.16,16100,16150,15400,187524,2942816900,745397128500,47028210
2014/02/18,16100,250,1.58,15850,16100,15750,72054,1150322550,757154181000,47028210
2014/02/19,15750,-350,-2.17,16100,16100,15600,98358,1553548400,740694307500,47028210
2014/02/20,16250,500,3.17,15750,16600,15700,196120,3159304000,764208412500,47028210
2014/02/21,16750,500,3.08,16200,16800,16100,234952,3888849100,787722517500,47028210
2014/02/24,16050,-700,-4.18,16800,16800,16000,80109,1311328300,754802770500,47028210
2014/02/25,15850,-200,-1.25,16100,16200,15750,87492,1388148400,745397128500,47028210
2014/02/26,16100,250,1.58,15850,16300,15800,83437,1343594700,757154181000,47028210
2014/02/27,16250,150,0.93,16200,16350,15950,111181,1803110500,764208412500,47028210
2014/02/28,16350,100,0.62,16250,16400,16150,79740,1300488000,768911233500,47028210
2014/03/03,16200,-150,-0.92,16250,16400,15850,79943,1290295600,761857002000,47028210
2014/03/04,16200,0,0.00,16200,16550,16000,64113,1047480100,761857002000,47028210
2014/03/05,16000,-200,-1.23,16200,16350,15900,44542,716184000,752451360000,47028210
2014/03/06,16000,0,0.00,15950,16100,15850,37490,598676000,752451360000,47028210
2014/03/07,15500,-500,-3.13,15850,16000,15500,48914,770518700,728937255000,47028210
2014/03/10,15700,200,1.29,15500,15900,15450,56011,881353100,738342897000,47028210
2014/03/11,16150,450,2.87,15750,16300,15650,69536,1117128900,759505591500,47028210
2014/03/12,16100,-50,-0.31,16200,16350,15850,19971,320741050,757154181000,47028210
2014/03/13,16200,100,0.62,15950,16250,15700,41483,662463100,761857002000,47028210
2014/03/14,15900,-300,-1.85,16150,16150,15600,60775,964776300,747748539000,47028210
2014/03/17,15400,-500,-3.14,15900,15950,15400,30419,474304600,724234434000,47028210
2014/03/18,15250,-150,-0.97,15400,15800,15000,77061,1173673250,717180202500,47028210
2014/03/19,15300,50,0.33,15100,15400,15000,44571,678789300,719531613000,47028210
2014/03/20,15300,0,0.00,15400,15450,14900,31860,485998500,719531613000,47028210
2014/03/21,16500,1200,7.84,15400,16500,15000,83755,1323704500,775965465000,47028210
2014/03/24,16000,-500,-3.03,16500,16500,15850,70595,1130091500,752451360000,47028210
2014/03/25,15550,-450,-2.81,15800,15850,15250,73691,1144126550,731288665500,47028210
2014/03/26,15750,200,1.29,15400,15950,15300,50122,785076550,740694307500,47028210
2014/03/27,16000,250,1.59,15900,16100,15450,64185,1023036700,752451360000,47028210
2014/03/28,15900,-100,-0.63,15850,16150,15600,36480,582018400,747748539000,47028210
2014/03/31,16050,150,0.94,15750,16050,15250,37850,595387500,754802770500,47028210
2014/04/01,16250,200,1.25,15950,16300,15400,63672,1027005500,764208412500,47028210
2014/04/02,16150,-100,-0.62,16150,16350,16000,37516,608629650,759505591500,47028210
2014/04/03,15750,-400,-2.48,16050,16600,15650,46055,732836800,740694307500,47028210
2014/04/04,15500,-250,-1.59,15600,15950,15350,40749,635007650,728937255000,47028210
2014/04/07,15400,-100,-0.65,15300,15500,15050,47836,729422300,724234434000,47028210
2014/04/08,15050,-350,-2.27,15450,15450,15050,18983,286865150,707774560500,47028210
2014/04/09,15200,150,1.00,15200,15350,14900,30629,464417650,714828792000,47028210
2014/04/10,15300,100,0.66,15350,15500,15100,19010,290399000,719531613000,47028210
2014/04/11,15300,0,0.00,15300,15400,15100,14050,214757000,719531613000,47028210
2014/04/14,15050,-250,-1.63,15150,15400,14900,26214,395372700,707774560500,47028210
2014/04/15,14950,-100,-0.66,15050,15150,14850,27452,410468950,703071739500,47028210
2014/04/16,14900,-50,-0.33,14850,15000,14500,37930,560803000,700720329000,47028210
2014/04/17,14950,50,0.34,14800,15000,14700,21440,318158500,703071739500,47028210
2014/04/18,14600,-350,-2.34,14850,14850,14550,47624,698612400,686611866000,47028210
2014/04/21,14500,-100,-0.68,14650,14650,14250,20088,290086950,681909045000,47028210
2014/04/22,14800,300,2.07,14500,14950,14250,43878,640316400,696017508000,47028210
2014/04/23,14650,-150,-1.01,14800,14950,14650,22330,330565000,688963276500,47028210
2014/04/24,14350,-300,-2.05,14850,14850,14300,25210,365159000,674854813500,47028210
2014/04/25,14350,0,0.00,14350,14450,14250,15294,219150900,674854813500,47028210
2014/04/28,14300,-50,-0.35,14200,14500,14200,22405,320692200,672503403000,47028210
2014/04/29,14500,200,1.40,14300,14550,14050,28375,403977500,681909045000,47028210
2014/04/30,14200,-300,-2.07,14400,14700,14200,23720,341786150,667800582000,47028210
2014/05/02,14650,450,3.17,14200,14700,14200,18414,268052650,688963276500,47028210
2014/05/07,14850,200,1.37,14650,15050,14500,40104,595978400,698368918500,47028210
2014/05/08,15000,150,1.01,14850,15100,14800,18616,279083350,705423150000,47028210
2014/05/09,14650,-350,-2.33,15000,15150,14650,20831,307832150,688963276500,47028210
2014/05/12,14550,-100,-0.68,14600,14850,14550,18791,275121550,684260455500,47028210
2014/05/13,14350,-200,-1.37,14450,14850,14300,41758,602719300,674854813500,47028210
2014/05/14,14550,200,1.39,14450,14550,14250,24251,348999050,684260455500,47028210
2014/05/15,15650,1100,7.56,14550,15750,14550,267211,4092825650,735991486500,47028210
2014/05/16,15950,300,1.92,15650,16150,15400,242585,3870829250,750099949500,47028210
2014/05/19,16050,100,0.63,15950,16100,15750,108932,1741133700,754802770500,47028210
2014/05/20,16100,50,0.31,16200,16300,15750,122796,1962646100,757154181000,47028210
2014/05/21,16500,400,2.48,15750,16600,15600,417074,6644369600,775965465000,47028210
2014/05/22,16400,-100,-0.61,16650,17350,16250,172779,2891833950,771262644000,47028210
2014/05/23,16600,200,1.22,16450,16750,16300,53732,890457000,780668286000,47028210
2014/05/26,16500,-100,-0.60,16600,16700,16250,101868,1680244700,775965465000,47028210
2014/05/27,16450,-50,-0.30,16550,16550,16050,149871,2447532050,773614054500,47028210
2014/05/28,16450,0,0.00,16600,16650,16250,97040,1593948000,773614054500,47028210
2014/05/29,16400,-50,-0.30,16400,16500,16100,81428,1326816700,771262644000,47028210
2014/05/30,16900,500,3.05,16400,17050,16300,185900,3134838000,794776749000,47028210
2014/06/02,15950,-950,-5.62,16850,16950,15800,118273,1909840900,750099949500,47028210
2014/06/03,16650,700,4.39,16050,16850,15700,146502,2397334350,783019696500,47028210
2014/06/05,16750,100,0.60,16900,16900,16300,54139,897825450,787722517500,47028210
2014/06/09,16400,-350,-2.09,16800,16800,16050,52565,862203450,771262644000,47028210
2014/06/10,16450,50,0.30,16200,16600,16050,46653,765455000,773614054500,47028210
2014/06/11,16950,500,3.04,16500,16950,16300,60056,1000991900,797128159500,47028210
2014/06/12,17250,300,1.77,16950,17300,16800,113256,1935736850,811236622500,47028210
2014/06/13,17150,-100,-0.58,17400,17400,16850,72681,1241406750,806533801500,47028210
2014/06/16,17000,-150,-0.87,17100,17250,16850,56405,958546750,799479570000,47028210
2014/06/17,17000,0,0.00,17000,17050,16650,70273,1185483300,799479570000,47028210
2014/06/18,16800,-200,-1.18,17000,17100,16800,24578,415798400,790073928000,47028210
2014/06/19,16900,100,0.60,16950,16950,16200,83667,1385414100,794776749000,47028210
2014/06/20,16700,-200,-1.18,16750,16950,16600,36033,604713450,785371107000,47028210
2014/06/23,16450,-250,-1.50,16500,16900,16300,34656,574791400,773614054500,47028210
2014/06/24,16500,50,0.30,16800,16800,16150,41020,669659700,775965465000,47028210
2014/06/25,16250,-250,-1.52,16750,16750,15800,70128,1130497600,764208412500,47028210
2014/06/26,16550,300,1.85,16250,16600,16100,41756,684698650,778316875500,47028210
2014/06/27,16450,-100,-0.60,16500,16700,16050,59233,968805200,773614054500,47028210
2014/06/30,16950,500,3.04,16450,16950,16450,46486,775952750,797128159500,47028210
2014/07/01,16950,0,0.00,16750,17050,16650,50988,858743950,797128159500,47028210
2014/07/02,17000,50,0.29,16950,17000,16700,46737,788874400,799479570000,47028210
2014/07/03,16900,-100,-0.59,16850,17000,16550,46629,782258800,794776749000,47028210
2014/07/04,16950,50,0.30,16750,17000,16600,68963,1161320200,797128159500,47028210
2014/07/07,16950,0,0.00,16900,16950,16650,35464,595260450,797128159500,47028210
2014/07/08,17550,600,3.54,16900,17550,16750,188350,3274417550,825345085500,47028210
2014/07/09,17050,-500,-2.85,17550,17550,17000,315483,5308685212,801830980500,47028210
2014/07/10,16500,-550,-3.23,17050,17400,16500,192624,3249552700,775965465000,47028210
2014/07/11,16900,400,2.42,16450,16900,16450,52494,876870550,794776749000,47028210
2014/07/14,17050,150,0.89,17000,17050,16650,53416,901108200,801830980500,47028210
2014/07/15,17100,50,0.29,17050,17300,16850,73495,1256445850,804182391000,47028210
2014/07/16,16650,-450,-2.63,17250,17250,16350,69874,1160408650,783019696500,47028210
2014/07/17,16800,150,0.90,16650,16850,16400,41049,682210400,790073928000,47028210
2014/07/18,16950,150,0.89,16550,16950,16500,45554,762667250,797128159500,47028210
2014/07/21,16850,-100,-0.59,17050,17050,16600,31237,524810950,792425338500,47028210
2014/07/22,16800,-50,-0.30,16700,16950,16650,21397,359804900,790073928000,47028210
2014/07/23,16300,-500,-2.98,16750,16800,16250,58832,966560500,766559823000,47028210
2014/07/24,16350,50,0.31,16350,16600,16150,48061,787515600,768911233500,47028210
2014/07/25,16800,450,2.75,16350,16850,16300,57484,951217650,790073928000,47028210
2014/07/28,16550,-250,-1.49,16800,16800,16250,55141,910224300,778316875500,47028210
2014/07/29,16450,-100,-0.60,16350,16450,15800,98662,1581206600,773614054500,47028210
2014/07/30,16200,-250,-1.52,16250,16450,15950,39845,641801600,761857002000,47028210
2014/07/31,15600,-600,-3.70,16000,16100,15350,68689,1072709700,733640076000,47028210
2014/08/01,16400,800,5.13,15600,16600,15350,71356,1149724950,771262644000,47028210
2014/08/04,16800,400,2.44,16450,17000,16150,62672,1047379900,790073928000,47028210
2014/08/05,16350,-450,-2.68,16600,16900,15900,36206,590981750,768911233500,47028210
2014/08/06,15650,-700,-4.28,16350,16350,15350,122758,1937313450,735991486500,47028210
2014/08/07,15600,-50,-0.32,15700,15700,15400,33443,519265150,733640076000,47028210
2014/08/08,15750,150,0.96,15450,15850,15300,40527,630295300,740694307500,47028210
2014/08/11,15550,-200,-1.27,15800,15800,15500,72246,1129067100,731288665500,47028210
2014/08/12,15850,300,1.93,15500,16050,15500,33944,538952150,745397128500,47028210
2014/08/13,16100,250,1.58,15850,16150,15700,34116,546575500,757154181000,47028210
2014/08/14,16200,100,0.62,15900,16200,15900,21545,346512800,761857002000,47028210
2014/08/18,16000,-200,-1.23,16200,16250,15850,12122,193748050,752451360000,47028210
2014/08/19,16100,100,0.63,15850,16250,15750,35357,566312100,757154181000,47028210
2014/08/20,16250,150,0.93,16100,16400,15800,34119,547492200,764208412500,47028210
2014/08/21,16050,-200,-1.23,16350,16350,16000,19265,312349500,754802770500,47028210
2014/08/22,15850,-200,-1.25,16150,16300,15850,40799,657219500,745397128500,47028210
2014/08/25,16300,450,2.84,15950,16350,15900,45240,731349000,766559823000,47028210
2014/08/26,16600,300,1.84,16300,16600,16300,37319,615463250,780668286000,47028210
2014/08/27,16600,0,0.00,16650,16700,16400,30253,501660550,780668286000,47028210
2014/08/28,16650,50,0.30,16600,16850,16450,42117,702552600,783019696500,47028210
2014/08/29,16600,-50,-0.30,16500,16700,16250,42934,708737750,780668286000,47028210
2014/09/01,16600,0,0.00,16400,16700,16200,75133,1243158800,780668286000,47028210
2014/09/02,16850,250,1.51,16500,16850,16500,78874,1323938350,792425338500,47028210
2014/09/03,17100,250,1.48,16850,17150,16800,75672,1287720500,804182391000,47028210
2014/09/04,17400,300,1.75,17150,17500,16950,95465,1654934200,818290854000,47028210
2014/09/05,17600,200,1.15,17400,17600,17200,43723,764445100,827696496000,47028210
2014/09/11,17700,100,0.57,17550,17800,17350,42260,747242100,832399317000,47028210
2014/09/12,17450,-250,-1.41,17700,17750,17350,60520,1061397650,820642264500,47028210
2014/09/15,17600,150,0.86,17350,17650,17200,88160,1546242500,827696496000,47028210
2014/09/16,18050,450,2.56,17600,18150,17400,133049,2367025950,848859190500,47028210
2014/09/17,17950,-100,-0.55,18200,18400,17950,98719,1796426250,844156369500,47028210
2014/09/18,17750,-200,-1.11,18150,18200,17600,80745,1445892150,834750727500,47028210
2014/09/19,18300,550,3.10,17750,18300,17500,148110,2691664850,860616243000,47028210
2014/09/22,18600,300,1.64,18350,18900,18300,115973,2168208100,874724706000,47028210
2014/09/23,18800,200,1.08,18750,19000,18150,72540,1352147350,884130348000,47028210
2014/09/24,19100,300,1.60,18800,19100,18600,66209,1246580350,898238811000,47028210
2014/09/25,19850,750,3.93,19100,19850,18900,117530,2288543000,933509968500,47028210
2014/09/26,19950,100,0.50,19800,20000,19550,63540,1264282450,938212789500,47028210
2014/09/29,19550,-400,-2.01,19800,20050,19200,69747,1376610050,919401505500,47028210
2014/09/30,19300,-250,-1.28,19450,20000,19000,97351,1882256200,907644453000,47028210
2014/10/01,19200,-100,-0.52,19150,19700,19100,27932,539764850,902941632000,47028210
2014/10/02,20000,800,4.17,19200,20250,18800,61681,1222182400,940564200000,47028210
2014/10/06,20250,250,1.25,20000,20650,20000,66726,1365545800,952321252500,47028210
2014/10/07,20450,200,0.99,20650,20650,19750,41799,847676300,961726894500,47028210
2014/10/08,21500,1050,5.13,20450,21700,20000,115632,2424955100,1011106515000,47028210
2014/10/10,20800,-700,-3.26,21500,21650,20550,41346,871231500,978186768000,47028210
2014/10/13,20750,-50,-0.24,20500,20900,19500,102776,2078383600,975835357500,47028210
2014/10/14,20350,-400,-1.93,20750,20850,20100,81674,1678348200,957024073500,47028210
2014/10/15,20200,-150,-0.74,20300,20650,20100,39629,803526450,949969842000,47028210
2014/10/16,20500,300,1.49,20050,20500,19900,55882,1131940650,964078305000,47028210
2014/10/17,23200,2700,13.17,20750,23200,20450,220487,4853533900,1091054472000,47028210
2014/10/20,22050,-1150,-4.96,23200,23200,21800,155210,3459045900,1036972030500,47028210
2014/10/21,22800,750,3.40,21850,22950,21600,81822,1836508800,1072243188000,47028210
2014/10/22,22500,-300,-1.32,22600,24700,22200,330409,7587225150,1058134725000,47028210
2014/10/23,23050,550,2.44,22500,23950,22250,206689,4787771050,1084000240500,47028210
2014/10/24,22850,-200,-0.87,23300,23450,22700,82402,1904197000,1074594598500,47028210
2014/10/27,22800,-50,-0.22,22950,23050,22100,105597,2383916400,1072243188000,47028210
2014/10/28,23200,400,1.75,23000,23400,22400,47845,1101535400,1091054472000,47028210
2014/10/29,22650,-550,-2.37,23200,23500,22350,81829,1853987400,1065188956500,47028210
2014/10/30,22150,-500,-2.21,22600,22700,21850,61423,1369456900,1041674851500,47028210
2014/10/31,22450,300,1.35,22500,23000,22050,37470,842413700,1055783314500,47028210
2014/11/03,22600,150,0.67,22450,22650,22000,24262,542994750,1062837546000,47028210
2014/11/04,23100,500,2.21,22600,23600,22350,69710,1614591350,1086351651000,47028210
2014/11/05,24850,1750,7.58,23350,25000,23000,205972,5028988350,1168651018500,47028210
2014/11/06,23700,-1150,-4.63,25050,25050,23500,89414,2153140250,1114568577000,47028210
2014/11/07,22600,-1100,-4.64,23850,24000,21800,199590,4518818000,1062837546000,47028210
2014/11/10,21700,-900,-3.98,22750,22750,20850,188991,4103214950,1020512157000,47028210
2014/11/11,21700,0,0.00,21750,22200,21150,55271,1203316350,1020512157000,47028210
2014/11/12,21550,-150,-0.69,21800,22050,21200,49279,1069877600,1013457925500,47028210
2014/11/13,21400,-150,-0.70,21350,21700,21100,33485,715215950,1006403694000,47028210
2014/11/14,20950,-450,-2.10,21250,21400,20600,39551,825241700,985240999500,47028210
2014/11/17,20500,-450,-2.15,20600,20900,20050,27323,558147600,964078305000,47028210
2014/11/18,21400,900,4.39,20200,21500,20200,51019,1077792850,1006403694000,47028210
2014/11/19,20800,-600,-2.80,21250,21500,20750,41813,878913900,978186768000,47028210
2014/11/20,20600,-200,-0.96,20500,21150,20250,34411,706290350,968781126000,47028210
2014/11/21,20550,-50,-0.24,20450,21100,20400,26353,545713950,966429715500,47028210
2014/11/24,20350,-200,-0.97,20650,20900,20050,41436,840510750,957024073500,47028210
2014/11/25,20200,-150,-0.74,20150,20500,19950,57712,1167034000,949969842000,47028210
2014/11/26,20900,700,3.47,20100,21000,20100,78926,1645339750,982889589000,47028210
2014/11/27,21200,300,1.44,20750,21300,20750,58263,1229081050,996998052000,47028210
2014/11/28,21000,-200,-0.94,20850,21100,20700,42382,888303200,987592410000,47028210
2014/12/01,20900,-100,-0.48,21000,21750,20900,82629,1762787050,982889589000,47028210
2014/12/02,22000,1100,5.26,21200,22050,20800,65909,1434083450,1034620620000,47028210
2014/12/03,21700,-300,-1.36,22000,22050,21500,55082,1197728650,1020512157000,47028210
2014/12/04,21600,-100,-0.46,21700,22000,21550,42250,920378300,1015809336000,47028210
2014/12/05,21750,150,0.69,21750,21950,21550,26662,581166050,1022863567500,47028210
2014/12/08,21100,-650,-2.99,21600,21850,21050,28629,609969700,992295231000,47028210
2014/12/09,20650,-450,-2.13,21100,21100,20500,22187,461232500,971132536500,47028210
2014/12/10,20500,-150,-0.73,20650,21050,20250,43715,899001950,964078305000,47028210
2014/12/11,21200,700,3.41,20100,21350,20000,51414,1070921800,996998052000,47028210
2014/12/12,20750,-450,-2.12,20850,21150,20200,33064,683819600,975835357500,47028210
2014/12/15,20800,50,0.24,20700,21150,20150,40328,842663100,978186768000,47028210
2014/12/16,21700,900,4.33,20850,21900,20850,68677,1480720600,1020512157000,47028210
2014/12/17,22050,350,1.61,21950,22050,21100,57798,1253154600,1036972030500,47028210
2014/12/18,21500,-550,-2.49,22100,22100,21250,43566,950083000,1011106515000,47028210
2014/12/19,21750,250,1.16,21600,22000,21400,27805,600573600,1022863567500,47028210
2014/12/22,20850,-900,-4.14,21750,21800,20800,26812,566070450,980538178500,47028210
2014/12/23,20850,0,0.00,20700,20950,20500,33961,703449950,980538178500,47028210
2014/12/24,20850,0,0.00,20800,20900,20600,20176,419867500,980538178500,47028210
2014/12/26,21150,300,1.44,20600,21600,20600,64099,1341589700,994646641500,47028210
2014/12/29,21250,100,0.47,20900,21700,20600,52457,1119028950,999349462500,47028210
2014/12/30,20900,-350,-1.65,21300,21300,20700,27974,586961200,982889589000,47028210
2015/01/02,20600,-300,-1.44,20700,21300,20600,15611,324190750,968781126000,47028210
2015/01/05,20400,-200,-0.97,20550,20750,19650,54881,1102619750,959375484000,47028210
2015/01/06,20300,-100,-0.49,20150,20850,19750,57762,1160937750,954672663000,47028210
2015/01/07,20100,-200,-0.99,20000,20250,19900,14834,297686550,945267021000,47028210
2015/01/08,20000,-100,-0.50,20150,20250,19350,37853,747783000,940564200000,47028210
2015/01/09,20650,650,3.25,19650,20700,19650,29808,600495400,971132536500,47028210
2015/01/12,20600,-50,-0.24,20950,20950,20250,14859,305393850,968781126000,47028210
2015/01/13,21150,550,2.67,20950,21400,20100,53290,1121833950,994646641500,47028210
2015/01/14,21250,100,0.47,21200,21500,20950,23757,503106150,999349462500,47028210
2015/01/15,21350,100,0.47,21100,21550,21050,33945,721455650,1004052283500,47028210
2015/01/16,21150,-200,-0.94,21500,21500,20800,15219,319507450,994646641500,47028210
2015/01/19,20800,-350,-1.65,21200,21200,20700,16208,339191400,978186768000,47028210
2015/01/20,20700,-100,-0.48,20950,21000,20650,7555,157516650,973483947000,47028210
2015/01/21,22150,1450,7.00,21000,22200,20500,50082,1077784700,1041674851500,47028210
2015/01/22,22150,0,0.00,22400,22450,21600,30594,672670950,1041674851500,47028210
2015/01/23,22100,-50,-0.23,22000,22200,21500,44466,974888300,1039323441000,47028210
2015/01/26,21500,-600,-2.71,21850,21850,21150,36230,778443800,1011106515000,47028210
2015/01/27,21600,100,0.47,21350,21800,21050,28744,614860400,1015809336000,47028210
2015/01/28,22700,1100,5.09,21600,22750,21100,62165,1379090600,1067540367000,47028210
2015/01/29,22300,-400,-1.76,22700,22700,22200,28627,641340150,1048729083000,47028210
2015/01/30,21900,-400,-1.79,22100,22300,21600,40683,892486700,1029917799000,47028210
2015/02/02,21700,-200,-0.91,21600,22250,21200,38386,829414250,1020512157000,47028210
2015/02/03,21250,-450,-2.07,21650,21700,21000,30285,643461400,999349462500,47028210
2015/02/04,21500,250,1.18,21450,21650,21100,29935,638002150,1011106515000,47028210
2015/02/05,22000,500,2.33,21500,22000,21000,37733,817002700,1034620620000,47028210
2015/02/06,22150,150,0.68,22100,22400,21500,37944,837803200,1041674851500,47028210
2015/02/09,22900,750,3.39,22200,23500,21950,83149,1903313950,1076946009000,47028210
2015/02/10,22400,-500,-2.18,22900,23250,22200,60522,1364794150,1053431904000,47028210
2015/02/11,22650,250,1.12,22200,22900,22200,28505,641404950,1065188956500,47028210
2015/02/12,22600,-50,-0.22,22650,22900,22300,35710,807986450,1062837546000,47028210
2015/02/13,22900,300,1.33,22450,22950,22250,24600,555357050,1076946009000,47028210
2015/02/16,22950,50,0.22,23300,23350,22650,35160,807508300,1079297419500,47028210
2015/02/17,23150,200,0.87,22950,24150,22700,98507,2293544250,1088703061500,47028210
2015/02/23,22800,-350,-1.51,23150,23400,22500,37635,859008100,1072243188000,47028210
2015/02/24,22800,0,0.00,22800,23250,22650,48899,1121730100,1072243188000,47028210
2015/02/25,22400,-400,-1.75,22900,23200,22350,58176,1312942950,1053431904000,47028210
2015/02/26,22200,-200,-0.89,22400,22600,21950,48517,1074794000,1044026262000,47028210
2015/02/27,22000,-200,-0.90,22200,22450,21850,45474,1000838400,1034620620000,47028210
2015/03/02,22100,100,0.45,22200,22600,21800,65491,1446181400,1039323441000,47028210
2015/03/03,21850,-250,-1.13,22150,22150,21750,49427,1082735600,1027566388500,47028210
2015/03/04,21700,-150,-0.69,21950,22100,21550,83979,1828083100,1020512157000,47028210
2015/03/05,21650,-50,-0.23,21650,22000,21500,43936,953800900,1018160746500,47028210
2015/03/06,21550,-100,-0.46,21550,21850,21400,43436,937762550,1013457925500,47028210
2015/03/09,21450,-100,-0.46,21600,21800,21300,30987,666251050,1008755104500,47028210
2015/03/10,23000,1550,7.23,21500,24000,21350,158477,3624815650,1081648830000,47028210
2015/03/11,22500,-500,-2.17,23150,23250,22250,64237,1460443600,1058134725000,47028210
2015/03/12,24300,1800,8.00,22600,24400,22400,158652,3754528850,1142785503000,47028210
2015/03/13,24550,250,1.03,24750,25400,23750,136308,3357771750,1154542555500,47028210
2015/03/16,24750,200,0.81,24850,25400,24350,61655,1535426650,1163948197500,47028210
2015/03/17,24450,-300,-1.21,24550,25000,24100,56219,1371721950,1149839734500,47028210
2015/03/18,23900,-550,-2.25,24200,24650,23500,76568,1824651750,1123974219000,47028210
2015/03/19,25450,1550,6.49,24200,25500,23750,143898,3546540550,1196867944500,47028210
2015/03/20,26700,1250,4.91,25650,27950,25400,437046,11712813500,1255653207000,47028210
2015/03/23,25050,-1650,-6.18,26550,26550,25000,123217,3152956900,1178056660500,47028210
2015/03/24,25900,850,3.39,25000,26700,25000,106924,2775116550,1218030639000,47028210
2015/03/25,26450,550,2.12,26200,26600,25800,73585,1926041800,1243896154500,47028210
2015/03/26,26400,-50,-0.19,26150,26400,25750,59001,1535476700,1241544744000,47028210
2015/03/27,27850,1450,5.49,26500,28400,26500,188576,5218797600,1309735648500,47028210
2015/03/30,27600,-250,-0.90,27950,27950,27000,109933,2999471100,1297978596000,47028210
2015/03/31,27450,-150,-0.54,27750,27750,26850,48365,1317329750,1290924364500,47028210
2015/04/01,27450,0,0.00,27400,27450,26350,112310,3022445400,1290924364500,47028210
2015/04/02,28000,550,2.00,26800,28200,26800,150330,4192379300,1316789880000,47028210
2015/04/03,27950,-50,-0.18,28200,28200,27200,88587,2441099500,1314438469500,47028210
2015/04/06,28600,650,2.33,27850,28900,27650,177919,5050645350,1345006806000,47028210
2015/04/07,28400,-200,-0.70,28200,28650,28000,85922,2436355050,1335601164000,47028210
2015/04/08,28900,500,1.76,28700,28900,28200,93276,2671378700,1359115269000,47028210
2015/04/09,29200,300,1.04,29000,30100,28650,172843,5066572000,1373223732000,47028210
2015/04/10,30300,1100,3.77,29300,30300,28950,131044,3873906150,1424954763000,47028210
2015/04/13,31000,700,2.31,30700,31150,29450,161253,4932171900,1457874510000,47028210
2015/04/14,30000,-1000,-3.23,31100,31200,29850,75530,2309623600,1410846300000,47028210
2015/04/15,30000,0,0.00,30000,30550,29550,144246,4320883900,1410846300000,47028210
2015/04/16,31600,1600,5.33,30050,31750,29700,159550,4861900950,1486091436000,47028210
2015/04/17,32350,750,2.37,31300,32350,31000,140115,4445954550,1521362593500,47028210
2015/04/20,32500,150,0.46,32300,33000,31750,98439,3204631600,1528416825000,47028210
2015/04/21,32250,-250,-0.77,32800,32800,31800,62637,2019894300,1516659772500,47028210
2015/04/22,31650,-600,-1.86,32500,32500,29250,139441,4381454650,1488442846500,47028210
2015/04/23,30100,-1550,-4.90,31500,31500,28650,431657,12731333900,1415549121000,47028210
2015/04/24,29900,-200,-0.66,29650,30350,28900,172223,5107620550,1406143479000,47028210
2015/04/27,30100,200,0.67,29650,30150,29150,144416,4269802350,1415549121000,47028210
2015/04/28,28600,-1500,-4.98,30200,30500,28250,209867,6051998600,1345006806000,47028210
2015/04/29,29400,800,2.80,28800,29400,28600,119780,3479120950,1382629374000,47028210
2015/04/30,29200,-200,-0.68,29350,29550,27400,77671,2249986800,1373223732000,47028210
2015/05/04,29150,-50,-0.17,29600,29900,28350,45317,1314257500,1370872321500,47028210
2015/05/06,28200,-950,-3.26,29150,29150,27200,84757,2369253750,1326195522000,47028210
2015/05/07,28250,50,0.18,28600,28600,26650,92451,2519329850,1328546932500,47028210
2015/05/08,29300,1050,3.72,28300,29500,27800,98200,2811495900,1377926553000,47028210
2015/05/11,29800,500,1.71,29500,29800,28750,108894,3204662100,1401440658000,47028210
2015/05/12,29700,-100,-0.34,29950,29950,29150,70468,2080269050,1396737837000,47028210
2015/05/13,29850,150,0.51,29950,30300,29350,31572,937305750,1403792068500,47028210
2015/05/14,29700,-150,-0.50,30300,30300,29050,35340,1044004250,1396737837000,47028210
2015/05/15,30250,550,1.85,29950,30250,29150,60739,1809185550,1422603352500,47028210
2015/05/18,30400,150,0.50,30250,30400,29300,80315,2400813700,1429657584000,47028210
2015/05/19,31700,1300,4.28,30400,32000,30400,130756,4105185100,1490794257000,47028210
2015/05/20,34400,2700,8.52,31700,34600,31100,327486,10865766850,1617770424000,47028210
2015/05/21,34200,-200,-0.58,34400,35550,34100,203113,7088646000,1608364782000,47028210
2015/05/22,33800,-400,-1.17,34250,34500,33050,108896,3676050400,1589553498000,47028210
2015/05/26,33950,150,0.44,33950,34000,32750,87383,2924884700,1596607729500,47028210
2015/05/27,33200,-750,-2.21,33850,33850,32350,53130,1744832750,1561336572000,47028210
2015/05/28,33400,200,0.60,33150,34200,32800,145522,4913402900,1570742214000,47028210
2015/05/29,33700,300,0.90,33500,34100,32650,112543,3801419650,1584850677000,47028210
2015/06/01,34000,300,0.89,34150,34800,33500,75941,2587182300,1598959140000,47028210
2015/06/02,36850,2850,8.38,34000,38400,33950,648196,23885570850,1732989538500,47028210
2015/06/03,36500,-350,-0.95,36400,36850,34500,283842,10166446150,1716529665000,47028210
2015/06/04,36050,-450,-1.23,36550,36700,35100,75173,2692487950,1695366970500,47028210
2015/06/05,36200,150,0.42,35500,36500,35300,79528,2858679550,1702421202000,47028210
2015/06/08,36600,400,1.10,36750,37300,36000,78562,2882743050,1721232486000,47028210
2015/06/09,37850,1250,3.42,36700,38200,36000,144129,5427499150,1780017748500,47028210
2015/06/10,36100,-1750,-4.62,38600,38600,35050,207323,7522323500,1697718381000,47028210
2015/06/11,36650,550,1.52,36400,37200,35000,192454,6864290900,1723583896500,47028210
2015/06/12,36800,150,0.41,36650,37600,36050,99125,3653431550,1730638128000,47028210
2015/06/15,37050,250,0.68,36900,37450,36250,53484,1967651050,1742395180500,47028210
2015/06/16,37300,250,0.67,37000,38150,36000,114613,4278148300,1754152233000,47028210
2015/06/17,37100,-200,-0.54,37350,37700,36500,61380,2265779800,1744746591000,47028210
2015/06/18,39400,2300,6.20,37800,40200,37500,552964,21745243000,1852911474000,47028210
2015/06/19,40700,1300,3.30,40600,41950,39950,663412,27108532200,1914048147000,47028210
2015/06/22,40200,-500,-1.23,41250,41450,39500,304188,12289967350,1890534042000,47028210
2015/06/23,40000,-200,-0.50,40200,40750,39000,261478,10450618000,1881128400000,47028210
2015/06/24,41100,1100,2.75,40100,41300,40100,441044,17983828800,1932859431000,47028210
2015/06/25,42650,1550,3.77,41200,42900,40600,361482,15187634150,2005753156500,47028210
2015/06/26,50000,7350,17.23,43000,53200,42250,1459665,71128225850,2351410500000,47028210
2015/06/29,51000,1000,2.00,48700,53000,48100,716055,36142933900,2398438710000,47028210
2015/06/30,49850,-1150,-2.25,49900,50700,45400,653540,31981700300,2344356268500,47028210
2015/07/01,49850,0,0.00,50200,52300,48550,517841,25887103300,2344356268500,47028210
2015/07/02,57800,7950,15.95,50300,58800,49900,1375679,74884095150,2718230538000,47028210
2015/07/03,57600,-200,-0.35,56800,58600,55500,545876,31192350000,2708824896000,47028210
2015/07/06,55400,-2200,-3.82,56000,62000,54000,913647,53030678200,2605362834000,47028210
2015/07/07,42500,-12900,-23.29,56700,57800,41050,1386363,64978507250,1998698925000,47028210
2015/07/08,44300,1800,4.24,42500,44450,39000,1066364,44366634250,2083349703000,47028210
2015/07/09,43800,-500,-1.13,42600,45150,41100,607009,26358709000,2059835598000,47028210
2015/07/10,41450,-2350,-5.37,44750,44900,40650,570977,24229024450,1949319304500,47028210
2015/07/13,42250,800,1.93,41250,43150,40300,267772,11213634700,1986941872500,47028210
2015/07/14,45900,3650,8.64,43300,46250,43200,553058,24930955350,2158594839000,47028210
2015/07/15,45400,-500,-1.09,45200,47850,45050,314265,14562198450,2135080734000,47028210
2015/07/16,43200,-2200,-4.85,44500,45200,42800,321602,14044742650,2031618672000,47028210
2015/07/17,43150,-50,-0.12,43600,44750,42200,204453,8872066400,2029267261500,47028210
2015/07/20,45050,1900,4.40,43150,45400,42500,194495,8606231750,2118620860500,47028210
2015/07/21,44950,-100,-0.22,46000,46000,43400,194282,8623777300,2113918039500,47028210
2015/07/22,44200,-750,-1.67,44500,45400,44100,139511,6217053300,2078646882000,47028210
2015/07/23,44650,450,1.02,44500,44850,43000,135997,6013068850,2099809576500,47028210
2015/07/24,47500,2850,6.38,44600,47600,44150,294736,13733789900,2233839975000,47028210
2015/07/27,41100,-6400,-13.47,46500,46500,40200,463933,19816931900,1932859431000,47028210
2015/07/28,42100,1000,2.43,40050,42950,37800,534348,21400854200,1979887641000,47028210
2015/07/29,39900,-2200,-5.23,42800,43300,39500,315885,13174454200,1876425579000,47028210
2015/07/30,39800,-100,-0.25,39350,41950,38700,237640,9503019050,1871722758000,47028210
2015/07/31,41050,1250,3.14,39100,41950,38500,168090,6823738450,1930508020500,47028210
2015/08/03,38500,-2550,-6.21,40500,41350,38500,115544,4578624950,1810586085000,47028210
2015/08/04,41250,2750,7.14,37600,41550,37600,153063,6079104200,1939913662500,47028210
2015/08/05,44750,3500,8.48,41250,45800,40900,343026,15108780100,2104512397500,47028210
2015/08/06,44600,-150,-0.34,45000,45800,43900,174217,7800925750,2097458166000,47028210
2015/08/07,43600,-1000,-2.24,43950,45300,43300,110628,4902655250,2050429956000,47028210
2015/08/10,43350,-250,-0.57,44500,44950,42250,106075,4580127150,2038672903500,47028210
2015/08/11,41450,-1900,-4.38,43900,43900,41250,80024,3401941350,1949319304500,47028210
2015/08/12,38900,-2550,-6.15,41000,41000,36950,262633,10120505900,1829397369000,47028210
2015/08/13,40300,1400,3.60,38600,40750,38150,119102,4731579050,1895236863000,47028210
2015/08/17,42150,1850,4.59,40500,42650,39550,155142,6433451100,1982239051500,47028210
2015/08/18,40350,-1800,-4.27,42250,42950,39650,141040,5765728400,1897588273500,47028210
2015/08/19,40900,550,1.36,39550,41200,38500,182919,7328991200,1923453789000,47028210
2015/08/20,39850,-1050,-2.57,40800,41800,39850,151632,6207702450,1874074168500,47028210
2015/08/21,37650,-2200,-5.52,37850,39100,37600,144716,5540718050,1770612106500,47028210
2015/08/24,36250,-1400,-3.72,36900,39300,36150,209238,7811423800,1704772612500,47028210
2015/08/25,37650,1400,3.86,36550,38350,36050,226332,8451952850,1770612106500,47028210
2015/08/26,41000,3350,8.90,38500,42000,37500,262091,10616885400,1928156610000,47028210
2015/08/27,42000,1000,2.44,41600,43700,41150,253023,10815327000,1975184820000,47028210
2015/08/28,42950,950,2.26,43150,44500,42500,209606,9122163650,2019861619500,47028210
2015/08/31,43400,450,1.05,42900,44300,41950,113952,4938803200,2041024314000,47028210
2015/09/01,41400,-2000,-4.61,43850,45450,41200,321029,13983921300,1946967894000,47028210
2015/09/02,42400,1000,2.42,40500,42700,39650,97128,4001882950,1993996104000,47028210
2015/09/03,41250,-1150,-2.71,42900,43000,40850,72807,3055821000,1939913662500,47028210
2015/09/04,38750,-2500,-6.06,41250,41450,38350,110994,4355583350,1822343137500,47028210
2015/09/07,39350,600,1.55,38200,40750,38200,66969,2648622650,1850560063500,47028210
2015/09/08,37600,-1750,-4.45,40200,40200,37150,63692,2418745000,1768260696000,47028210
2015/09/09,39200,1600,4.26,38600,40600,38350,87304,3422150050,1843505832000,47028210
2015/09/10,40000,800,2.04,38500,40500,38350,64471,2541461950,1881128400000,47028210
2015/09/11,40400,400,1.00,39800,40700,39550,43861,1763694850,1899939684000,47028210
2015/09/14,39300,-1100,-2.72,40700,40900,38800,52596,2068203400,1848208653000,47028210
2015/09/15,39850,550,1.40,39300,40150,38900,30281,1202723400,1874074168500,47028210
2015/09/16,41550,1700,4.27,40300,41800,39600,101698,4174783400,1954022125500,47028210
2015/09/17,40800,-750,-1.81,41900,41900,40200,68031,2770402550,1918750968000,47028210
2015/09/18,43000,2200,5.39,41400,43700,40900,180847,7726917250,2022213030000,47028210
2015/09/21,43700,700,1.63,42100,43950,41850,88250,3811442950,2055132777000,47028210
2015/09/22,43700,0,0.00,43000,44650,42800,96450,4232799950,2055132777000,47028210
2015/09/23,41850,-1850,-4.23,43050,43900,41400,83078,3535666950,1968130588500,47028210
2015/09/24,42300,450,1.08,42200,43250,41700,64107,2728385700,1989293283000,47028210
2015/09/25,42000,-300,-0.71,42500,42600,40150,141649,5800563200,1975184820000,47028210
2015/09/30,40050,-1950,-4.64,40800,41350,39600,162940,6547037700,1883479810500,47028210
2015/10/01,40250,200,0.50,40650,41100,39900,60596,2447991000,1892885452500,47028210
2015/10/02,40350,100,0.25,40150,40950,40150,41569,1682233150,1897588273500,47028210
2015/10/05,42000,1650,4.09,40900,42600,40550,119298,5007750000,1975184820000,47028210
2015/10/06,41450,-550,-1.31,42050,42550,41100,62743,2610471800,1949319304500,47028210
2015/10/07,39450,-2000,-4.83,40750,41400,39300,133257,5306321900,1855262884500,47028210
2015/10/08,39500,50,0.13,39900,40200,38600,79774,3129299150,1857614295000,47028210
2015/10/12,38900,-600,-1.52,39400,39400,38850,81108,3164613450,1829397369000,47028210
2015/10/13,36700,-2200,-5.66,38550,39350,36350,221312,8222911000,1725935307000,47028210
2015/10/14,36600,-100,-0.27,36250,37150,35800,117113,4257088700,1721232486000,47028210
2015/10/15,37400,800,2.19,36600,37400,36400,74320,2736459650,1758855054000,47028210
2015/10/16,38400,1000,2.67,37800,38850,37150,119587,4573694800,1805883264000,47028210
2015/10/19,37800,-600,-1.56,38500,38500,37350,34055,1283755600,1777666338000,47028210
2015/10/20,39000,1200,3.17,37800,39000,37300,67283,2593789700,1834100190000,47028210
2015/10/21,38150,-850,-2.18,38500,39200,37900,59618,2280754950,1794126211500,47028210
2015/10/22,36900,-1250,-3.28,37900,38100,36100,132375,4864103700,1735340949000,47028210
2015/10/23,37450,550,1.49,37250,37750,36900,85568,3197930150,1761206464500,47028210
2015/10/26,38250,800,2.14,37200,38450,37200,81155,3085633950,1798829032500,47028210
2015/10/27,38450,200,0.52,38250,38800,37600,67195,2581121650,1808234674500,47028210
2015/10/28,39800,1350,3.51,38100,40000,37600,122949,4829509200,1871722758000,47028210
2015/10/29,40500,700,1.76,40350,40950,39050,131627,5293656950,1904642505000,47028210
2015/10/30,41050,550,1.36,40000,41550,39300,114656,4665073400,1930508020500,47028210
2015/11/02,39700,-1350,-3.29,41000,41300,39350,63779,2548880600,1867019937000,47028210
2015/11/03,39500,-200,-0.50,39700,40350,39000,54390,2155150200,1857614295000,47028210
2015/11/04,40200,700,1.77,39500,40500,39250,48511,1939479950,1890534042000,47028210
2015/11/05,41700,1500,3.73,40200,42250,40200,160237,6667601550,1961076357000,47028210
2015/11/06,45100,3400,8.15,44050,46500,43000,454426,20365505800,2120972271000,47028210
2015/11/09,42750,-2350,-5.21,45100,45450,42550,172277,7551998600,2010455977500,47028210
2015/11/10,41850,-900,-2.11,42300,42750,40050,96956,4012563800,1968130588500,47028210
2015/11/11,42850,1000,2.39,41850,42950,41500,77454,3277478800,2015158798500,47028210
2015/11/12,43450,600,1.40,42850,43500,41950,79555,3399192950,2043375724500,47028210
2015/11/13,42300,-1150,-2.65,42650,42800,41100,97982,4096520700,1989293283000,47028210
2015/11/16,41700,-600,-1.42,41650,42400,40800,42487,1780898250,1961076357000,47028210
2015/11/17,42650,950,2.28,42000,42850,41500,47771,2026655850,2005753156500,47028210
2015/11/18,41650,-1000,-2.34,42900,43000,41550,53407,2257897000,1958724946500,47028210
2015/11/19,42450,800,1.92,42100,42800,41600,66059,2784172000,1996347514500,47028210
2015/11/20,42100,-350,-0.82,42500,42750,41950,40881,1734606950,1979887641000,47028210
2015/11/23,43700,1600,3.80,42100,44550,42000,143091,6285679350,2055132777000,47028210
2015/11/24,43950,250,0.57,44150,44400,43000,69281,3016238250,2066889829500,47028210
2015/11/25,43250,-700,-1.59,44250,44250,43000,52382,2289721750,2033970082500,47028210
2015/11/26,43450,200,0.46,43800,43800,42700,58755,2533716900,2043375724500,47028210
2015/11/27,43900,450,1.04,44400,45000,43600,103475,4577642600,2064538419000,47028210
2015/11/30,42100,-1800,-4.10,44250,44250,41750,59931,2538435600,1979887641000,47028210
2015/12/01,42050,-50,-0.12,42100,43200,41900,40191,1710912250,1977536230500,47028210
2015/12/02,42250,200,0.48,42100,42550,41800,34562,1456290250,1986941872500,47028210
2015/12/03,42250,0,0.00,41700,42700,41000,47775,2006901050,1986941872500,47028210
2015/12/04,41800,-450,-1.07,41550,42150,41250,32959,1374999500,1965779178000,47028210
2015/12/07,41950,150,0.36,41800,42300,41100,48815,2045399250,1972833409500,47028210
2015/12/08,39750,-2200,-5.24,42150,42150,39550,75316,3017978200,1869371347500,47028210
2015/12/09,39750,0,0.00,39500,40200,39250,43318,1716398600,1869371347500,47028210
2015/12/10,39000,-750,-1.89,39950,39950,38000,66116,2559502200,1834100190000,47028210
2015/12/11,37900,-1100,-2.82,38750,39400,37550,66287,2515255450,1782369159000,47028210
2015/12/14,37200,-700,-1.85,37100,38350,36550,78875,2955502250,1749449412000,47028210
2015/12/15,37650,450,1.21,37400,37950,36850,54349,2030676200,1770612106500,47028210
2015/12/16,37650,0,0.00,37850,38350,37250,66424,2508936300,1770612106500,47028210
2015/12/17,38000,350,0.93,38000,38650,37700,67787,2582127950,1787071980000,47028210
2015/12/18,39150,1150,3.03,37900,39600,37550,83693,3256666150,1841154421500,47028210
2015/12/21,38900,-250,-0.64,38800,39400,38500,50305,1961784900,1829397369000,47028210
2015/12/22,38350,-550,-1.41,39100,39500,37950,59782,2294897350,1803531853500,47028210
2015/12/23,38550,200,0.52,38150,39050,38150,62665,2411469050,1812937495500,47028210
2015/12/24,38150,-400,-1.04,38650,38700,37400,80349,3057463300,1794126211500,47028210
2015/12/28,39050,900,2.36,37750,39050,37700,70354,2713313700,1836451600500,47028210
2015/12/29,41700,2650,6.79,39050,42000,38950,90148,3712513950,1961076357000,47028210
2015/12/30,41950,250,0.60,42000,42550,41450,44703,1882222500,1972833409500,47028210
2016/01/04,41300,-650,-1.55,42400,42650,41000,39733,1670728400,1942265073000,47028210
2016/01/05,41900,600,1.45,40550,42750,40450,62924,2650413600,1970481999000,47028210
2016/01/06,46650,4750,11.34,42800,47500,41900,466352,21190144200,2193865996500,47028210
2016/01/07,46750,100,0.21,47250,51900,45800,619233,29727908650,2198568817500,47028210
2016/01/08,48800,2050,4.39,45800,49000,45250,340144,16292635200,2294976648000,47028210
2016/01/11,45400,-3400,-6.97,49350,49550,45150,257230,12154935600,2135080734000,47028210
2016/01/12,44600,-800,-1.76,45900,46250,44000,140511,6331723000,2097458166000,47028210
2016/01/13,44900,300,0.67,44900,45750,44400,87392,3929254000,2111566629000,47028210
2016/01/14,44950,50,0.11,43400,45000,42600,135720,5952268250,2113918039500,47028210
2016/01/15,46450,1500,3.34,45800,48100,44450,177990,8241929650,2184460354500,47028210
2016/01/18,47800,1350,2.91,45700,47900,45700,171698,8086501600,2247948438000,47028210
2016/01/19,48200,400,0.84,47400,48550,47200,181601,8706345700,2266759722000,47028210
2016/01/20,47450,-750,-1.56,48200,49150,45700,195596,9332760100,2231488564500,47028210
2016/01/21,46450,-1000,-2.11,47450,48350,45800,88585,4161813350,2184460354500,47028210
2016/01/22,48050,1600,3.44,46600,48050,46100,128023,6053843750,2259705490500,47028210
2016/01/25,49100,1050,2.19,48050,49600,48050,153351,7546227600,2309085111000,47028210
2016/01/26,49700,600,1.22,48950,49950,48750,105514,5225867300,2337302037000,47028210
2016/01/27,48950,-750,-1.51,50000,50000,47700,156795,7611627500,2302030879500,47028210
2016/01/28,48800,-150,-0.31,48600,49200,47400,83973,4066942550,2294976648000,47028210
2016/01/29,48000,-800,-1.64,48800,49100,46600,196493,9291236600,2257354080000,47028210
2016/02/01,48700,700,1.46,48100,49100,47000,110532,5340464750,2290273827000,47028210
2016/02/02,47350,-1350,-2.77,49000,49050,47300,96126,4619281800,2226785743500,47028210
2016/02/03,48900,1550,3.27,47200,49000,46750,154069,7416674850,2299679469000,47028210
2016/02/04,45100,-3800,-7.77,48900,49000,44850,213598,9969205750,2120972271000,47028210
2016/02/05,46800,1700,3.77,45400,46850,45400,206102,9555720650,2200920228000,47028210
2016/02/11,43650,-3150,-6.73,45000,45850,43350,67427,2989165900,2052781366500,47028210
2016/02/12,39600,-4050,-9.28,42500,43000,38250,258977,10348018850,1862317116000,47028210
2016/02/15,40650,1050,2.65,39650,41400,39150,181688,7310322300,1911696736500,47028210
2016/02/16,42150,1500,3.69,40950,42950,40850,98721,4158917200,1982239051500,47028210
2016/02/17,39900,-2250,-5.34,42200,42500,39750,90935,3693005400,1876425579000,47028210
2016/02/18,41450,1550,3.88,40900,41700,40650,71902,2972546200,1949319304500,47028210
2016/02/19,42300,850,2.05,41200,42500,41050,88522,3723647250,1989293283000,47028210
2016/02/22,42500,200,0.47,42300,43400,41750,79929,3404142450,1998698925000,47028210
2016/02/23,41600,-900,-2.12,42650,42800,41200,60152,2507621800,1956373536000,47028210
2016/02/24,40150,-1450,-3.49,40950,41600,40150,83792,3413229100,1888182631500,47028210
2016/02/25,40800,650,1.62,40550,42500,40250,116784,4810368200,1918750968000,47028210
2016/02/26,41200,400,0.98,40800,41450,40150,57909,2373313900,1937562252000,47028210
2016/02/29,41400,200,0.49,41700,41700,40450,56051,2293042900,1946967894000,47028210
2016/03/02,41500,100,0.24,41400,42550,41250,101319,4223126850,1951670715000,47028210
2016/03/03,41250,-250,-0.60,41650,41650,40400,128522,5248046400,1939913662500,47028210
2016/03/04,40400,-850,-2.06,41200,41450,40050,149041,6010651350,1899939684000,47028210
2016/03/07,39700,-700,-1.73,40100,40450,39450,91416,3636404800,1867019937000,47028210
2016/03/08,39300,-400,-1.01,40000,40100,38600,139987,5473063250,1848208653000,47028210
2016/03/09,38600,-700,-1.78,39300,40000,38300,266927,10367420300,1815288906000,47028210
2016/03/10,39200,600,1.55,39000,39650,38000,311072,12044275000,1843505832000,47028210
2016/03/11,39050,-150,-0.38,39200,39200,38400,71932,2782592500,1836451600500,47028210
2016/03/14,38750,-300,-0.77,39200,39350,38200,105873,4071149950,1822343137500,47028210
2016/03/15,38450,-300,-0.77,38750,38950,38100,89766,3449234850,1808234674500,47028210
2016/03/16,38750,300,0.78,38700,38850,38100,128235,4946554800,1822343137500,47028210
2016/03/17,38500,-250,-0.65,38650,39050,38300,122040,4703692150,1810586085000,47028210
2016/03/18,39000,500,1.30,38350,39350,38300,138979,5378377250,1834100190000,47028210
2016/03/21,38200,-800,-2.05,39200,39200,37850,117589,4495155350,1796477622000,47028210
2016/03/22,37700,-500,-1.31,38250,38350,37300,154608,5822059050,1772963517000,47028210
2016/03/23,37600,-100,-0.27,37750,38000,37000,83118,3117612250,1768260696000,47028210
2016/03/24,37000,-600,-1.60,37300,37500,36200,163656,6001787850,1740043770000,47028210
2016/03/25,37000,0,0.00,37150,37750,36300,126420,4684894850,1740043770000,47028210
2016/03/28,36650,-350,-0.95,37050,37350,36150,113655,4154863950,1723583896500,47028210
2016/03/29,35900,-750,-2.05,36650,36700,35350,177610,6360470800,1688312739000,47028210
2016/03/30,36800,900,2.51,35750,36850,35550,121096,4402242000,1730638128000,47028210
2016/03/31,36400,-400,-1.09,36900,36950,35700,103659,3739905450,1711826844000,47028210
2016/04/01,35700,-700,-1.92,36400,36650,35500,134184,4817790750,1678907097000,47028210
2016/04/04,36800,1100,3.08,35800,36950,35750,149244,5474884000,1730638128000,47028210
2016/04/05,37900,1100,2.99,36800,38100,36500,181019,6809375800,1782369159000,47028210
2016/04/06,37050,-850,-2.24,38000,38000,36800,145800,5438999250,1742395180500,47028210
2016/04/07,37000,-50,-0.13,37400,37450,36600,147994,5463960050,1740043770000,47028210
2016/04/08,37750,750,2.03,37000,38000,36550,105610,3972982250,1775314927500,47028210
2016/04/11,36700,-1050,-2.78,37750,37950,36550,75056,2790793450,1725935307000,47028210
2016/04/12,36750,50,0.14,36700,37300,36300,77609,2839789850,1728286717500,47028210
2016/04/14,36050,-700,-1.90,36800,36800,35750,95829,3452787600,1695366970500,47028210
2016/04/15,36350,300,0.83,36000,36350,35750,63244,2283890650,1709475433500,47028210
2016/04/18,35950,-400,-1.10,36350,36450,35750,59150,2127101250,1690664149500,47028210
2016/04/19,35350,-600,-1.67,35950,36250,35300,116799,4168134250,1662447223500,47028210
2016/04/20,35350,0,0.00,35600,35700,35300,48949,1734629850,1662447223500,47028210
2016/04/21,34700,-650,-1.84,35300,35500,34600,96864,3392213050,1631878887000,47028210
2016/04/22,34450,-250,-0.72,34650,35050,34300,59835,2067924150,1620121834500,47028210
2016/04/25,35650,1200,3.48,34750,35800,34500,80139,2847957200,1676555686500,47028210
2016/04/26,35950,300,0.84,35900,36850,35600,141860,5142159050,1690664149500,47028210
2016/04/27,34900,-1050,-2.92,36000,36000,34850,90655,3186668100,1641284529000,47028210
2016/04/28,35350,450,1.29,34950,35450,34400,79023,2752941550,1662447223500,47028210
2016/04/29,35200,-150,-0.42,35950,35950,35000,67399,2374285750,1655392992000,47028210
2016/05/02,34000,-1200,-3.41,34850,35250,34000,93214,3196702900,1598959140000,47028210
2016/05/03,34850,850,2.50,33700,35650,33700,155724,5405957800,1638933118500,47028210
2016/05/04,34800,-50,-0.14,35200,35200,34400,61683,2150919950,1636581708000,47028210
2016/05/09,34750,-50,-0.14,34800,35050,34400,50992,1770137750,1634230297500,47028210
2016/05/10,36400,1650,4.75,34850,36400,34850,119078,4273607500,1711826844000,47028210
2016/05/11,36350,-50,-0.14,36400,36700,35850,63673,2316369650,1709475433500,47028210
2016/05/12,36600,250,0.69,35950,36850,35900,51085,1862272950,1721232486000,47028210
2016/05/13,36250,-350,-0.96,36700,36700,36000,41857,1515076350,1704772612500,47028210
2016/05/16,36050,-200,-0.55,36050,36400,35450,49166,1761376750,1695366970500,47028210
2016/05/17,36050,0,0.00,36300,36300,35600,32389,1161047600,1695366970500,47028210
2016/05/18,35400,-650,-1.80,35550,36200,35100,69811,2470660650,1664798634000,47028210
2016/05/19,34350,-1050,-2.97,35250,35700,34250,102008,3536034550,1615419013500,47028210
2016/05/20,34850,500,1.46,34700,35300,34350,69031,2401381750,1638933118500,47028210
2016/05/23,35900,1050,3.01,34800,36000,34800,98121,3494796150,1688312739000,47028210
2016/05/24,35100,-800,-2.23,36000,36150,34750,66194,2325575400,1650690171000,47028210
2016/05/25,34150,-950,-2.71,35600,35600,34100,107726,3717995900,1606013371500,47028210
2016/05/26,34500,350,1.02,34050,34600,34050,47406,1628517700,1622473245000,47028210
2016/05/27,34550,50,0.14,34300,34900,34250,46769,1615950450,1624824655500,47028210
2016/05/30,35000,450,1.30,34600,35250,34300,46840,1636258100,1645987350000,47028210
2016/05/31,34850,-150,-0.43,35100,35850,34600,94233,3294565250,1638933118500,47028210
2016/06/01,35000,150,0.43,34850,35450,34800,36978,1295782700,1645987350000,47028210
2016/06/02,35100,100,0.29,35000,35300,34800,52645,1842860900,1650690171000,47028210
2016/06/03,36650,1550,4.42,35100,36850,35050,160548,5813665450,1723583896500,47028210
2016/06/07,38800,2150,5.87,36950,39100,36950,375194,14341155300,1824694548000,47028210
2016/06/08,39000,200,0.52,38800,39050,37600,217787,8413753500,1834100190000,47028210
2016/06/09,38800,-200,-0.51,39100,39450,37400,246198,9613923350,1824694548000,47028210
2016/06/10,39400,600,1.55,39250,40000,38700,138658,5446113600,1852911474000,47028210
2016/06/13,38250,-1150,-2.92,39100,39300,38200,91236,3518443700,1798829032500,47028210
2016/06/14,39400,1150,3.01,38300,39500,37500,144599,5583222850,1852911474000,47028210
2016/06/15,39950,550,1.40,39550,40000,38650,159734,6336348600,1878776989500,47028210
2016/06/16,38500,-1450,-3.63,40400,40400,37800,160754,6230734850,1810586085000,47028210
2016/06/17,39000,500,1.30,39100,39250,38250,104908,4080477500,1834100190000,47028210
2016/06/20,39550,550,1.41,39200,39600,38800,84426,3319183300,1859965705500,47028210
2016/06/21,40400,850,2.15,39600,40400,39000,110335,4383192350,1899939684000,47028210
2016/06/22,40800,400,0.99,40500,41000,39850,146829,5932934150,1918750968000,47028210
2016/06/23,38550,-2250,-5.51,41700,42000,38250,399706,15883908900,1812937495500,47028210
2016/06/24,37700,-850,-2.20,38650,39200,35000,333580,12400933050,1772963517000,47028210
2016/06/27,37500,-200,-0.53,36500,37750,36150,156259,5784381700,1763557875000,47028210
2016/06/28,37750,250,0.67,37050,38500,36600,81830,3097539200,1775314927500,47028210
2016/06/29,38000,250,0.66,37700,38350,37500,94238,3568001000,1787071980000,47028210
2016/06/30,37850,-150,-0.39,38100,38200,37400,68595,2581873200,1780017748500,47028210
2016/07/01,38200,350,0.92,37850,38400,37800,106887,4077425150,1796477622000,47028210
2016/07/04,39000,800,2.09,38150,39250,37800,117528,4547647650,1834100190000,47028210
2016/07/05,38400,-600,-1.54,38800,39200,38250,43102,1664552000,1805883264000,47028210
2016/07/06,37350,-1050,-2.73,38250,38350,36750,114931,4285777350,1756503643500,47028210
2016/07/07,38300,950,2.54,37600,38400,37550,117148,4466018950,1801180443000,47028210
2016/07/08,37800,-500,-1.31,38300,38400,37050,90052,3382371800,1777666338000,47028210
2016/07/11,37450,-350,-0.93,37600,38200,37200,74564,2801308100,1761206464500,47028210
2016/07/12,36750,-700,-1.87,37350,37750,36550,102727,3781677350,1728286717500,47028210
2016/07/13,36750,0,0.00,36650,37100,36300,104218,3813404900,1728286717500,47028210
2016/07/14,36000,-750,-2.04,36550,37000,35850,107404,3873782950,1693015560000,47028210
2016/07/15,35300,-700,-1.94,36200,36200,35200,132822,4722496750,1660095813000,47028210
2016/07/18,35600,300,0.85,35150,35900,35050,43953,1563338550,1674204276000,47028210
2016/07/19,35200,-400,-1.12,35650,35800,35100,64989,2294813850,1655392992000,47028210
2016/07/20,35600,400,1.14,35150,35700,35100,40893,1450836750,1674204276000,47028210
2016/07/21,35400,-200,-0.56,35500,35800,35100,64236,2269952750,1664798634000,47028210
2016/07/22,35300,-100,-0.28,35350,35500,35100,50417,1780674450,1660095813000,47028210
2016/07/25,35100,-200,-0.57,35300,35650,35050,55694,1961454100,1650690171000,47028210
2016/07/26,35100,0,0.00,35050,35300,34900,72702,2545455250,1650690171000,47028210
2016/07/27,34450,-650,-1.85,34850,35150,34200,113516,3926132550,1620121834500,47028210
2016/07/28,34700,250,0.73,34550,34900,34000,87267,3009073100,1631878887000,47028210
2016/07/29,34300,-400,-1.15,34300,34600,34100,96077,3293196100,1613067603000,47028210
2016/08/01,33200,-1100,-3.21,34150,34300,32700,163784,5442861850,1561336572000,47028210
2016/08/02,32850,-350,-1.05,33200,33350,32500,88243,2890451600,1544876698500,47028210
2016/08/03,33200,350,1.07,32550,33200,32550,55392,1817775450,1561336572000,47028210
2016/08/04,33350,150,0.45,33500,33550,32950,49876,1658166450,1568390803500,47028210
2016/08/05,33150,-200,-0.60,33500,33500,33050,63870,2121461550,1558985161500,47028210
2016/08/08,33500,350,1.06,32900,33500,32800,79218,2618248400,1575445035000,47028210
2016/08/09,33450,-50,-0.15,33500,34150,33150,75120,2515311050,1573093624500,47028210
2016/08/10,33900,450,1.35,33550,34050,33050,90798,3041906200,1594256319000,47028210
2016/08/11,33750,-150,-0.44,33900,34000,33450,69564,2339243150,1587202087500,47028210
2016/08/12,33300,-450,-1.33,33750,34000,33200,74840,2505265050,1566039393000,47028210
2016/08/16,32950,-350,-1.05,33050,33650,32950,58755,1942766600,1549579519500,47028210
2016/08/17,32150,-800,-2.43,32950,33000,31750,125710,4040833050,1511956951500,47028210
2016/08/18,31400,-750,-2.33,31950,32100,31400,97952,3097711350,1476685794000,47028210
2016/08/19,32100,700,2.23,31400,32500,31400,107484,3431964900,1509605541000,47028210
2016/08/22,30800,-1300,-4.05,32000,32100,30750,137507,4279126500,1448468868000,47028210
2016/08/23,31100,300,0.97,30700,31800,30700,86375,2708614600,1462577331000,47028210
2016/08/24,31400,300,0.96,31050,31500,31000,86135,2691667650,1476685794000,47028210
2016/08/25,31350,-50,-0.16,31600,31850,31050,51787,1622444550,1474334383500,47028210
2016/08/26,31350,0,0.00,31150,31600,31100,37914,1187922950,1474334383500,47028210
2016/08/29,30350,-1000,-3.19,31300,31450,30150,54534,1671936100,1427306173500,47028210
2016/08/30,30250,-100,-0.33,30200,30900,30200,45723,1393367450,1422603352500,47028210
2016/08/31,30200,-50,-0.17,30150,30550,29900,56551,1703490850,1420251942000,47028210
2016/09/01,30200,0,0.00,30300,30500,29850,42868,1287123100,1420251942000,47028210
2016/09/02,30200,0,0.00,30250,30400,29850,61640,1850434650,1420251942000,47028210
2016/09/05,30800,600,1.99,30200,31000,30200,51647,1577534300,1448468868000,47028210
2016/09/06,29650,-1150,-3.73,30650,30700,29450,124320,3709940750,1394386426500,47028210
2016/09/07,28550,-1100,-3.71,29650,29900,28550,139985,4066321900,1342655395500,47028210
2016/09/08,28550,0,0.00,28350,29000,27750,170227,4820477750,1342655395500,47028210
2016/09/09,27800,-750,-2.63,28500,28500,27200,132919,3664311100,1307384238000,47028210
2016/09/12,27650,-150,-0.54,26850,28400,26850,111252,3077384750,1300330006500,47028210
2016/09/13,27800,150,0.54,27900,28050,27600,50379,1402628200,1307384238000,47028210
2016/09/19,27650,-150,-0.54,27350,28200,27350,39360,1087698300,1300330006500,47028210
2016/09/20,30100,2450,8.86,27500,30150,27500,130557,3820449450,1415549121000,47028210
2016/09/21,29300,-800,-2.66,30300,30300,29100,98958,2907618150,1377926553000,47028210
2016/09/22,28950,-350,-1.19,29050,29500,28900,110890,3223461800,1361466679500,47028210
2016/09/23,29350,400,1.38,29000,29550,28950,68996,2022863000,1380277963500,47028210
2016/09/26,29700,350,1.19,29350,30100,29350,72534,2154643500,1396737837000,47028210
2016/09/27,29800,100,0.34,29450,29900,29200,60013,1773706050,1401440658000,47028210
2016/09/28,30150,350,1.17,29850,30650,29800,94253,2855646950,1417900531500,47028210
2016/09/29,30250,100,0.33,30400,30550,29900,68742,2082496500,1422603352500,47028210
2016/09/30,28650,-1600,-5.29,30500,30500,28600,135930,3953898450,1347358216500,47028210
2016/10/04,29450,800,2.79,28650,29700,28200,101737,2964169300,1384980784500,47028210
2016/10/05,29050,-400,-1.36,29150,29700,28650,55245,1599219150,1366169500500,47028210
2016/10/06,28200,-850,-2.93,29050,29050,28050,60367,1712431900,1326195522000,47028210
2016/10/07,27400,-800,-2.84,28200,28400,27350,83474,2316763050,1288572954000,47028210
2016/10/10,27550,150,0.55,27300,27750,27300,38671,1063683500,1295627185500,47028210
2016/10/11,27000,-550,-2.00,27400,27750,26950,77908,2118680150,1269761670000,47028210
2016/10/12,27200,200,0.74,26850,27500,26850,28735,780939100,1279167312000,47028210
2016/10/13,26700,-500,-1.84,27250,27350,26200,92922,2489254800,1255653207000,47028210
2016/10/14,25900,-800,-3.00,26600,26950,25900,117924,3086260650,1218030639000,47028210
2016/10/17,24900,-1000,-3.86,25900,26150,24900,146405,3674804550,1171002429000,47028210
2016/10/18,24850,-50,-0.20,25000,25350,24750,67681,1690384200,1168651018500,47028210
2016/10/19,25450,600,2.41,25200,25700,25100,103767,2639535200,1196867944500,47028210
2016/10/20,25100,-350,-1.38,25550,25550,25000,45431,1146537700,1180408071000,47028210
2016/10/21,25700,600,2.39,25050,25700,24900,68431,1735664700,1208624997000,47028210
2016/10/24,24900,-800,-3.11,25600,25650,24700,69743,1746653400,1171002429000,47028210
2016/10/25,24150,-750,-3.01,24950,24950,23900,56821,1376268000,1135731271500,47028210
2016/10/26,24100,-50,-0.21,24100,24400,23850,58017,1393396050,1133379861000,47028210
2016/10/27,24550,450,1.87,23900,24600,23900,44811,1090726450,1154542555500,47028210
2016/10/28,23300,-1250,-5.09,24550,24550,23300,90716,2141334450,1095757293000,47028210
2016/10/31,22200,-1100,-4.72,23300,23400,22000,121556,2722304050,1044026262000,47028210
2016/11/01,21800,-400,-1.80,21850,22250,21500,134538,2949789050,1025214978000,47028210
2016/11/02,20400,-1400,-6.42,21650,21750,20250,217026,4468388500,959375484000,47028210
2016/11/03,21150,750,3.68,20100,21350,20100,133186,2790090400,994646641500,47028210
2016/11/04,22100,950,4.49,21200,22200,20900,121482,2649840900,1039323441000,47028210
2016/11/07,21850,-250,-1.13,22100,22250,21600,69587,1522775050,1027566388500,47028210
2016/11/08,22100,250,1.14,21900,22300,21800,57484,1266407350,1039323441000,47028210
2016/11/09,21600,-500,-2.26,22250,22600,20650,125528,2693742800,1015809336000,47028210
2016/11/10,23700,2100,9.72,22400,24150,22400,196737,4628168950,1114568577000,47028210
2016/11/11,23500,-200,-0.84,23750,23950,23100,109357,2574165500,1105162935000,47028210
2016/11/14,23250,-250,-1.06,23500,23700,23000,57289,1330373550,1093405882500,47028210
2016/11/15,23800,550,2.37,23250,23800,23100,70119,1642141950,1119271398000,47028210
2016/11/16,23750,-50,-0.21,24000,24000,23600,45320,1076079650,1116919987500,47028210
2016/11/17,23700,-50,-0.21,23650,23800,23300,31040,732098000,1114568577000,47028210
2016/11/18,23450,-250,-1.05,23750,23750,23100,38197,893788400,1102811524500,47028210
2016/11/21,22750,-700,-2.99,23400,23400,22350,50571,1145897750,1069891777500,47028210
2016/11/22,22350,-400,-1.76,22700,23050,21900,93612,2074435650,1051080493500,47028210
2016/11/23,20450,-1900,-8.50,22000,22050,20400,188411,3955586850,961726894500,47028210
2016/11/24,21700,1250,6.11,20400,21850,20400,175558,3757281500,1020512157000,47028210
2016/11/25,21450,-250,-1.15,21300,21900,21200,76898,1645538900,1008755104500,47028210
2016/11/28,21700,250,1.17,21750,22200,21450,56224,1222676700,1020512157000,47028210
2016/11/29,21750,50,0.23,21500,22150,21300,41405,900839000,1022863567500,47028210
2016/11/30,22500,750,3.45,22000,22500,21700,77881,1738716050,1058134725000,47028210
2016/12/01,22000,-500,-2.22,22600,22600,21500,46166,1017013500,1034620620000,47028210
2016/12/02,21900,-100,-0.45,22250,22250,21600,34314,747799000,1029917799000,47028210
2016/12/05,21200,-700,-3.20,21900,21950,20950,79972,1697869750,996998052000,47028210
2016/12/06,21100,-100,-0.47,20950,21700,20950,72855,1550706200,992295231000,47028210
2016/12/07,20250,-850,-4.03,21100,21350,19550,217188,4375117650,952321252500,47028210
2016/12/08,20500,250,1.23,20350,20750,20050,140069,2860511850,964078305000,47028210
2016/12/09,21000,500,2.44,20350,21150,20350,87889,1830480500,987592410000,47028210
2016/12/12,21650,650,3.10,21050,21900,21050,108607,2348771000,1018160746500,47028210
2016/12/13,23050,1400,6.47,21650,23200,21650,238843,5452319950,1084000240500,47028210
2016/12/14,23050,0,0.00,23450,23500,22500,141570,3250647950,1084000240500,47028210
2016/12/15,23400,350,1.52,22700,23450,22450,65436,1522608700,1100460114000,47028210
2016/12/16,22900,-500,-2.14,23300,23300,22750,73230,1680857000,1076946009000,47028210
2016/12/19,23000,100,0.44,22800,23350,22550,54433,1256465100,1081648830000,47028210
2016/12/20,23000,0,0.00,23050,23500,23000,56036,1298146150,1081648830000,47028210
2016/12/21,23050,50,0.22,23100,23450,22650,84371,1932596200,1084000240500,47028210
2016/12/22,22850,-200,-0.87,23000,23150,22600,53129,1210819200,1074594598500,47028210
2016/12/23,22850,0,0.00,22700,23250,22600,45715,1047499950,1074594598500,47028210
2016/12/26,23400,550,2.41,23100,23750,22850,121543,2844923350,1100460114000,47028210
2016/12/27,23450,50,0.21,23450,23900,23250,88507,2086978400,1102811524500,47028210
2016/12/28,23900,450,1.92,23250,23950,23150,57996,1363014450,1123974219000,47028210
2016/12/29,23800,-100,-0.42,23950,24000,23450,38567,910821350,1119271398000,47028210
2017/01/02,22900,-900,-3.78,23600,23650,22850,83354,1917075350,1076946009000,47028210
2017/01/03,22750,-150,-0.66,23000,23150,22550,55108,1256164050,1069891777500,47028210
2017/01/04,23450,700,3.08,23000,23450,22800,50993,1185770850,1102811524500,47028210
2017/01/05,24350,900,3.84,23600,24900,23500,175804,4263248800,1145136913500,47028210
2017/01/06,24300,-50,-0.21,24500,24750,23800,91425,2223974750,1142785503000,47028210
2017/01/09,23450,-850,-3.50,24250,24300,23300,83039,1967426700,1102811524500,47028210
2017/01/10,22900,-550,-2.35,23400,23450,22850,68490,1579216550,1076946009000,47028210
2017/01/11,22400,-500,-2.18,22900,23050,22300,99826,2255374600,1053431904000,47028210
2017/01/12,21900,-500,-2.23,22500,22500,21700,106419,2331617650,1029917799000,47028210
2017/01/13,22850,950,4.34,21900,23650,21900,206230,4727714800,1074594598500,47028210
2017/01/16,23300,450,1.97,23000,23400,22500,92458,2141079600,1095757293000,47028210
2017/01/17,22950,-350,-1.50,23300,23550,22800,61123,1415651150,1079297419500,47028210
2017/01/18,23600,650,2.83,22950,23600,22900,93379,2188953200,1109865756000,47028210
2017/01/19,23950,350,1.48,23600,24000,23300,82983,1972267750,1126325629500,47028210
2017/01/20,23800,-150,-0.63,23800,24200,23400,81509,1937208650,1119271398000,47028210
2017/01/23,23050,-750,-3.15,23600,23800,22800,84496,1947839300,1084000240500,47028210
2017/01/24,21950,-1100,-4.77,22850,22850,21800,128978,2864394700,1032269209500,47028210
2017/01/25,21350,-600,-2.73,22000,22150,21300,77903,1675167550,1004052283500,47028210
2017/01/26,21450,100,0.47,21300,21700,21250,74440,1595399400,1008755104500,47028210
2017/01/31,21350,-100,-0.47,21400,21550,21150,48364,1030900750,1004052283500,47028210
2017/02/01,21900,550,2.58,21300,21950,21200,63583,1380738700,1029917799000,47028210
2017/02/02,21700,-200,-0.91,21800,22050,21350,61022,1322114500,1020512157000,47028210
2017/02/03,21800,100,0.46,21500,22250,21200,64481,1406732950,1025214978000,47028210
2017/02/06,21950,150,0.69,21850,22150,21650,72044,1575962000,1032269209500,47028210
2017/02/07,22550,600,2.73,21900,22700,21850,102021,2287628350,1060486135500,47028210
2017/02/08,22150,-400,-1.77,22550,22550,21750,82524,1812867550,1041674851500,47028210
2017/02/09,22450,300,1.35,22300,22650,22100,54505,1223169100,1055783314500,47028210
2017/02/10,22450,0,0.00,22350,22900,22300,39486,889783050,1055783314500,47028210
2017/02/13,22700,250,1.11,22350,22800,22250,54212,1226635950,1067540367000,47028210
2017/02/14,22700,0,0.00,22650,22800,22350,56359,1272530200,1067540367000,47028210
2017/02/15,24000,1300,5.73,22800,24050,22750,214943,5089621650,1128677040000,47028210
2017/02/16,24300,300,1.25,24150,24500,23550,128519,3109128300,1142785503000,47028210
2017/02/17,25500,1200,4.94,24100,25700,23600,186692,4689017300,1199219355000,47028210
2017/02/20,25800,300,1.18,25850,26300,25500,139554,3603137700,1213327818000,47028210
2017/02/21,26700,900,3.49,25500,27200,25500,213637,5683002600,1255653207000,47028210
2017/02/22,26200,-500,-1.87,27000,27000,25900,86804,2279967400,1232139102000,47028210
2017/02/23,26400,200,0.76,26250,26750,26050,62464,1643211150,1241544744000,47028210
2017/02/24,26850,450,1.70,26400,27050,26400,109105,2922953300,1262707438500,47028210
2017/02/27,26650,-200,-0.74,26750,27400,26450,92998,2501714400,1253301796500,47028210
2017/02/28,26600,-50,-0.19,26600,26750,25750,74117,1946052000,1250950386000,47028210
2017/03/02,26000,-600,-2.26,26600,26800,25700,81341,2114476950,1222733460000,47028210
2017/03/03,25750,-250,-0.96,26000,26000,25150,60413,1533158900,1210976407500,47028210
2017/03/06,26000,250,0.97,25700,26300,25550,36562,950630650,1222733460000,47028210
2017/03/07,26550,550,2.12,26000,26550,25950,65909,1726539950,1248598975500,47028210
2017/03/08,25400,-1150,-4.33,26550,26550,25350,104151,2677546900,1194516534000,47028210
2017/03/09,25400,0,0.00,25800,25900,25300,74297,1903943350,1194516534000,47028210
2017/03/10,26850,1450,5.71,25450,26850,25450,119771,3167511350,1262707438500,47028210
2017/03/13,26650,-200,-0.74,26900,27300,26350,78963,2108291700,1253301796500,47028210
2017/03/14,26600,-50,-0.19,26650,26700,26200,86384,2288912600,1250950386000,47028210
2017/03/15,25600,-1000,-3.76,26600,26600,25550,85918,2212796400,1203922176000,47028210
2017/03/16,25400,-200,-0.78,25600,26350,24800,125029,3164613700,1194516534000,47028210
2017/03/17,26150,750,2.95,25450,26150,25050,85237,2209627650,1229787691500,47028210
2017/03/20,25350,-800,-3.06,26200,26250,25150,88693,2246700700,1192165123500,47028210
2017/03/21,28000,2650,10.45,25550,28500,25300,469894,12937690450,1316789880000,47028210
2017/03/22,27600,-400,-1.43,27650,28200,27300,182016,5043732600,1297978596000,47028210
2017/03/23,26750,-850,-3.08,27850,28000,26300,204131,5471592350,1258004617500,47028210
2017/03/24,26950,200,0.75,26750,27000,26250,93783,2496040250,1267410259500,47028210
2017/03/27,27900,950,3.53,26600,28100,26500,235127,6533293200,1312087059000,47028210
2017/03/28,28100,200,0.72,28000,28400,27500,106859,2996880100,1321492701000,47028210
2017/03/29,28600,500,1.78,28250,28750,27500,130402,3675694650,1345006806000,47028210
2017/03/30,28500,-100,-0.35,28700,28750,28200,76074,2173337750,1340303985000,47028210
2017/03/31,28650,150,0.53,28550,29150,28550,96601,2784681050,1347358216500,47028210
2017/04/03,29150,500,1.75,28800,29300,28500,85741,2487293600,1370872321500,47028210
2017/04/04,29150,0,0.00,29150,29300,28650,95167,2769091300,1370872321500,47028210
2017/04/05,29550,400,1.37,29300,29750,28750,184087,5395590300,1389683605500,47028210
2017/04/06,30450,900,3.05,29600,30450,29150,150518,4497172600,1432008994500,47028210
2017/04/07,31250,800,2.63,30200,31300,30200,178743,5530544950,1469631562500,47028210
2017/04/10,30500,-750,-2.40,31400,31500,30250,158246,4856273400,1434360405000,47028210
2017/04/11,30300,-200,-0.66,30350,31000,29600,141064,4278158250,1424954763000,47028210
2017/04/12,30250,-50,-0.17,30300,30500,29900,108989,3296230950,1422603352500,47028210
2017/04/13,30100,-150,-0.50,30050,30600,30000,72539,2195424150,1415549121000,47028210
2017/04/14,30050,-50,-0.17,30100,30750,29650,54687,1656848550,1413197710500,47028210
2017/04/17,30700,650,2.16,30200,30950,30000,78691,2409830650,1443766047000,47028210
2017/04/18,31400,700,2.28,30950,31500,30550,97091,3023880300,1476685794000,47028210
2017/04/19,31800,400,1.27,31500,31950,31000,98995,3139522900,1495497078000,47028210
2017/04/20,31850,50,0.16,31450,32100,31450,88340,2815841350,1497848488500,47028210
2017/04/21,32000,150,0.47,31900,32450,31400,93401,2991912700,1504902720000,47028210
2017/04/24,31000,-1000,-3.13,32000,32150,31000,85399,2672249950,1457874510000,47028210
2017/04/25,32200,1200,3.87,31050,32200,31000,112409,3585898100,1514308362000,47028210
2017/04/26,32400,200,0.62,32400,32550,32050,98657,3191940200,1523714004000,47028210
2017/04/27,32750,350,1.08,32400,32750,31600,83513,2690446700,1540173877500,47028210
2017/04/28,32600,-150,-0.46,32750,32950,32350,83284,2727203850,1533119646000,47028210
2017/05/02,33000,400,1.23,32600,33250,32600,54021,1781420200,1551930930000,47028210
2017/05/04,32700,-300,-0.91,33000,33150,32450,50226,1642606650,1537822467000,47028210
2017/05/08,33000,300,0.92,32700,33600,32600,145102,4808749400,1551930930000,47028210
2017/05/10,33500,500,1.52,32700,33500,32500,132460,4371807600,1575445035000,47028210
2017/05/11,33550,50,0.15,33550,33600,33200,86060,2880262250,1577796445500,47028210
2017/05/12,32400,-1150,-3.43,33400,33450,32200,96159,3139499000,1523714004000,47028210
2017/05/15,33200,800,2.47,32500,33200,32250,62225,2050368050,1561336572000,47028210
2017/05/16,32500,-700,-2.11,32900,33250,31950,113917,3685257300,1528416825000,47028210
2017/05/17,32900,400,1.23,32300,33050,32300,68198,2231452050,1547228109000,47028210
2017/05/18,33350,450,1.37,32200,33600,32200,203413,6754659050,1568390803500,47028210
2017/05/19,33750,400,1.20,33600,33900,33400,86447,2912308400,1587202087500,47028210
2017/05/22,33900,150,0.44,33500,33900,33300,83546,2813754200,1594256319000,47028210
2017/05/23,33700,-200,-0.59,34100,34100,33550,77409,2614317050,1584850677000,47028210
2017/05/24,35100,1400,4.15,33700,35100,33700,223362,7781390150,1650690171000,47028210
2017/05/25,35500,400,1.14,35200,35700,34500,138954,4855952500,1669501455000,47028210
2017/05/26,35600,100,0.28,35500,35750,35250,85976,3051493600,1674204276000,47028210
2017/05/29,35300,-300,-0.84,35600,35600,34950,67721,2391222300,1660095813000,47028210
2017/05/30,35000,-300,-0.85,35300,36000,34850,119538,4220174300,1645987350000,47028210
2017/05/31,35500,500,1.43,35000,35650,34550,108218,3804090350,1669501455000,47028210
2017/06/01,35100,-400,-1.13,35400,35650,34650,109588,3839421350,1650690171000,47028210
2017/06/02,35450,350,1.00,34900,35500,34900,105278,3719348300,1667150044500,47028210
2017/06/05,36500,1050,2.96,35450,36950,35450,203895,7433536250,1716529665000,47028210
2017/06/07,35350,-1150,-3.15,36550,36800,35150,239379,8603393550,1662447223500,47028210
2017/06/08,34300,-1050,-2.97,35350,35550,33350,1005604,34404128900,1613067603000,47028210
2017/06/09,33450,-850,-2.48,34200,35100,33300,383402,13049365400,1573093624500,47028210
2017/06/12,31650,-1800,-5.38,33450,33450,31450,326211,10420909300,1488442846500,47028210
2017/06/13,32050,400,1.26,31700,32500,31500,218035,6979236850,1507254130500,47028210
2017/06/14,30850,-1200,-3.74,32000,32250,30700,258063,8065204250,1450820278500,47028210
2017/06/15,30850,0,0.00,31200,31350,30600,117094,3623613900,1450820278500,47028210
2017/06/16,30450,-400,-1.30,30850,30900,29800,129044,3918713500,1432008994500,47028210
2017/06/19,31850,1400,4.60,30500,31850,30100,184240,5798904650,1497848488500,47028210
2017/06/20,31550,-300,-0.94,31850,32300,31250,204864,6506615250,1483740025500,47028210
2017/06/21,32350,800,2.54,31450,32700,31450,173735,5601465000,1521362593500,47028210
2017/06/22,31350,-1000,-3.09,32550,32550,31200,113999,3595547450,1474334383500,47028210
2017/06/23,31950,600,1.91,31650,32350,31350,155416,4973654000,1502551309500,47028210
2017/06/26,32050,100,0.31,32000,32300,31450,85332,2737338200,1507254130500,47028210
2017/06/27,31750,-300,-0.94,31900,32300,31650,60011,1913165750,1493145667500,47028210
2017/06/28,31100,-650,-2.05,31800,31900,30650,93985,2912775900,1462577331000,47028210
2017/06/29,31800,700,2.25,31150,32000,30650,84252,2665222600,1495497078000,47028210
2017/06/30,31800,0,0.00,31450,32200,31400,75942,2409578550,1495497078000,47028210
2017/07/03,31000,-800,-2.52,31750,31850,30900,96558,3035114650,1457874510000,47028210
2017/07/04,31700,700,2.26,30800,32300,30750,130264,4165552350,1490794257000,47028210
2017/07/05,32400,700,2.21,31550,32700,31550,109106,3526435850,1523714004000,47028210
2017/07/06,32550,150,0.46,32100,33300,32100,123251,4035134450,1530768235500,47028210
2017/07/07,33100,550,1.69,32200,33200,32200,85084,2806298050,1556633751000,47028210
2017/07/10,32300,-800,-2.42,33350,33350,32100,66880,2174428050,1519011183000,47028210
2017/07/11,31800,-500,-1.55,32200,32850,31650,80707,2597114350,1495497078000,47028210
2017/07/12,31150,-650,-2.04,31600,32300,31000,85717,2701951400,1464928741500,47028210
2017/07/13,29700,-1450,-4.65,31200,31450,29650,210454,6349757800,1396737837000,47028210
2017/07/14,30050,350,1.18,29800,30400,29650,99828,3003598450,1413197710500,47028210
2017/07/17,30950,900,3.00,29800,31300,29800,95419,2951537000,1455523099500,47028210
2017/07/18,31350,400,1.29,31250,31550,30800,56262,1761657550,1474334383500,47028210
2017/07/19,31950,600,1.91,31650,32050,31450,59144,1885721050,1502551309500,47028210
2017/07/20,31850,-100,-0.31,32000,32050,31250,85704,2709344100,1497848488500,47028210
2017/07/21,31300,-550,-1.73,31400,31700,31200,64403,2024431350,1471982973000,47028210
2017/07/24,32100,800,2.56,31550,32400,31100,67872,2177659050,1509605541000,47028210
2017/07/25,32700,600,1.87,32400,32950,32100,112028,3662263500,1537822467000,47028210
2017/07/26,34600,1900,5.81,33000,34950,32900,259849,8912740700,1627176066000,47028210
2017/07/27,33650,-950,-2.75,34600,35250,33400,114621,3911728650,1582499266500,47028210
2017/07/28,33700,50,0.15,33650,34700,33450,152557,5164381350,1584850677000,47028210
2017/07/31,32800,-900,-2.67,33100,34150,32650,79817,2656325850,1542525288000,47028210
2017/08/01,32150,-650,-1.98,32850,33250,32000,86916,2829569200,1511956951500,47028210
2017/08/02,31500,-650,-2.02,32200,32200,31150,119782,3778554950,1481388615000,47028210
2017/08/03,31050,-450,-1.43,31250,31300,30750,91562,2834940450,1460225920500,47028210
2017/08/04,31000,-50,-0.16,30750,31750,30700,53060,1649998000,1457874510000,47028210
2017/08/07,31000,0,0.00,31000,31800,30850,73973,2308216600,1457874510000,47028210
2017/08/08,31300,300,0.97,31150,31450,30800,45618,1422221750,1471982973000,47028210
2017/08/09,31600,300,0.96,31000,31950,30900,62954,1984471950,1486091436000,47028210
2017/08/10,31900,300,0.95,31300,32200,31300,100878,3208520100,1500199899000,47028210
2017/08/11,31500,-400,-1.25,31450,31850,30900,105828,3333590050,1481388615000,47028210
2017/08/14,30850,-650,-2.06,32000,32100,30600,75127,2341431550,1450820278500,47028210
2017/08/16,30550,-300,-0.97,30600,31150,30350,83263,2550006350,1436711815500,47028210
2017/08/17,30600,50,0.16,30250,31100,30050,78274,2388895250,1439063226000,47028210
2017/08/18,30900,300,0.98,30200,31200,30200,53797,1663733800,1453171689000,47028210
2017/08/21,31050,150,0.49,30900,31400,30800,58991,1832532200,1460225920500,47028210
2017/08/22,31150,100,0.32,31450,31500,31000,36769,1147124650,1464928741500,47028210
2017/08/23,30800,-350,-1.12,31000,31300,30700,41211,1273807000,1448468868000,47028210
2017/08/24,30900,100,0.32,30850,31150,30700,47609,1471393300,1453171689000,47028210
2017/08/25,31150,250,0.81,31000,31200,30750,39108,1213827500,1464928741500,47028210
2017/08/28,32100,950,3.05,31000,32350,31000,133340,4253334500,1509605541000,47028210
2017/08/29,33550,1450,4.52,32300,33650,32150,193797,6384703850,1577796445500,47028210
2017/08/30,33950,400,1.19,33600,34250,33200,92217,3107302800,1596607729500,47028210
2017/08/31,33750,-200,-0.59,34000,34000,33200,69296,2335088050,1587202087500,47028210
2017/09/01,34950,1200,3.56,34050,35200,34050,173592,6019477000,1643635939500,47028210
2017/09/04,34850,-100,-0.29,34350,35400,34000,106106,3692985350,1638933118500,47028210
2017/09/05,34050,-800,-2.30,35500,35500,33750,79936,2737007150,1601310550500,47028210
2017/09/06,34400,350,1.03,34000,34950,33750,112207,3877279400,1617770424000,47028210
2017/09/07,34950,550,1.60,34750,35300,34400,95200,3329685650,1643635939500,47028210
2017/09/08,34850,-100,-0.29,34850,35150,34450,73790,2568618050,1638933118500,47028210
2017/09/11,36450,1600,4.59,34850,36750,34850,277371,10075867100,1714178254500,47028210
2017/09/12,36450,0,0.00,36450,36900,35650,85760,3110192350,1714178254500,47028210
2017/09/13,34900,-1550,-4.25,36550,36600,34600,149478,5265405750,1641284529000,47028210
2017/09/14,36350,1450,4.15,34650,36350,34600,121071,4336634200,1709475433500,47028210
2017/09/15,36450,100,0.28,36150,36500,35500,91824,3325418000,1714178254500,47028210
2017/09/18,35050,-1400,-3.84,36500,36500,34800,105702,3735785950,1648338760500,47028210
2017/09/19,35400,350,1.00,34800,35600,34750,91299,3212816100,1664798634000,47028210
2017/09/20,38250,2850,8.05,35700,38450,35050,531847,20024717800,1798829032500,47028210
2017/09/21,37850,-400,-1.05,38400,38600,37150,272813,10348529550,1780017748500,47028210
2017/09/22,36500,-1350,-3.57,37900,38200,36450,139508,5163509700,1716529665000,47028210
2017/09/25,35500,-1000,-2.74,36500,37150,35500,100839,3658290100,1669501455000,47028210
2017/09/26,37500,2000,5.63,35550,38100,35400,197262,7380117300,1763557875000,47028210
2017/09/27,37950,450,1.20,37750,38350,36900,81081,3066025300,1784720569500,47028210
2017/09/28,38750,800,2.11,37500,38800,36600,153755,5864063350,1822343137500,47028210
2017/09/29,38200,-550,-1.42,38750,38950,38000,84254,3239107200,1796477622000,47028210
2017/10/10,38550,350,0.92,38000,38750,37700,104807,4008118950,1812937495500,47028210
2017/10/11,38500,-50,-0.13,38150,39100,38150,102857,3974976900,1810586085000,47028210
2017/10/12,39000,500,1.30,38250,39000,37800,104911,4048244400,1834100190000,47028210
2017/10/13,39350,350,0.90,38800,40450,38700,176740,6984331550,1850560063500,47028210
2017/10/16,37250,-2100,-5.34,39500,39500,36800,233194,8772400150,1751800822500,47028210
2017/10/17,37600,350,0.94,37350,37700,36000,127409,4698778000,1768260696000,47028210
2017/10/18,37650,50,0.13,37100,38550,37100,85456,3223240500,1770612106500,47028210
2017/10/19,37900,250,0.66,37350,38350,36600,86338,3270532950,1782369159000,47028210
2017/10/20,38150,250,0.66,37500,38400,37500,72098,2755745050,1794126211500,47028210
2017/10/23,37650,-500,-1.31,37700,38350,37150,84366,3175885000,1770612106500,47028210
2017/10/24,38450,800,2.12,37200,38750,37200,60005,2296136750,1808234674500,47028210
2017/10/25,38800,350,0.91,38100,39250,38000,72084,2783947400,1824694548000,47028210
2017/10/26,39100,300,0.77,38600,39100,38350,69668,2705566200,1838803011000,47028210
2017/10/27,38300,-800,-2.05,38700,39300,38200,54032,2089268400,1801180443000,47028210
2017/10/30,38450,150,0.39,38200,38800,37500,62829,2408658750,1808234674500,47028210
2017/10/31,37850,-600,-1.56,38450,38450,37200,138051,5191709950,1780017748500,47028210
2017/11/01,37550,-300,-0.79,37200,38350,37200,84702,3197686000,1765909285500,47028210
2017/11/02,36500,-1050,-2.80,37600,37800,36400,89198,3306046000,1716529665000,47028210
2017/11/03,37900,1400,3.84,36900,38550,36900,129265,4915500150,1782369159000,47028210
2017/11/06,38200,300,0.79,38000,38400,37700,73922,2822112850,1796477622000,47028210
2017/11/07,37700,-500,-1.31,38200,38350,37650,48867,1851540250,1772963517000,47028210
2017/11/08,38200,500,1.33,37200,38200,37200,63346,2401854900,1796477622000,47028210
2017/11/09,37500,-700,-1.83,38200,38300,37200,78644,2966724850,1763557875000,47028210
2017/11/10,37850,350,0.93,37300,38400,37200,65778,2496692850,1780017748500,47028210
2017/11/13,38200,350,0.92,37500,38550,37500,94954,3635842400,1796477622000,47028210
2017/11/14,39550,1350,3.53,38250,40000,38250,194808,7655388900,1859965705500,47028210
2017/11/15,41200,1650,4.17,40050,42000,39200,394770,16235523500,1937562252000,47028210
2017/11/16,40900,-300,-0.73,41200,41700,40050,141758,5737341200,1923453789000,47028210
2017/11/17,39300,-1600,-3.91,40200,40750,39250,117696,4691806950,1848208653000,47028210
2017/11/20,40300,1000,2.54,39050,40700,38850,93775,3752848000,1895236863000,47028210
2017/11/21,41300,1000,2.48,40600,43750,39750,436176,18235748450,1942265073000,47028210
2017/11/22,39400,-1900,-4.60,42300,42300,39200,245337,9820664350,1852911474000,47028210
2017/11/23,40300,900,2.28,39400,40700,38300,157483,6299470450,1895236863000,47028210
2017/11/24,40600,300,0.74,40400,42200,39850,172684,7141066600,1909345326000,47028210
2017/11/27,40550,-50,-0.12,40600,41700,40300,134729,5508930600,1906993915500,47028210
2017/11/28,39650,-900,-2.22,40750,41200,39600,98100,3945261700,1864668526500,47028210
2017/11/29,39950,300,0.76,39300,40400,39300,67651,2708618950,1878776989500,47028210
2017/11/30,39200,-750,-1.88,40750,40750,39100,110327,4375593500,1843505832000,47028210
2017/12/01,39500,300,0.77,39250,40250,38600,87211,3431950600,1857614295000,47028210
2017/12/04,38950,-550,-1.39,40100,40100,38650,58762,2298912400,1831748779500,47028210
2017/12/05,38300,-650,-1.67,38600,39350,38150,72836,2808056300,1801180443000,47028210
2017/12/06,38400,100,0.26,38700,39200,38300,107682,4165660700,1805883264000,47028210
2017/12/07,36900,-1500,-3.91,39000,39000,36500,101920,3823496100,1735340949000,47028210
2017/12/08,35900,-1000,-2.71,36750,37300,35800,85416,3098643900,1688312739000,47028210
2017/12/11,37600,1700,4.74,36150,37700,35450,49394,1824574200,1768260696000,47028210
2017/12/12,37300,-300,-0.80,36850,37900,36850,55044,2061130250,1754152233000,47028210
2017/12/13,38850,1550,4.16,36600,38950,36600,108774,4197388600,1827045958500,47028210
2017/12/14,37450,-1400,-3.60,39150,39150,37450,129662,4935678200,1761206464500,47028210
2017/12/15,38450,1000,2.67,37550,38450,37550,68068,2592745500,1808234674500,47028210
2017/12/18,38400,-50,-0.13,38200,38700,37800,42891,1644000250,1805883264000,47028210
2017/12/19,37550,-850,-2.21,38700,38700,37300,42510,1600015300,1765909285500,47028210
2017/12/20,37900,350,0.93,37300,38500,37250,47934,1824607400,1782369159000,47028210
2017/12/21,37100,-800,-2.11,37300,37950,36550,67673,2518063750,1744746591000,47028210
2017/12/22,38500,1400,3.77,37450,38850,36700,96770,3656387750,1810586085000,47028210
2017/12/26,38350,-150,-0.39,38500,39300,38250,76559,2981393550,1803531853500,47028210
2017/12/27,39250,900,2.35,38050,39350,37950,51445,1997624400,1845857242500,47028210
2017/12/28,39250,0,0.00,39500,39800,39000,43549,1711805850,1845857242500,47028210
2018/01/02,39500,250,0.64,39250,39800,38850,38253,1502520050,1857614295000,47028210
2018/01/03,38900,-600,-1.52,38900,39700,38850,65399,2561897300,1829397369000,47028210
2018/01/04,36800,-2100,-5.40,39150,39450,36550,117485,4408426950,1730638128000,47028210
2018/01/05,36900,100,0.27,37100,37450,36500,76238,2806336800,1735340949000,47028210
2018/01/08,37150,250,0.68,37450,37700,36600,64110,2378343300,1747098001500,47028210
2018/01/09,37250,100,0.27,37200,37550,36800,49385,1830462750,1751800822500,47028210
2018/01/10,37150,-100,-0.27,36850,37600,36400,60306,2222413700,1747098001500,47028210
2018/01/11,37600,450,1.21,37450,37800,36750,53462,2004513950,1768260696000,47028210
2018/01/12,38550,950,2.53,37400,39500,37400,141289,5497124900,1812937495500,47028210
2018/01/15,39650,1100,2.85,40300,40500,39050,125844,5028495650,1864668526500,47028210
2018/01/16,39600,-50,-0.13,39500,40600,39050,88695,3534619900,1862317116000,47028210
2018/01/17,39000,-600,-1.52,39250,39900,38500,62000,2429949450,1834100190000,47028210
2018/01/18,38900,-100,-0.26,38800,39700,38800,48526,1901833600,1829397369000,47028210
2018/01/19,38500,-400,-1.03,38800,39500,38500,55282,2159108350,1810586085000,47028210
2018/01/22,38900,400,1.04,39000,39000,37850,45332,1740354950,1829397369000,47028210
2018/01/23,39250,350,0.90,38900,39950,38400,71851,2834229700,1845857242500,47028210
2018/01/24,39800,550,1.40,39300,40200,39250,85540,3395464250,1871722758000,47028210
2018/01/25,39750,-50,-0.13,39500,40000,39300,59997,2390036850,1869371347500,47028210
2018/01/26,40950,1200,3.02,39450,41300,39450,176479,7183756450,1925805199500,47028210
2018/01/29,42300,1350,3.30,40900,43600,40600,336386,14197491750,1989293283000,47028210
2018/01/30,43300,1000,2.36,42300,43900,42000,269338,11624617800,2036321493000,47028210
2018/01/31,42500,-800,-1.85,43250,43250,41500,94888,4010550000,1998698925000,47028210
2018/02/01,41250,-1250,-2.94,42000,42500,41000,80932,3362807900,1939913662500,47028210
2018/02/02,40550,-700,-1.70,41200,41200,40200,65359,2655264600,1906993915500,47028210
2018/02/05,38850,-1700,-4.19,40550,40850,38400,89219,3508859250,1827045958500,47028210
2018/02/06,39050,200,0.51,38300,39200,37300,120954,4629202350,1836451600500,47028210
2018/02/07,37500,-1550,-3.97,39050,39350,37500,113906,4367684800,1763557875000,47028210
2018/02/08,37950,450,1.20,36900,38700,36550,94391,3592900650,1784720569500,47028210
2018/02/09,38200,250,0.66,36800,39200,36800,123396,4741810850,1796477622000,47028210
2018/02/12,38800,600,1.57,38200,39200,38150,123978,4830952200,1824694548000,47028210
2018/02/13,39400,600,1.55,38550,40000,38100,140957,5570829100,1852911474000,47028210
2018/02/14,40500,1100,2.79,39900,40900,39200,101411,4097711150,1904642505000,47028210
2018/02/19,40950,450,1.11,40900,41300,40450,94345,3863919150,1925805199500,47028210
2018/02/20,40900,-50,-0.12,40500,42100,40300,97166,4046380950,1923453789000,47028210
2018/02/21,40000,-900,-2.20,41300,41300,39300,117309,4763835600,1881128400000,47028210
2018/02/22,39850,-150,-0.38,40050,40300,39250,90913,3626260500,1874074168500,47028210
2018/02/23,41450,1600,4.02,40350,41700,40300,80920,3338635100,1949319304500,47028210
2018/02/26,42000,550,1.33,41550,42200,41250,71418,3000762400,1975184820000,47028210
2018/02/27,42400,400,0.95,41550,42900,41550,86807,3692590100,1993996104000,47028210
2018/02/28,41100,-1300,-3.07,42000,42600,40950,79387,3329113100,1932859431000,47028210
2018/03/02,41850,750,1.82,40300,42500,40000,90688,3749065500,1968130588500,47028210
2018/03/05,40750,-1100,-2.63,41600,41950,40400,59880,2466210150,1916399557500,47028210
2018/03/06,41200,450,1.10,40800,41400,40750,65635,2702150800,1937562252000,47028210
2018/03/07,41100,-100,-0.24,41100,42200,40400,113558,4716580900,1932859431000,47028210
2018/03/08,40550,-550,-1.34,41250,41600,39900,118644,4821104700,1906993915500,47028210
2018/03/09,41800,1250,3.08,40550,42450,40250,100716,4211184600,1965779178000,47028210
2018/03/12,42300,500,1.20,42300,42700,41750,85521,3620461550,1989293283000,47028210
2018/03/13,42050,-250,-0.59,41800,43100,41800,95766,4075839950,1977536230500,47028210
2018/03/14,42450,400,0.95,41600,42650,41300,57943,2442098250,1996347514500,47028210
2018/03/15,42350,-100,-0.24,42500,42700,41700,53183,2244652600,1991644693500,47028210
2018/03/16,42400,50,0.12,42350,43000,42000,49692,2109253700,1993996104000,47028210
2018/03/19,41550,-850,-2.00,42400,42500,40950,47307,1969729300,1954022125500,47028210
2018/03/20,41300,-250,-0.60,41000,41850,40200,82486,3378968850,1942265073000,47028210
2018/03/21,41300,0,0.00,40700,41600,40600,50459,2083317800,1942265073000,47028210
2018/03/22,40550,-750,-1.82,41250,41850,40500,47016,1928749650,1906993915500,47028210
2018/03/23,38800,-1750,-4.32,39500,40200,38500,80775,3182786600,1824694548000,47028210
2018/03/26,39450,650,1.68,38350,39750,38350,39285,1543841350,1855262884500,47028210
2018/03/27,40700,1250,3.17,39500,40900,39000,66719,2670976050,1914048147000,47028210
2018/03/28,40350,-350,-0.86,40700,40850,39400,61169,2462923050,1897588273500,47028210
2018/03/29,39750,-600,-1.49,40150,40300,39250,42494,1686095800,1869371347500,47028210
2018/03/30,40200,450,1.13,40400,40400,39800,26148,1050891950,1890534042000,47028210
2018/04/02,39900,-300,-0.75,40000,40950,39500,28863,1152985150,1876425579000,47028210
2018/04/03,39850,-50,-0.13,39450,40100,39300,20913,832380950,1874074168500,47028210
2018/04/04,39750,-100,-0.25,39350,40200,39350,39386,1570053400,1869371347500,47028210
2018/04/05,39150,-600,-1.51,40050,40400,38900,30032,1188960950,1841154421500,47028210
2018/04/06,39700,550,1.40,39000,40000,38450,39879,1571843000,1867019937000,47028210
2018/04/09,39850,150,0.38,39150,39950,38950,37235,1474287850,1874074168500,47028210
2018/04/10,40950,1100,2.76,39500,41500,39250,90283,3695026650,1925805199500,47028210
2018/04/11,41350,400,0.98,40500,41650,40050,73431,3026519500,1944616483500,47028210
2018/04/12,40100,-1250,-3.02,41200,41400,40100,48544,1968014600,1885831221000,47028210
2018/04/13,40200,100,0.25,39500,40500,39500,50804,2036652750,1890534042000,47028210
2018/04/16,41250,1050,2.61,40800,42200,40250,44454,1840120450,1939913662500,47028210
2018/04/17,41100,-150,-0.36,40900,41500,40800,28834,1185484200,1932859431000,47028210
2018/04/18,39150,-1950,-4.74,40950,41350,39050,74079,2947533900,1841154421500,47028210
2018/04/19,39150,0,0.00,39050,39700,38500,46750,1831373900,1841154421500,47028210
2018/04/20,39450,300,0.77,39150,39500,38700,33370,1307459500,1855262884500,47028210
2018/04/23,38600,-850,-2.15,39450,39900,38400,41248,1599512000,1815288906000,47028210
2018/04/24,38700,100,0.26,38550,39400,38450,33357,1292967500,1819991727000,47028210
2018/04/25,38500,-200,-0.52,39000,39000,37900,38319,1470806000,1810586085000,47028210
2018/04/26,38450,-50,-0.13,38500,39300,38450,38798,1497487450,1808234674500,47028210
2018/04/27,38600,150,0.39,38400,39500,38400,52574,2027061550,1815288906000,47028210
2018/04/30,38200,-400,-1.04,38400,38900,37800,31702,1213020150,1796477622000,47028210
2018/05/02,39400,1200,3.14,37600,39650,37250,56690,2212149300,1852911474000,47028210
2018/05/03,38700,-700,-1.78,39400,39850,38650,38965,1520558000,1819991727000,47028210
2018/05/04,37950,-750,-1.94,38100,38700,36500,140593,5266709550,1784720569500,47028210
2018/05/08,37650,-300,-0.79,37450,38350,37450,47865,1812229200,1770612106500,47028210
2018/05/09,37950,300,0.80,38400,38750,37400,56085,2140615450,1784720569500,47028210
2018/05/10,37500,-450,-1.19,37600,38300,37000,56163,2101660100,1763557875000,47028210
2018/05/11,37800,300,0.80,37200,38400,37200,45252,1716759800,1777666338000,47028210
2018/05/14,38050,250,0.66,38000,38250,37500,40243,1532024600,1789423390500,47028210
2018/05/15,38000,-50,-0.13,37750,38500,37650,43988,1670917950,1787071980000,47028210
2018/05/16,38300,300,0.79,38000,38500,37200,47516,1801385750,1801180443000,47028210
2018/05/17,37950,-350,-0.91,37700,38150,37550,46363,1754327850,1784720569500,47028210
2018/05/18,38000,50,0.13,37600,38100,37400,38616,1463417550,1787071980000,47028210
2018/05/21,38650,650,1.71,37950,39000,37350,42689,1636378400,1817640316500,47028210
2018/05/23,37400,-1250,-3.23,37800,38150,37250,75789,2842152500,1758855054000,47028210
2018/05/24,37600,200,0.53,37100,37750,37100,42674,1600191050,1768260696000,47028210
2018/05/25,37750,150,0.40,37750,37800,37250,37751,1417229750,1775314927500,47028210
2018/05/28,37450,-300,-0.79,37750,37750,37250,26903,1006914000,1761206464500,47028210
2018/05/29,37900,450,1.20,37350,38350,37200,50007,1898564700,1782369159000,47028210
2018/05/30,38200,300,0.79,37400,38200,37100,88965,3347809750,1796477622000,47028210
2018/05/31,37950,-250,-0.65,37350,38400,37100,108406,4111292150,1784720569500,47028210
2018/06/01,38300,350,0.92,37950,38550,37600,39592,1504564050,1801180443000,47028210
2018/06/04,37300,-1000,-2.61,37650,38000,37050,36513,1366222350,1754152233000,47028210
2018/06/05,36450,-850,-2.28,37000,37300,36450,38960,1434166500,1714178254500,47028210
2018/06/07,36350,-100,-0.27,36100,36650,36100,44576,1615346850,1709475433500,47028210
2018/06/08,36100,-250,-0.69,36150,36350,35700,77427,2795298850,1697718381000,47028210
2018/06/11,37050,950,2.63,36000,37100,36000,51058,1877259800,1742395180500,47028210
2018/06/12,38350,1300,3.51,36950,38400,36950,82324,3134981200,1803531853500,47028210
2018/06/14,38100,-250,-0.65,37600,38650,37400,95851,3652375150,1791774801000,47028210
2018/06/15,37850,-250,-0.66,38000,38350,37550,48364,1830489100,1780017748500,47028210
2018/06/18,37350,-500,-1.32,38400,38800,36600,48411,1827479100,1756503643500,47028210
2018/06/19,34000,-3350,-8.97,36500,37100,33900,116563,4055458500,1598959140000,47028210
2018/06/20,34200,200,0.59,34000,34650,33600,65338,2226022200,1608364782000,47028210
2018/06/21,33050,-1150,-3.36,33650,33950,32700,90531,2999428750,1554282340500,47028210
2018/06/22,33950,900,2.72,32650,34100,32550,35848,1196933950,1596607729500,47028210
2018/06/25,32950,-1000,-2.95,33250,33650,32500,71701,2346596050,1549579519500,47028210
2018/06/26,33500,550,1.67,32950,33850,32700,61956,2066963500,1575445035000,47028210
2018/06/27,34300,800,2.39,33050,34800,32750,55151,1880403150,1613067603000,47028210
2018/06/28,32950,-1350,-3.94,34400,34650,32750,37252,1243150450,1549579519500,47028210
2018/06/29,33250,300,0.91,32950,33500,32500,46798,1549250950,1563687982500,47028210
2018/07/02,32400,-850,-2.56,32850,33300,32050,38040,1240131650,1523714004000,47028210
2018/07/03,31800,-600,-1.85,32500,32800,31500,49820,1597263950,1495497078000,47028210
2018/07/04,32050,250,0.79,31300,32250,30300,41324,1305083750,1507254130500,47028210
2018/07/05,31000,-1050,-3.28,31500,32750,30500,36823,1147755750,1457874510000,47028210
2018/07/06,31700,700,2.26,30750,31700,30650,52350,1632460800,1490794257000,47028210
2018/07/09,32000,300,0.95,31150,32600,31150,45014,1441210850,1504902720000,47028210
2018/07/10,31600,-400,-1.25,31700,32350,31550,36618,1166765600,1486091436000,47028210
2018/07/11,31200,-400,-1.27,31100,31650,30600,53133,1646859000,1467280152000,47028210
2018/07/12,31300,100,0.32,31650,31850,31200,61431,1933915600,1471982973000,47028210
2018/07/13,33000,1700,5.43,31500,33200,31500,47829,1558860300,1551930930000,47028210
2018/07/16,31700,-1300,-3.94,32300,32650,31600,43784,1392092250,1490794257000,47028210
2018/07/17,31550,-150,-0.47,31350,32100,31300,24249,764853850,1483740025500,47028210
2018/07/18,31500,-50,-0.16,31600,32000,31150,35407,1119162350,1481388615000,47028210
2018/07/19,31000,-500,-1.59,31200,31750,31000,32993,1033248050,1457874510000,47028210
2018/07/20,31000,0,0.00,30750,32000,30750,28737,901029050,1457874510000,47028210
2018/07/23,30950,-50,-0.16,31850,31850,30700,36171,1121691450,1455523099500,47028210
2018/07/24,32000,1050,3.39,31500,32100,30750,36343,1153792850,1504902720000,47028210
2018/07/25,31900,-100,-0.31,31800,32300,31450,36682,1173818750,1500199899000,47028210
2018/07/26,31100,-800,-2.51,32700,32700,31100,31433,995827500,1462577331000,47028210
2018/07/27,30600,-500,-1.61,31700,31700,30550,29402,904056900,1439063226000,47028210
2018/07/30,29950,-650,-2.12,30250,30750,29300,51688,1537298650,1408494889500,47028210
2018/07/31,29800,-150,-0.50,30400,30400,29550,63808,1893949300,1401440658000,47028210
2018/08/01,30650,850,2.85,29900,30800,29900,49630,1505938300,1441414636500,47028210
2018/08/02,30000,-650,-2.12,30200,30850,29900,42600,1284648250,1410846300000,47028210
2018/08/03,30150,150,0.50,29800,30450,29800,32691,986114800,1417900531500,47028210
2018/08/06,30550,400,1.33,30000,30650,30000,19073,581573900,1436711815500,47028210
2018/08/07,30700,150,0.49,30200,30850,30150,17705,540738250,1443766047000,47028210
2018/08/08,30700,0,0.00,30350,30800,30100,41152,1252162850,1443766047000,47028210
2018/08/09,30950,250,0.81,30700,31400,30250,36548,1130609400,1455523099500,47028210
2018/08/10,31550,600,1.94,32000,32450,30850,46699,1481586300,1483740025500,47028210
2018/08/13,31500,-50,-0.16,30950,31650,30750,32395,1008450750,1481388615000,47028210
2018/08/14,31550,50,0.16,31200,31800,31100,26644,837705950,1483740025500,47028210
2018/08/16,30950,-600,-1.90,31100,31300,30600,34958,1080279100,1455523099500,47028210
2018/08/17,33100,2150,6.95,30600,37700,30400,1005875,35775745850,1556633751000,47028210
2018/08/20,30500,-2600,-7.85,32800,34050,30500,344285,10905356700,1434360405000,47028210
2018/08/21,30450,-50,-0.16,30500,30650,30150,123675,3764547050,1432008994500,47028210
2018/08/22,29950,-500,-1.64,30400,30600,29800,113371,3421067700,1408494889500,47028210
2018/08/23,29300,-650,-2.17,30050,30300,29050,119608,3535119100,1377926553000,47028210
2018/08/24,29900,600,2.05,29150,30100,29150,50461,1497450050,1406143479000,47028210
2018/08/27,30050,150,0.50,30000,30300,29850,64264,1932735950,1413197710500,47028210
2018/08/28,30000,-50,-0.17,29900,30100,29800,41491,1243378250,1410846300000,47028210
2018/08/29,30250,250,0.83,29950,30700,29950,61575,1873131900,1422603352500,47028210
2018/08/30,29900,-350,-1.16,30300,30650,29850,60371,1819781150,1406143479000,47028210
2018/08/31,30650,750,2.51,29800,30750,29800,96320,2926278050,1441414636500,47028210
2018/09/03,30700,50,0.16,30500,31200,30500,105231,3248110200,1443766047000,47028210
2018/09/04,30400,-300,-0.98,30750,31000,30100,94974,2893246900,1429657584000,47028210
2018/09/05,30400,0,0.00,30400,30800,30300,106564,3255122050,1429657584000,47028210
2018/09/06,30050,-350,-1.15,30400,31000,29900,148219,4511795600,1413197710500,47028210
2018/09/07,30300,250,0.83,30400,30500,29800,101197,3052225700,1424954763000,47028210
2018/09/10,30150,-150,-0.50,30250,30500,29800,57771,1741578450,1417900531500,47028210
2018/09/11,30450,300,1.00,29950,30700,29950,67950,2064675800,1432008994500,47028210
2018/09/12,31500,1050,3.45,30450,36600,30300,1453866,49510349250,1481388615000,47028210
2018/09/13,30900,-600,-1.90,31800,32200,30750,224449,7016431750,1453171689000,47028210
2018/09/14,31200,300,0.97,31000,31400,30600,107421,3341610600,1467280152000,47028210
2018/09/17,30700,-500,-1.60,31000,31350,30700,76540,2366565500,1443766047000,47028210
2018/09/18,30850,150,0.49,30700,30900,30200,80617,2462192600,1450820278500,47028210
2018/09/19,30350,-500,-1.62,30900,31000,30300,81099,2477251950,1427306173500,47028210
2018/09/20,30650,300,0.99,30350,33600,30350,526895,16722605000,1441414636500,47028210
2018/09/21,31150,500,1.63,30950,31300,30550,106739,3298494600,1464928741500,47028210
2018/09/27,29350,-1800,-5.78,30100,30950,29350,387140,11588084500,1380277963500,47028210
2018/09/28,28850,-500,-1.70,29550,29650,28550,176687,5100003600,1356763858500,47028210
2018/10/01,28600,-250,-0.87,28900,29150,27600,169686,4777526550,1345006806000,47028210
2018/10/02,27200,-1400,-4.90,28600,28650,27100,144190,3979275700,1279167312000,47028210
2018/10/04,26700,-500,-1.84,27300,27600,26600,126837,3409603050,1255653207000,47028210
2018/10/05,26050,-650,-2.43,26700,26700,25250,161560,4167252200,1225084870500,47028210
2018/10/08,25950,-100,-0.38,25800,26250,25800,45289,1176480350,1220382049500,47028210
2018/10/10,25050,-900,-3.47,25900,26200,24950,102848,2598927000,1178056660500,47028210
2018/10/11,23450,-1600,-6.39,24050,24500,23300,195712,4619150300,1102811524500,47028210
2018/10/12,24150,700,2.99,23400,24300,23150,105794,2524973300,1135731271500,47028210
2018/10/15,23950,-200,-0.83,24150,25200,23350,95276,2314851700,1126325629500,47028210
2018/10/16,23900,-50,-0.21,23900,24550,23800,58259,1405144700,1123974219000,47028210
2018/10/17,23950,50,0.21,24350,24500,23700,47904,1148791300,1126325629500,47028210
2018/10/18,23750,-200,-0.84,23800,24100,23600,32577,773758850,1116919987500,47028210
2018/10/19,23850,100,0.42,23550,23850,23250,42667,1003832850,1121622808500,47028210
2018/10/22,23200,-650,-2.73,23600,23800,23050,74870,1736539000,1091054472000,47028210
2018/10/23,22550,-650,-2.80,23150,23350,22300,86605,1969555700,1060486135500,47028210
2018/10/24,22900,350,1.55,22950,23150,22500,65795,1502010000,1076946009000,47028210
2018/10/25,22150,-750,-3.28,22800,22950,21750,104511,2315187850,1041674851500,47028210
2018/10/26,21650,-500,-2.26,21750,22200,21000,79693,1712445900,1018160746500,47028210
2018/10/29,21050,-600,-2.77,21700,21950,21000,69965,1492730100,989943820500,47028210
2018/10/30,21750,700,3.33,20700,21950,20700,83527,1797912900,1022863567500,47028210
2018/10/31,20750,-1000,-4.60,21500,21650,20550,129602,2701254050,975835357500,47028210
2018/11/01,21500,750,3.61,20850,22200,20750,66446,1424109600,1011106515000,47028210
2018/11/02,22900,1400,6.51,21500,23050,21500,72316,1633215500,1076946009000,47028210
2018/11/05,22950,50,0.22,22850,23100,22450,61622,1406990950,1079297419500,47028210
2018/11/06,24400,1450,6.32,23300,24800,23100,135209,3272359800,1147488324000,47028210
2018/11/07,23600,-800,-3.28,24400,25100,23500,99218,2393387000,1109865756000,47028210
2018/11/08,24250,650,2.75,23800,24800,23750,80999,1973157950,1140434092500,47028210
2018/11/09,23600,-650,-2.68,24050,24700,23550,51816,1235803200,1109865756000,47028210
2018/11/12,23450,-150,-0.64,23200,23550,23050,34574,808270700,1102811524500,47028210
2018/11/13,23750,300,1.28,22800,24150,22800,47261,1110781450,1116919987500,47028210
2018/11/14,24000,250,1.05,23600,24400,23100,51778,1230063050,1128677040000,47028210
2018/11/15,23800,-200,-0.83,23800,24300,23350,54270,1293848800,1119271398000,47028210
2018/11/16,24100,300,1.26,23850,24250,23550,35756,859567100,1133379861000,47028210
2018/11/19,24650,550,2.28,24300,24650,24050,62731,1533372750,1159245376500,47028210
2018/11/20,24950,300,1.22,24550,25200,24400,51006,1265010800,1173353839500,47028210
2018/11/21,24900,-50,-0.20,25000,25050,24450,56049,1386913600,1171002429000,47028210
2018/11/22,24250,-650,-2.61,24650,24750,24150,45145,1100913550,1140434092500,47028210
2018/11/23,23700,-550,-2.27,24050,24300,23600,47871,1140502050,1114568577000,47028210
2018/11/26,24450,750,3.16,24000,24650,23750,44899,1094588500,1149839734500,47028210
2018/11/27,24250,-200,-0.82,24450,24900,24050,56180,1365373500,1140434092500,47028210
2018/11/28,24250,0,0.00,24400,24450,24100,32640,792080850,1140434092500,47028210
2018/11/29,24450,200,0.82,24450,24800,24400,36550,897216400,1149839734500,47028210
2018/11/30,24200,-250,-1.02,24450,24750,24000,40517,983459600,1138082682000,47028210
2018/12/03,25100,900,3.72,24400,25250,24250,42672,1063350700,1180408071000,47028210
2018/12/04,24550,-550,-2.19,25150,25150,24550,51601,1278617000,1154542555500,47028210
2018/12/05,24300,-250,-1.02,24400,24600,24200,37545,913733350,1142785503000,47028210
2018/12/06,24000,-300,-1.23,24550,24600,23800,39179,948020550,1128677040000,47028210
2018/12/07,23400,-600,-2.50,24300,24300,23000,47653,1121791700,1100460114000,47028210
2018/12/10,22950,-450,-1.92,22750,23650,22700,46550,1069856100,1079297419500,47028210
2018/12/11,22400,-550,-2.40,23000,23100,22400,50311,1139899350,1053431904000,47028210
2018/12/12,23150,750,3.35,22250,23400,22250,55638,1278957700,1088703061500,47028210
2018/12/13,23450,300,1.30,23200,23700,22700,174001,4067894650,1102811524500,47028210
2018/12/14,24150,700,2.99,23050,24150,23050,64010,1523383450,1135731271500,47028210
2018/12/17,24450,300,1.24,24450,24650,23900,47006,1141505050,1149839734500,47028210
2018/12/18,24650,200,0.82,24600,24750,23800,40792,992986750,1159245376500,47028210
2018/12/19,24650,0,0.00,24400,25100,24100,38893,957574150,1159245376500,47028210
2018/12/20,24900,250,1.01,24650,25650,24200,75456,1889177250,1171002429000,47028210
2018/12/21,25350,450,1.81,25300,25600,24550,47687,1203542900,1192165123500,47028210
2018/12/24,25000,-350,-1.38,25100,25450,24800,30317,761081350,1175705250000,47028210
2018/12/26,24750,-250,-1.00,24700,25200,24500,30555,759284700,1163948197500,47028210
2018/12/27,24400,-350,-1.41,24550,25300,24250,48101,1186434000,1147488324000,47028210
2018/12/28,25100,700,2.87,24450,25400,24450,33385,837933400,1180408071000,47028210
2019/01/02,24400,-700,-2.79,24900,25350,24100,50888,1250406750,1147488324000,47028210
2019/01/03,23900,-500,-2.05,24700,24750,23750,34234,826115500,1123974219000,47028210
2019/01/04,24600,700,2.93,24000,24750,24000,64634,1580908850,1156893966000,47028210
2019/01/07,24550,-50,-0.20,25000,25350,24550,42470,1062246400,1154542555500,47028210
2019/01/08,25050,500,2.04,25000,25250,24700,28217,707407600,1178056660500,47028210
2019/01/09,25100,50,0.20,24900,25750,24900,49496,1258858550,1180408071000,47028210
2019/01/10,25150,50,0.20,25200,25650,24800,36676,927466100,1182759481500,47028210
2019/01/11,24450,-700,-2.78,25050,25450,24300,60805,1506436550,1149839734500,47028210
2019/01/14,24200,-250,-1.02,24500,24700,24050,35366,860161300,1138082682000,47028210
2019/01/15,24050,-150,-0.62,24400,24800,24050,59130,1442774050,1131028450500,47028210
2019/01/16,23700,-350,-1.46,24050,24250,23600,53492,1276668300,1114568577000,47028210
2019/01/17,23850,150,0.63,23800,24400,23700,40691,976337200,1121622808500,47028210
2019/01/18,24250,400,1.68,24150,24550,24000,27727,673809250,1140434092500,47028210
2019/01/21,23850,-400,-1.65,24350,24500,23800,31299,752296450,1121622808500,47028210
2019/01/22,23900,50,0.21,23800,24050,23650,27370,653771950,1123974219000,47028210
2019/01/23,24200,300,1.26,23850,24400,23700,50141,1204543200,1138082682000,47028210
2019/01/24,24050,-150,-0.62,24000,24400,23800,58575,1412720850,1131028450500,47028210
2019/01/25,23700,-350,-1.46,23850,24050,23550,63365,1503324850,1114568577000,47028210
2019/01/28,23900,200,0.84,23650,24050,23550,34677,826826550,1123974219000,47028210
2019/01/29,23700,-200,-0.84,23700,24050,23500,48680,1154534850,1114568577000,47028210
2019/01/30,23850,150,0.63,24000,24000,23700,30087,717717850,1121622808500,47028210
2019/01/31,23900,50,0.21,24050,24300,23750,58145,1392444850,1123974219000,47028210
2019/02/01,24200,300,1.26,23900,24400,23900,40537,981914250,1138082682000,47028210
2019/02/07,23750,-450,-1.86,24150,24150,23500,52905,1255212800,1116919987500,47028210
2019/02/08,24000,250,1.05,23800,24150,23600,52725,1262414750,1128677040000,47028210
2019/02/11,25450,1450,6.04,24200,25450,24100,174386,4360059700,1196867944500,47028210
2019/02/12,25050,-400,-1.57,25650,25650,24850,67384,1697349400,1178056660500,47028210
2019/02/13,26100,1050,4.19,25000,26200,24600,111566,2857850450,1227436281000,47028210
2019/02/14,26100,0,0.00,26000,26150,25350,77828,2004930850,1227436281000,47028210
2019/02/15,25950,-150,-0.57,25700,26350,25650,51589,1336899150,1220382049500,47028210
2019/02/18,26200,250,0.96,26050,26500,25700,35981,941872050,1232139102000,47028210
2019/02/19,26250,50,0.19,26450,26450,25750,35294,923278550,1234490512500,47028210
2019/02/20,26450,200,0.76,26700,26900,26300,75566,2011819800,1243896154500,47028210
2019/02/21,26150,-300,-1.13,26350,26500,25950,38382,1007364250,1229787691500,47028210
2019/02/22,26100,-50,-0.19,26000,26350,25700,29641,774192450,1227436281000,47028210
2019/02/25,25900,-200,-0.77,26100,26300,25750,30273,784738950,1218030639000,47028210
2019/02/26,25800,-100,-0.39,26200,26250,25800,27070,702438400,1213327818000,47028210
2019/02/27,26450,650,2.52,26050,26450,25850,40195,1052822150,1243896154500,47028210
2019/02/28,26150,-300,-1.13,26600,26900,26150,79690,2121011950,1229787691500,47028210
2019/03/04,26800,650,2.49,26200,27200,26200,77303,2080776350,1260356028000,47028210
2019/03/05,26700,-100,-0.37,26650,27000,26400,52003,1387575950,1255653207000,47028210
2019/03/06,26000,-700,-2.62,26800,26800,25700,77134,2004037000,1222733460000,47028210
2019/03/07,25550,-450,-1.73,26200,26250,25100,77314,1970272500,1201570765500,47028210
2019/03/08,24900,-650,-2.54,25550,25550,24800,54289,1360237000,1171002429000,47028210
2019/03/11,25300,400,1.61,24900,25300,24250,48078,1190919850,1189813713000,47028210
2019/03/12,25400,100,0.40,25300,25550,24850,39020,989772650,1194516534000,47028210
2019/03/13,26150,750,2.95,25400,26250,25400,51689,1340160000,1229787691500,47028210
2019/03/14,26200,50,0.19,26350,26400,25600,79062,2056661600,1232139102000,47028210
2019/03/15,26100,-100,-0.38,26050,26350,25800,44782,1170136100,1227436281000,47028210
2019/03/18,25450,-650,-2.49,26250,26250,25250,33209,853435300,1196867944500,47028210
2019/03/19,25200,-250,-0.98,25250,25600,25050,49301,1246884750,1185110892000,47028210
2019/03/20,25150,-50,-0.20,25200,25350,24800,30409,762283350,1182759481500,47028210
2019/03/21,24600,-550,-2.19,24900,25350,24500,47755,1186011000,1156893966000,47028210
2019/03/22,23950,-650,-2.64,24450,24800,23750,85008,2048535900,1126325629500,47028210
2019/03/25,23400,-550,-2.30,23800,24000,23400,49907,1177485500,1100460114000,47028210
2019/03/26,23700,300,1.28,23400,23950,23400,21660,514840000,1114568577000,47028210
2019/03/27,24050,350,1.48,23700,24200,23600,34127,817984200,1131028450500,47028210
2019/03/28,23850,-200,-0.83,23800,24100,23450,40132,957498100,1121622808500,47028210
2019/03/29,24100,250,1.05,24200,24350,23850,29680,717539600,1133379861000,47028210
2019/04/01,24050,-50,-0.21,24200,24450,23850,21267,513875250,1131028450500,47028210
2019/04/02,24200,150,0.62,23850,24400,23750,33008,796030300,1138082682000,47028210
2019/04/03,25250,1050,4.34,23900,25250,23850,49496,1222843400,1187462302500,47028210
2019/04/04,25300,50,0.20,25250,25400,24800,34766,878141850,1189813713000,47028210
2019/04/05,24950,-350,-1.38,25250,25450,24850,21051,526929550,1173353839500,47028210
2019/04/08,24800,-150,-0.60,25000,25150,24800,24682,615709000,1166299608000,47028210
2019/04/09,24300,-500,-2.02,24750,25000,24150,33841,827458000,1142785503000,47028210
2019/04/10,25200,900,3.70,24300,25350,24300,42515,1065191450,1185110892000,47028210
2019/04/11,25250,50,0.20,25400,25500,25050,49409,1250167800,1187462302500,47028210
2019/04/12,25900,650,2.57,25150,26000,25150,52534,1348874350,1218030639000,47028210
2019/04/15,26200,300,1.16,25750,26250,25650,38053,990585150,1232139102000,47028210
2019/04/16,26100,-100,-0.38,25850,26300,25700,44099,1145139300,1227436281000,47028210
2019/04/17,26400,300,1.15,25850,26450,25800,35776,937468750,1241544744000,47028210
2019/04/18,26450,50,0.19,26350,26650,26000,68195,1799729300,1243896154500,47028210
2019/04/19,25550,-900,-3.40,26200,26300,25550,19459,502933100,1201570765500,47028210
2019/04/22,25200,-350,-1.37,25500,25500,24900,36496,917318900,1185110892000,47028210
2019/04/23,24650,-550,-2.18,25300,25400,24550,39972,988563050,1159245376500,47028210
2019/04/24,24600,-50,-0.20,24850,25050,24450,31100,767862250,1156893966000,47028210
2019/04/25,24800,200,0.81,24600,25250,24600,28934,723699000,1166299608000,47028210
2019/04/26,23850,-950,-3.83,24700,25000,23850,89343,2152590600,1121622808500,47028210
2019/04/29,24450,600,2.52,23900,24650,23750,44787,1086586250,1149839734500,47028210
2019/04/30,24350,-100,-0.41,24550,24600,24100,23161,564317800,1145136913500,47028210
2019/05/02,24650,300,1.23,24100,24850,23900,35230,867103650,1159245376500,47028210
2019/05/03,24000,-650,-2.64,24550,24700,24000,30105,727757050,1128677040000,47028210
2019/05/07,23500,-500,-2.08,23750,23950,23450,40422,953887700,1105162935000,47028210
2019/05/08,23500,0,0.00,23400,23800,23250,35374,833592200,1105162935000,47028210
2019/05/09,22550,-950,-4.04,23500,23700,22550,64374,1482331700,1060486135500,47028210
2019/05/10,22950,400,1.77,23100,23150,22550,30645,699813800,1079297419500,47028210
2019/05/13,22450,-500,-2.18,22700,22700,22250,28882,648792300,1055783314500,47028210
2019/05/14,22350,-100,-0.45,22450,22800,22200,45735,1024370250,1051080493500,47028210
2019/05/15,22900,550,2.46,22300,22900,22150,41763,941735350,1076946009000,47028210
2019/05/16,22350,-550,-2.40,22600,22900,22150,37630,841952550,1051080493500,47028210
2019/05/17,21950,-400,-1.79,22700,22700,21800,35856,796845100,1032269209500,47028210
2019/05/20,21450,-500,-2.28,22000,22250,21300,38102,823202100,1008755104500,47028210
2019/05/21,21500,50,0.23,21300,21850,21300,28340,610524450,1011106515000,47028210
2019/05/22,21100,-400,-1.86,21300,21850,20800,89195,1870255300,992295231000,47028210
2019/05/23,21150,50,0.24,21150,21400,20800,49913,1055648650,994646641500,47028210
2019/05/24,21650,500,2.36,20750,21900,20750,43251,932479750,1018160746500,47028210
2019/05/27,21900,250,1.15,21700,22000,20900,32326,697126800,1029917799000,47028210
2019/05/28,22000,100,0.46,21900,22250,21550,113686,2499394150,1034620620000,47028210
2019/05/29,21750,-250,-1.14,22350,22350,21400,54238,1175396750,1022863567500,47028210
2019/05/30,21650,-100,-0.46,22100,22100,21450,32424,703164750,1018160746500,47028210
2019/05/31,21400,-250,-1.15,21100,22100,21100,44561,961812650,1006403694000,47028210
2019/06/03,21500,100,0.47,21000,21700,21000,36731,790624650,1011106515000,47028210
2019/06/04,21150,-350,-1.63,21700,21950,21000,61418,1303949750,994646641500,47028210
2019/06/05,21100,-50,-0.24,21150,21350,21050,45894,969778250,992295231000,47028210
2019/06/07,21450,350,1.66,21150,21900,21000,46163,991670400,1008755104500,47028210
2019/06/10,22300,850,3.96,21550,22500,21550,50051,1110322600,1048729083000,47028210
2019/06/11,22700,400,1.79,22350,22700,22150,35356,796285800,1067540367000,47028210
2019/06/12,22500,-200,-0.88,22750,22950,22500,33136,751962100,1058134725000,47028210
2019/06/13,23250,750,3.33,22550,23250,22550,74577,1720317300,1093405882500,47028210
2019/06/14,22400,-850,-3.66,23150,23150,22400,61101,1386286400,1053431904000,47028210
2019/06/17,22550,150,0.67,22300,22900,22300,43242,975414000,1060486135500,47028210
2019/06/18,22800,250,1.11,22850,23000,22750,26017,595236550,1072243188000,47028210
2019/06/19,22600,-200,-0.88,22850,23050,22600,20594,469748500,1062837546000,47028210
2019/06/20,22700,100,0.44,22450,22900,22450,17078,387979750,1067540367000,47028210
2019/06/21,22250,-450,-1.98,22600,22800,22150,58938,1316567650,1046377672500,47028210
2019/06/24,21950,-300,-1.35,22500,22600,21750,55833,1231065200,1032269209500,47028210
2019/06/25,21950,0,0.00,22150,22300,21850,43383,957987000,1032269209500,47028210
2019/06/26,21950,0,0.00,22050,22400,21850,29867,659647750,1032269209500,47028210
2019/06/27,22050,100,0.46,21950,22300,21700,34474,760199350,1036972030500,47028210
2019/06/28,21700,-350,-1.59,22050,22150,21500,30902,672113800,1020512157000,47028210
2019/07/01,21900,200,0.92,21550,22250,21550,26376,580032250,1029917799000,47028210
2019/07/02,21900,0,0.00,21800,22100,21600,31413,689253200,1029917799000,47028210
2019/07/03,22050,150,0.68,22250,22300,21750,35269,775488250,1036972030500,47028210
2019/07/04,22100,50,0.23,22200,22200,21800,34703,763477350,1039323441000,47028210
2019/07/05,22600,500,2.26,22200,22650,21850,45017,1008608050,1062837546000,47028210
2019/07/08,21950,-650,-2.88,22600,22600,21700,46332,1015983150,1032269209500,47028210
2019/07/09,21750,-200,-0.91,21850,22200,21550,59010,1294069350,1022863567500,47028210
2019/07/10,21900,150,0.69,21750,22150,21550,49049,1077859100,1029917799000,47028210
2019/07/11,23000,1100,5.02,22000,23050,22000,66653,1515451800,1081648830000,47028210
2019/07/12,22450,-550,-2.39,22800,22950,21950,82544,1854420600,1055783314500,47028210
2019/07/15,21950,-500,-2.23,22450,22500,21950,27474,609481000,1032269209500,47028210
2019/07/16,22200,250,1.14,21850,22350,21850,31271,692319800,1044026262000,47028210
2019/07/17,21800,-400,-1.80,22150,22400,21600,37455,814928950,1025214978000,47028210
2019/07/18,21500,-300,-1.38,21600,21900,21300,49174,1058035250,1011106515000,47028210
2019/07/19,22700,1200,5.58,21300,22800,21300,59111,1318046750,1067540367000,47028210
2019/07/22,22000,-700,-3.08,22550,22700,21900,34759,769211200,1034620620000,47028210
2019/07/23,22350,350,1.59,21950,22450,21850,23739,527901350,1051080493500,47028210
2019/07/24,22200,-150,-0.67,22250,22300,22000,16241,359554450,1044026262000,47028210
2019/07/25,20850,-1350,-6.08,22100,22100,20700,103301,2171704600,980538178500,47028210
2019/07/26,20500,-350,-1.68,20700,21150,20450,60119,1245117700,964078305000,47028210
2019/07/29,19450,-1050,-5.12,20550,20750,19200,70090,1370012800,914698684500,47028210
2019/07/30,19650,200,1.03,19150,20000,19150,27951,548513300,924104326500,47028210
2019/07/31,19600,-50,-0.25,19900,19900,18950,38450,746357400,921752916000,47028210
2019/08/01,19500,-100,-0.51,19600,19800,19350,25720,502854400,917050095000,47028210
2019/08/02,19250,-250,-1.28,19050,19550,19050,30033,579752000,905293042500,47028210
2019/08/05,18200,-1050,-5.45,19050,19300,17950,66403,1223466100,855913422000,47028210
2019/08/06,18150,-50,-0.27,18200,18900,17550,80229,1474477850,853562011500,47028210
2019/08/07,18250,100,0.55,18000,18800,18000,46272,843965300,858264832500,47028210
2019/08/08,18900,650,3.56,18550,18900,18150,52133,970509350,888833169000,47028210
2019/08/09,19000,100,0.53,18900,19250,18400,49904,933386250,893535990000,47028210
2019/08/12,18800,-200,-1.05,18650,18950,18350,21409,401057100,884130348000,47028210
2019/08/13,18450,-350,-1.86,18600,18650,18300,33098,609974450,867670474500,47028210
2019/08/14,18550,100,0.54,18550,18750,18350,39162,726547950,872373295500,47028210
2019/08/16,17750,-800,-4.31,18200,18250,17650,55903,996007900,834750727500,47028210
2019/08/19,18300,550,3.10,17700,18300,17700,26694,481432850,860616243000,47028210
2019/08/20,18650,350,1.91,18300,18850,18250,26831,497959250,877076116500,47028210
2019/08/21,19000,350,1.88,18600,19050,18500,29164,549111950,893535990000,47028210
2019/08/22,18950,-50,-0.26,18900,19150,18750,22844,431958550,891184579500,47028210
2019/08/23,19050,100,0.53,18900,19250,18700,23547,448102600,895887400500,47028210
2019/08/26,18650,-400,-2.10,18550,19100,18550,42847,802273000,877076116500,47028210
2019/08/27,18450,-200,-1.07,18700,18950,18400,32613,604553200,867670474500,47028210
2019/08/28,18800,350,1.90,18650,18800,18200,32949,610042050,884130348000,47028210
2019/08/29,18650,-150,-0.80,18600,18800,18550,45322,846798930,877076116500,47028210
2019/08/30,18500,-150,-0.80,18700,19000,18450,47263,880029250,870021885000,47028210
2019/09/02,18800,300,1.62,18350,18950,18350,34711,647127700,884130348000,47028210
2019/09/03,19100,300,1.60,18750,19150,18750,38517,731593650,898238811000,47028210
2019/09/04,19250,150,0.79,18800,19250,18700,38868,736432100,905293042500,47028210
2019/09/05,18800,-450,-2.34,18950,19150,18800,44658,844267950,884130348000,47028210
2019/09/06,18700,-100,-0.53,18800,18950,18550,27468,514163000,879427527000,47028210
2019/09/09,18850,150,0.80,18600,19100,18600,37447,708848500,886481758500,47028210
2019/09/10,19250,400,2.12,18750,19250,18750,29002,552513350,905293042500,47028210
2019/09/11,19300,50,0.26,19150,19500,19150,62456,1206747500,907644453000,47028210
2019/09/16,19650,350,1.81,19650,19750,19350,25417,498542750,924104326500,47028210
2019/09/17,21150,1500,7.63,19800,21300,19550,129173,2686129300,994646641500,47028210
2019/09/18,21550,400,1.89,21150,21750,20900,85257,1830068900,1013457925500,47028210
2019/09/19,21100,-450,-2.09,21350,21600,20950,44959,956467550,992295231000,47028210
2019/09/20,21400,300,1.42,21000,21650,21000,66396,1421955300,1006403694000,47028210
2019/09/23,21300,-100,-0.47,21450,21850,21250,41476,895994450,1001700873000,47028210
2019/09/24,21250,-50,-0.23,21050,21700,21050,35148,751022750,999349462500,47028210
2019/09/25,21000,-250,-1.18,21500,21600,21000,36183,767877400,987592410000,47028210
2019/09/26,20800,-200,-0.95,20950,21400,20250,36986,771091650,978186768000,47028210
2019/09/27,20400,-400,-1.92,21150,21150,20100,70181,1428600400,959375484000,47028210
2019/09/30,20850,450,2.21,20950,21150,20200,31798,657309300,980538178500,47028210
2019/10/01,20800,-50,-0.24,20850,21000,20500,43140,898029400,978186768000,47028210
2019/10/02,20400,-400,-1.92,20500,20850,20400,28881,594805500,959375484000,47028210
2019/10/04,19750,-650,-3.19,20400,20400,19700,50368,1005822600,928807147500,47028210
2019/10/07,20050,300,1.52,19650,20100,19550,26325,521100350,942915610500,47028210
2019/10/08,19850,-200,-1.00,20100,20150,19650,34016,676496550,933509968500,47028210
2019/10/10,19550,-300,-1.51,19500,19900,19300,49895,976640950,919401505500,47028210
2019/10/11,19900,350,1.79,19850,21250,19550,111563,2272712850,935861379000,47028210
2019/10/14,20100,200,1.01,20000,20300,19850,44460,891873850,945267021000,47028210
2019/10/15,20200,100,0.50,20200,20500,20050,34258,693724950,949969842000,47028210
2019/10/16,20450,250,1.24,20200,20650,20200,53437,1091530400,961726894500,47028210
2019/10/17,20500,50,0.24,20600,20750,20450,32415,668403200,964078305000,47028210
2019/10/18,20350,-150,-0.73,20450,20700,20300,76356,1559850050,957024073500,47028210
2019/10/21,19950,-400,-1.97,20700,20700,19850,23853,478461550,938212789500,47028210
2019/10/22,20500,550,2.76,19950,20650,19950,40809,834824850,964078305000,47028210
2019/10/23,20550,50,0.24,20300,20850,20250,34970,721554650,966429715500,47028210
2019/10/24,20150,-400,-1.95,20450,20550,20050,38431,776631000,947618431500,47028210
2019/10/25,20050,-100,-0.50,20050,21400,19850,128582,2642299100,942915610500,47028210
2019/10/28,19900,-150,-0.75,20250,20250,19800,36856,736689200,935861379000,47028210
2019/10/29,20000,100,0.50,19900,20200,19850,31486,631335100,940564200000,47028210
2019/10/30,20000,0,0.00,19900,20200,19850,37665,755246600,940564200000,47028210
2019/10/31,20800,800,4.00,20200,21050,20150,135332,2804138600,978186768000,47028210
2019/11/01,20900,100,0.48,20750,20950,20550,30280,629768400,982889589000,47028210
2019/11/04,21000,100,0.48,20900,21300,20850,33948,714962550,987592410000,47028210
2019/11/05,20900,-100,-0.48,20900,21200,20750,34345,718765450,982889589000,47028210
2019/11/06,20850,-50,-0.24,20850,21250,20800,42092,883352950,980538178500,47028210
2019/11/07,21100,250,1.20,20800,21200,20800,38337,804847950,992295231000,47028210
2019/11/08,20950,-150,-0.71,21050,21250,20900,35986,757831900,985240999500,47028210
2019/11/11,21000,50,0.24,20850,21150,20550,36376,761611350,987592410000,47028210
2019/11/12,20900,-100,-0.48,21000,21350,20700,40252,843912450,982889589000,47028210
2019/11/13,20350,-550,-2.63,20800,21000,20300,41939,862129050,957024073500,47028210
2019/11/14,20700,350,1.72,20400,20800,20350,48784,1003750900,973483947000,47028210
2019/11/15,21150,450,2.17,20450,21250,20450,47375,994476450,994646641500,47028210
2019/11/18,21050,-100,-0.47,21150,21350,21000,19721,416537500,989943820500,47028210
2019/11/19,21000,-50,-0.24,20900,21200,20550,38655,811235250,987592410000,47028210
2019/11/20,21000,0,0.00,20900,21150,20500,55864,1165337600,987592410000,47028210
2019/11/21,20900,-100,-0.48,21150,21150,20500,62412,1301095050,982889589000,47028210
2019/11/22,21150,250,1.20,21100,21450,20800,43332,915372600,994646641500,47028210
2019/11/25,21350,200,0.95,21100,21900,21100,41851,894526300,1004052283500,47028210
2019/11/26,21050,-300,-1.41,21250,21600,21050,54579,1157380100,989943820500,47028210
2019/11/27,21750,700,3.33,21300,21850,20850,69973,1492608050,1022863567500,47028210
2019/11/28,21950,200,0.92,21650,22100,21550,32023,701361950,1032269209500,47028210
2019/11/29,21700,-250,-1.14,22100,22100,21550,36133,786672700,1020512157000,47028210
2019/12/02,21750,50,0.23,21700,21950,21550,32418,703916600,1022863567500,47028210
2019/12/03,21600,-150,-0.69,21550,21800,21050,45434,978665700,1015809336000,47028210
2019/12/04,21200,-400,-1.85,21500,21600,20850,34608,731297950,996998052000,47028210
2019/12/05,20950,-250,-1.18,21000,21250,20700,31793,666206600,985240999500,47028210
2019/12/06,21200,250,1.19,21000,21350,20900,28814,606835100,996998052000,47028210
2019/12/09,21150,-50,-0.24,21000,21550,20950,52512,1108963450,994646641500,47028210
2019/12/10,21550,400,1.89,20950,21550,20950,27035,579033000,1013457925500,47028210
2019/12/11,21900,350,1.62,21750,21950,21450,27432,598311250,1029917799000,47028210
2019/12/12,22000,100,0.46,22100,22100,21600,111849,2449733250,1034620620000,47028210
2019/12/13,22050,50,0.23,21800,22250,21800,31381,693232000,1036972030500,47028210
2019/12/16,22100,50,0.23,22050,22250,21900,53151,1170858450,1039323441000,47028210
2019/12/17,21700,-400,-1.81,21900,22100,21300,53523,1157714600,1020512157000,47028210
2019/12/18,21200,-500,-2.30,21500,21700,21150,85034,1811685150,996998052000,47028210
2019/12/19,21400,200,0.94,21200,21450,21150,33968,723800600,1006403694000,47028210
2019/12/20,21650,250,1.17,21500,21650,21300,28720,618413050,1018160746500,47028210
2019/12/23,21550,-100,-0.46,21700,21800,21450,24752,534924800,1013457925500,47028210
2019/12/24,21250,-300,-1.39,21500,21600,21250,26996,576763400,999349462500,47028210
2019/12/26,22250,1000,4.71,21450,22250,21150,60278,1316300050,1046377672500,47028210
2019/12/27,21900,-350,-1.57,21600,22250,21450,52412,1145467400,1029917799000,47028210
2019/12/30,22250,350,1.60,22000,22250,21750,27516,606394400,1046377672500,47028210
2020/01/02,21800,-450,-2.02,22000,22500,21700,35127,770381250,1025214978000,47028210
2020/01/03,21500,-300,-1.38,21950,22050,21450,61851,1337666850,1011106515000,47028210
2020/01/06,21100,-400,-1.86,21450,21700,21100,44395,947883100,992295231000,47028210
2020/01/07,21650,550,2.61,21250,21750,21150,43811,945438250,1018160746500,47028210
2020/01/08,20550,-1100,-5.08,21300,21300,20400,69893,1450086200,966429715500,47028210
2020/01/09,20750,200,0.97,20700,21000,20550,66547,1377200650,975835357500,47028210
2020/01/10,20700,-50,-0.24,20600,20950,20500,49347,1021673200,973483947000,47028210
2020/01/13,20600,-100,-0.48,20600,20800,20450,41695,857737300,968781126000,47028210
2020/01/14,20900,300,1.46,20650,21000,20550,44292,921957250,982889589000,47028210
2020/01/15,20900,0,0.00,20800,21100,20750,28726,600287000,982889589000,47028210
2020/01/16,20600,-300,-1.44,20850,20900,20350,46903,969202250,968781126000,47028210
2020/01/17,20350,-250,-1.21,20550,20750,20300,42418,867353500,957024073500,47028210
2020/01/20,20350,0,0.00,20300,20800,20300,32446,666683300,957024073500,47028210
2020/01/21,20450,100,0.49,20450,20700,20350,26499,542840200,961726894500,47028210
2020/01/22,21100,650,3.18,20650,21250,20450,60181,1264952200,992295231000,47028210
2020/01/23,21100,0,0.00,21100,21450,20950,46642,988008450,992295231000,47028210
2020/01/28,21650,550,2.61,22200,22200,21250,132614,2886193400,1018160746500,47028210
2020/01/29,21000,-650,-3.00,21700,21700,20750,55022,1156483700,987592410000,47028210
2020/01/30,20950,-50,-0.24,21000,21150,20550,46969,980087750,985240999500,47028210
2020/01/31,20450,-500,-2.39,21250,21250,20450,49893,1037468350,961726894500,47028210
2020/02/03,19700,-750,-3.67,20500,20750,19250,92784,1850880350,926455737000,47028210
2020/02/04,19600,-100,-0.51,19600,19800,19300,76132,1488757700,921752916000,47028210
2020/02/05,19500,-100,-0.51,19600,19700,19350,65669,1281385200,917050095000,47028210
2020/02/06,19950,450,2.31,19800,20250,19650,45963,915570100,938212789500,47028210
2020/02/07,19800,-150,-0.75,19950,19950,19600,51697,1021283750,931158558000,47028210
2020/02/10,20000,200,1.01,19500,20100,19300,41424,818717150,940564200000,47028210
2020/02/11,20350,350,1.75,20150,20400,19950,34236,690811950,957024073500,47028210
2020/02/12,20300,-50,-0.25,20050,20400,19950,42400,858283500,954672663000,47028210
2020/02/13,20200,-100,-0.49,20200,20500,19800,64474,1306154000,949969842000,47028210
2020/02/14,20300,100,0.50,20000,20800,20000,48167,984570350,954672663000,47028210
2020/02/17,20300,0,0.00,20400,20550,20050,33481,679260400,954672663000,47028210
2020/02/18,19850,-450,-2.22,20150,20450,19800,75201,1507562300,933509968500,47028210
2020/02/19,19850,0,0.00,20100,20200,19700,43473,867595450,933509968500,47028210
2020/02/20,19150,-700,-3.53,19850,20000,19150,67118,1301545250,900590221500,47028210
2020/02/21,18600,-550,-2.87,19000,19150,18500,45666,859234100,874724706000,47028210
2020/02/24,17700,-900,-4.84,18200,18700,17600,69271,1259148350,832399317000,47028210
2020/02/25,17950,250,1.41,18000,18200,17500,70215,1260444750,844156369500,47028210
2020/02/26,17950,0,0.00,18050,18150,17650,64832,1160962450,844156369500,47028210
2020/02/27,18100,150,0.84,17800,18150,17750,57111,1024456350,851210601000,47028210
2020/02/28,17550,-550,-3.04,18100,18200,17300,64647,1140060700,825345085500,47028210
2020/03/02,17900,350,1.99,17950,18000,17550,48066,856340850,841804959000,47028210
2020/03/03,17950,50,0.28,17900,18500,17700,56262,1013034100,844156369500,47028210
2020/03/04,18300,350,1.95,18050,18900,17900,118793,2171463450,860616243000,47028210
2020/03/05,18550,250,1.37,18200,18650,17950,83572,1531322900,872373295500,47028210
2020/03/06,18400,-150,-0.81,18250,18650,18050,70476,1285123650,865319064000,47028210
2020/03/09,18600,200,1.09,18200,18700,17900,84493,1554836850,874724706000,47028210
2020/03/10,18400,-200,-1.08,18800,18800,18000,84719,1547688100,865319064000,47028210
2020/03/11,17850,-550,-2.99,18150,18400,17600,72981,1309659850,839453548500,47028210
2020/03/12,17100,-750,-4.20,17950,17950,16300,165373,2812495850,804182391000,47028210
2020/03/13,16700,-400,-2.34,15600,18450,15600,485105,8151629750,785371107000,47028210
2020/03/16,16750,50,0.30,16850,17250,16150,111748,1883940000,787722517500,47028210
2020/03/17,17050,300,1.79,16300,17150,16150,96603,1623526150,801830980500,47028210
2020/03/18,16700,-350,-2.05,16850,17500,16650,86208,1468292250,785371107000,47028210
2020/03/19,14900,-1800,-10.78,16900,17200,14700,175614,2820149450,700720329000,47028210
2020/03/20,17500,2600,17.45,14800,17500,14600,105034,1631645800,822993675000,47028210
2020/03/23,15850,-1650,-9.43,16400,16500,15600,100497,1617895100,745397128500,47028210
2020/03/24,16550,700,4.42,16150,16550,15700,92592,1498826900,778316875500,47028210
2020/03/25,17000,450,2.72,16600,17000,16450,112250,1868640550,799479570000,47028210
2020/03/26,17200,200,1.18,16850,19300,16600,369241,6566705300,808885212000,47028210
2020/03/27,17750,550,3.20,18000,18300,16900,185230,3303532850,834750727500,47028210
2020/03/30,18550,800,4.51,17850,19750,17550,359972,6768996050,872373295500,47028210
2020/03/31,19950,1400,7.55,18750,19950,18550,389164,7711943000,938212789500,47028210
2020/04/01,21000,1050,5.26,21700,24550,20300,1011400,22547036900,987592410000,47028210
2020/04/02,22100,1100,5.24,22500,23950,20800,585409,12989289800,1039323441000,47028210
2020/04/03,21300,-800,-3.62,21600,21950,20750,208792,4450202600,1001700873000,47028210
2020/04/06,22150,850,3.99,21200,22900,21200,319293,7072732850,1041674851500,47028210
2020/04/07,24700,2550,11.51,22200,27350,20800,1813993,45119129450,1161596787000,47028210
2020/04/08,23100,-1600,-6.48,25450,25450,23050,561944,13470372450,1086351651000,47028210
2020/04/09,23000,-100,-0.43,23600,23650,22600,172156,3979687050,1081648830000,47028210
2020/04/10,22800,-200,-0.87,23250,24900,22500,369369,8725936700,1072243188000,47028210
2020/04/13,22300,-500,-2.19,22950,23400,22300,144581,3281825250,1048729083000,47028210
2020/04/14,21900,-400,-1.79,22350,22700,21350,145514,3179238750,1029917799000,47028210
2020/04/16,21250,-650,-2.97,21500,21850,20950,135813,2888242100,999349462500,47028210
2020/04/17,21250,0,0.00,21350,21500,21000,131734,2793654600,999349462500,47028210
2020/04/20,21350,100,0.47,21050,21800,20800,124467,2653725700,1004052283500,47028210
2020/04/21,20550,-800,-3.75,21300,21550,20100,141487,2936085250,966429715500,47028210
2020/04/22,20650,100,0.49,20300,20800,20250,88581,1818338400,971132536500,47028210
2020/04/23,20900,250,1.21,20550,21100,20500,95910,1985715750,982889589000,47028210
2020/04/24,21400,500,2.39,20650,21550,20650,133925,2843683750,1006403694000,47028210
2020/04/27,21400,0,0.00,21800,21900,21350,94842,2048028150,1006403694000,47028210
2020/04/28,21050,-350,-1.64,21300,21500,20700,91865,1931819350,989943820500,47028210
2020/04/29,21050,0,0.00,21050,21350,20850,77293,1629364700,989943820500,47028210
2020/05/04,20250,-800,-3.80,20750,21000,20200,122452,2509079750,952321252500,47028210
2020/05/06,21000,750,3.70,20800,21000,20300,80736,1667619850,987592410000,47028210
2020/05/07,20950,-50,-0.24,21100,21200,20700,74184,1558163000,985240999500,47028210
2020/05/08,21500,550,2.63,21050,21750,21050,150077,3222779400,1011106515000,47028210
2020/05/11,23000,1500,6.98,21950,23250,21600,268259,6081400400,1081648830000,47028210
2020/05/12,22850,-150,-0.65,23100,23400,22250,179862,4114541050,1074594598500,47028210
2020/05/13,23300,450,1.97,22400,24300,22400,436685,10239609000,1095757293000,47028210
2020/05/14,23100,-200,-0.86,23300,23600,22750,164017,3790561000,1086351651000,47028210
2020/05/15,23750,650,2.81,23650,25000,23300,363860,8770898700,1116919987500,47028210
2020/05/18,23800,50,0.21,23900,24300,23350,146810,3489085850,1119271398000,47028210
2020/05/19,23000,-800,-3.36,23800,23950,22700,137433,3154388450,1081648830000,47028210
2020/05/20,22500,-500,-2.17,23100,23300,22450,112112,2539883600,1058134725000,47028210
2020/05/21,22800,300,1.33,22400,23850,22100,290138,6655149500,1072243188000,47028210
2020/05/22,22500,-300,-1.32,23150,23600,22450,165116,3795811250,1058134725000,47028210
2020/05/25,22500,0,0.00,22900,22900,22200,76104,1718670750,1058134725000,47028210
2020/05/26,22750,250,1.11,22500,22800,22350,101922,2305213000,1069891777500,47028210
2020/05/27,23350,600,2.64,22600,23450,22450,133574,3088990900,1098108703500,47028210
2020/05/28,22750,-600,-2.57,23100,23350,22300,106991,2442143850,1069891777500,47028210
2020/05/29,21400,-1350,-5.93,22450,22800,21400,157310,3466043750,1006403694000,47028210
2020/06/01,22100,700,3.27,21650,22250,21550,78123,1717179850,1039323441000,47028210
2020/06/02,22850,750,3.39,21800,23000,21800,108385,2452105400,1074594598500,47028210
2020/06/03,22550,-300,-1.31,22950,23450,22450,115275,2646978550,1060486135500,47028210
2020/06/04,22500,-50,-0.22,22850,23150,22450,109763,2500011600,1058134725000,47028210
2020/06/05,22950,450,2.00,22650,23050,22350,101252,2305478200,1079297419500,47028210
2020/06/08,22700,-250,-1.09,23350,23450,22700,81690,1876920300,1067540367000,47028210
2020/06/09,23750,1050,4.63,22650,23850,22550,260563,6057909200,1116919987500,47028210
2020/06/10,24050,300,1.26,23850,24600,23500,310468,7466274700,1131028450500,47028210
2020/06/11,24250,200,0.83,24150,25300,23800,427249,10443851200,1140434092500,47028210
2020/06/12,24100,-150,-0.62,23600,24400,23250,243192,5789219300,1133379861000,47028210
2020/06/15,22700,-1400,-5.81,23900,24900,22600,261090,6307055250,1067540367000,47028210
2020/06/16,24250,1550,6.83,23100,24300,23100,174436,4174609100,1140434092500,47028210
2020/06/17,24350,100,0.41,24250,25000,23600,182455,4427591050,1145136913500,47028210
2020/06/18,24900,550,2.26,24500,25400,24400,276301,6871306300,1171002429000,47028210
2020/06/19,24000,-900,-3.61,25200,25200,23900,163523,3965893050,1128677040000,47028210
2020/06/22,24500,500,2.08,25200,26000,24300,269292,6727218500,1152191145000,47028210
2020/06/23,24400,-100,-0.41,24500,24700,23750,132492,3209721500,1147488324000,47028210
2020/06/24,24300,-100,-0.41,24300,24700,23950,96735,2355747750,1142785503000,47028210
2020/06/25,24200,-100,-0.41,23750,24600,23750,101087,2453818100,1138082682000,47028210
2020/06/26,23950,-250,-1.03,24250,24450,23850,67941,1635438450,1126325629500,47028210
2020/06/29,23950,0,0.00,24400,24400,23700,106468,2557799900,1126325629500,47028210
2020/06/30,24000,50,0.21,24000,24200,23750,82090,1967361750,1128677040000,47028210
2020/07/01,24000,0,0.00,23850,24500,23850,92667,2245481300,1128677040000,47028210
2020/07/02,24200,200,0.83,24200,24800,24050,109633,2674926850,1138082682000,47028210
2020/07/03,24050,-150,-0.62,24200,24350,23850,56512,1359031900,1131028450500,47028210
2020/07/06,24350,300,1.25,24600,24600,23900,90878,2205177300,1145136913500,47028210
2020/07/07,24100,-250,-1.03,24450,24600,24000,85994,2085109400,1133379861000,47028210
2020/07/08,23300,-800,-3.32,24100,24250,23200,137692,3248277400,1095757293000,47028210
2020/07/09,23300,0,0.00,23350,23750,23000,116123,2712958000,1095757293000,47028210
2020/07/10,23450,150,0.64,23550,24750,23050,297649,7109730850,1102811524500,47028210
2020/07/13,25500,2050,8.74,25750,27500,24500,909171,23367228750,1199219355000,47028210
2020/07/14,25150,-350,-1.37,25650,26250,24850,306954,7871356150,1182759481500,47028210
2020/07/15,24300,-850,-3.38,25150,25200,23950,213327,5179612050,1142785503000,47028210
2020/07/16,24250,-50,-0.21,24100,24450,24000,91310,2208052200,1140434092500,47028210
2020/07/17,24200,-50,-0.21,24300,24800,24100,104203,2537354150,1138082682000,47028210
2020/07/20,26650,2450,10.12,24200,28600,24200,1746879,47343055600,1253301796500,47028210
2020/07/21,26850,200,0.75,30900,31400,26450,2413828,69708217200,1262707438500,47028210
2020/07/22,28100,1250,4.66,26950,28250,25900,945219,25632857050,1321492701000,47028210
2020/07/23,26900,-1200,-4.27,27500,28450,26800,558024,15258331300,1265058849000,47028210
2020/07/24,26650,-250,-0.93,26900,27400,26100,354253,9447315400,1253301796500,47028210
2020/07/27,26950,300,1.13,27000,28050,26750,346512,9460451100,1267410259500,47028210
2020/07/28,27050,100,0.37,27000,27400,26650,196132,5297193550,1272113080500,47028210
2020/07/29,27100,50,0.18,26900,28450,26750,411854,11293081150,1274464491000,47028210
2020/07/30,26850,-250,-0.92,27100,27350,26700,200190,5402537100,1262707438500,47028210
2020/07/31,26450,-400,-1.49,26800,27050,26450,161387,4312994400,1243896154500,47028210
2020/08/03,26950,500,1.89,27100,27500,26500,268221,7256803200,1267410259500,47028210
2020/08/04,27300,350,1.30,27400,27550,27000,275002,7492368000,1283870133000,47028210
2020/08/05,31300,4000,14.65,27750,34900,27500,4322247,135679201000,1471982973000,47028210
2020/08/06,29850,-1450,-4.63,30850,30900,29600,969770,29276121300,1403792068500,47028210
2020/08/07,30300,450,1.51,29850,30700,29200,600514,18049825550,1424954763000,47028210
2020/08/10,30000,-300,-0.99,30350,31400,29700,698289,21264681400,1410846300000,47028210
2020/08/11,30150,150,0.50,31350,31400,30000,590019,18065345000,1417900531500,47028210
2020/08/12,29200,-950,-3.15,30150,30300,28750,389080,11458815600,1373223732000,47028210
2020/08/13,28450,-750,-2.57,29000,29350,28200,298587,8577627700,1337952574500,47028210
2020/08/14,28950,500,1.76,28450,29000,27500,314509,8870208550,1361466679500,47028210
2020/08/18,27550,-1400,-4.84,29300,29550,27500,331733,9471768050,1295627185500,47028210
2020/08/19,28950,1400,5.08,27950,29250,27950,356605,10276328250,1361466679500,47028210
2020/08/20,27800,-1150,-3.97,28550,29550,27700,519017,14765266400,1307384238000,47028210
2020/08/21,27250,-550,-1.98,27800,27800,26800,256053,6977095000,1281518722500,47028210
2020/08/24,27550,300,1.10,29800,30700,27450,734720,21095999400,1295627185500,47028210
2020/08/25,27600,50,0.18,27650,27900,27100,269832,7425404050,1297978596000,47028210
2020/08/26,27150,-450,-1.63,27600,27600,26850,219569,5964137500,1276815901500,47028210
2020/08/27,26600,-550,-2.03,27100,27300,26150,226669,6023385400,1250950386000,47028210
2020/08/28,27000,400,1.50,27300,28400,26600,332422,9062759700,1269761670000,47028210
2020/08/31,27500,500,1.85,27150,27750,26650,284009,7722052100,1293275775000,47028210
2020/09/01,27350,-150,-0.55,27550,27800,27050,201192,5501865700,1286221543500,47028210
2020/09/02,26950,-400,-1.46,27600,27600,26800,162554,4381618050,1267410259500,47028210
2020/09/03,26750,-200,-0.74,27050,27150,26750,160317,4314190850,1258004617500,47028210
2020/09/04,26100,-650,-2.43,25850,26200,25800,213214,5540305200,1227436281000,47028210
2020/09/07,26700,600,2.30,26100,27800,26000,312573,8369752600,1255653207000,47028210
2020/09/08,29050,2350,8.80,26800,29450,26550,1183324,33310750350,1366169500500,47028210
2020/09/09,26850,-2200,-7.57,27700,27750,26850,404522,11053316650,1262707438500,47028210
2020/09/10,26500,-350,-1.30,27000,27200,26500,196685,5249909900,1246247565000,47028210
2020/09/11,26450,-50,-0.19,26050,27400,26050,215241,5751363200,1243896154500,47028210
2020/09/14,26500,50,0.19,26500,26800,26300,101848,2702257600,1246247565000,47028210
2020/09/15,26800,300,1.13,26550,27100,26500,163284,4368547950,1260356028000,47028210
2020/09/16,26450,-350,-1.31,26900,26900,26450,116881,3114233950,1243896154500,47028210
2020/09/17,25900,-550,-2.08,26450,26650,25900,122531,3204444900,1218030639000,47028210
2020/09/18,25500,-400,-1.54,25900,26250,25350,145828,3740972700,1199219355000,47028210
2020/09/21,25350,-150,-0.59,25850,26200,25300,122312,3150260300,1192165123500,47028210
2020/09/22,24050,-1300,-5.13,25250,25350,23950,181572,4425379500,1131028450500,47028210
2020/09/23,23500,-550,-2.29,24150,24800,23250,181907,4321993900,1105162935000,47028210
2020/09/24,22350,-1150,-4.89,23200,23200,22100,169865,3842673500,1051080493500,47028210
2020/09/25,22250,-100,-0.45,22450,22750,22250,122788,2752370900,1046377672500,47028210
2020/09/28,22900,650,2.92,22450,22950,22250,101678,2305044000,1076946009000,47028210
2020/09/29,23300,400,1.75,23350,23350,22750,105349,2428624350,1095757293000,47028210
2020/10/05,23250,-50,-0.21,23550,23800,23100,103764,2419233050,1093405882500,47028210
2020/10/06,23250,0,0.00,23250,23900,23150,152788,3585315800,1093405882500,47028210
2020/10/07,23550,300,1.29,23250,23550,22800,130364,3033730400,1107514345500,47028210
2020/10/08,23250,-300,-1.27,23600,23700,23200,136100,3178132350,1093405882500,47028210
2020/10/12,23250,0,0.00,23500,23550,23150,77011,1791061950,1093405882500,47028210
2020/10/13,22650,-600,-2.58,23300,23300,22600,125840,2869081850,1065188956500,47028210
2020/10/14,22700,50,0.22,22600,23200,22600,125334,2863482100,1067540367000,47028210
2020/10/15,22350,-350,-1.54,22650,22750,22150,128065,2862405700,1051080493500,47028210
2020/10/16,22000,-350,-1.57,22350,22550,21850,112642,2489728900,1034620620000,47028210
2020/10/19,22100,100,0.45,21850,22550,21850,98599,2199795150,1039323441000,47028210
2020/10/20,22100,0,0.00,21950,23550,21400,427893,9593234250,1039323441000,47028210
2020/10/21,22050,-50,-0.23,22150,22300,21900,84631,1866964350,1036972030500,47028210
2020/10/22,22250,200,0.91,22550,23500,22150,569533,12989178250,1046377672500,47028210
2020/10/23,23350,1100,4.94,22400,24850,21850,1446240,34191300250,1098108703500,47028210
2020/10/26,23000,-350,-1.50,23650,24450,22900,417722,9852612150,1081648830000,47028210
2020/10/27,22300,-700,-3.04,22600,22950,22200,188693,4229386700,1048729083000,47028210
2020/10/28,22400,100,0.45,22350,22750,22200,204101,4563723350,1053431904000,47028210
2020/10/29,22450,50,0.22,22000,22900,21750,305774,6786653300,1055783314500,47028210
2020/10/30,22500,50,0.22,22650,23100,22350,248075,5626613350,1058134725000,47028210
2020/11/02,23550,1050,4.67,22950,23800,22900,302318,7082797200,1107514345500,47028210
2020/11/03,26950,3400,14.44,23650,28900,23400,3429260,91379582400,1267410259500,47028210
2020/11/04,35000,8050,29.87,27550,35000,26600,13947437,460433105150,1645987350000,47028210
2020/11/05,38400,3400,9.71,36300,42800,35150,13872125,543808787450,1805883264000,47028210
2020/11/06,37200,-1200,-3.13,38050,38550,35650,3107934,115004990100,1749449412000,47028210
2020/11/09,37750,550,1.48,37550,40100,36700,3040153,115549206100,1775314927500,47028210
2020/11/10,36800,-950,-2.52,37550,40950,35900,3259074,125184859600,1730638128000,47028210
2020/11/11,37000,200,0.54,35950,39800,35950,3030480,115751920000,1740043770000,47028210
2020/11/12,36000,-1000,-2.70,37500,38050,35500,1069272,39123540450,1693015560000,47028210
2020/11/13,34800,-1200,-3.33,35350,35900,33200,1051066,36279249850,1636581708000,47028210
2020/11/16,34000,-800,-2.30,35000,35250,33800,498899,17072540500,1598959140000,47028210
2020/11/17,41000,7000,20.59,34350,42750,33150,8668179,346482212100,1928156610000,47028210
2020/11/18,41600,600,1.46,46050,49500,41000,12331370,555487542650,1956373536000,47028210
2020/11/19,39650,-1950,-4.69,39900,40450,38700,791860,31352404250,1864668526500,47028210
2020/11/20,39800,150,0.38,40450,40900,39700,619313,24862668900,1871722758000,47028210
2020/11/23,41550,1750,4.40,39650,41550,39650,617657,25157196750,1954022125500,47028210
2020/11/24,40500,-1050,-2.53,41400,47200,39650,5364242,232435684450,1904642505000,47028210
2020/11/25,36750,-3750,-9.26,39700,39750,36400,3393194,128558676650,1728286717500,47028210
2020/11/26,37100,350,0.95,37050,38250,35900,1339687,49522997700,1744746591000,47028210
2020/11/27,36650,-450,-1.21,36200,37450,36200,741593,27264768600,1723583896500,47028210
2020/11/30,35600,-1050,-2.86,36500,37000,35600,802896,28996378750,1674204276000,47028210
2020/12/01,36000,400,1.12,36450,39100,35600,2196182,81649097600,1693015560000,47028210
2020/12/02,36850,850,2.36,36300,37600,35750,882397,32318270150,1732989538500,47028210
2020/12/03,36100,-750,-2.04,36950,37400,36100,542121,19757862050,1697718381000,47028210
2020/12/04,35550,-550,-1.52,36050,36800,35200,875509,31423457450,1671852865500,47028210
2020/12/07,37150,1600,4.50,39450,40250,36800,3061192,116868915550,1747098001500,47028210
2020/12/08,35800,-1350,-3.63,38000,38100,35650,829853,30448121950,1683609918000,47028210
2020/12/09,34900,-900,-2.51,35950,36250,34500,598212,21010181500,1641284529000,47028210
2020/12/10,35350,450,1.29,34900,36200,34500,754926,26758033250,1662447223500,47028210
2020/12/11,36300,950,2.69,35400,37400,35150,1155906,42207752250,1707124023000,47028210
2020/12/14,38500,2200,6.06,37050,38650,36300,2194518,83056852600,1810586085000,47028210
2020/12/15,37250,-1250,-3.25,38600,38600,36750,705306,26391450100,1751800822500,47028210
2020/12/16,37750,500,1.34,37250,39150,36800,1369358,52165592550,1775314927500,47028210
2020/12/17,38100,350,0.93,38100,38650,37150,638212,24168483800,1791774801000,47028210
2020/12/18,36900,-1200,-3.15,38250,38900,35700,1203308,45056182600,1735340949000,47028210
2020/12/21,37400,500,1.36,37350,37900,36650,627483,23529896950,1758855054000,47028210
2020/12/22,36550,-850,-2.27,38150,38400,36350,643676,24041688000,1718881075500,47028210
2020/12/23,34800,-1750,-4.79,36550,36850,34750,512251,18216061900,1636581708000,47028210
2020/12/24,34050,-750,-2.16,34250,35350,33150,691973,23696821850,1601310550500,47028210
2020/12/28,33150,-900,-2.64,34000,34600,33100,434158,14597524200,1558985161500,47028210
2020/12/29,35900,2750,8.30,33500,36500,33150,1640961,59415469000,1688312739000,47028210
2020/12/30,41500,5600,15.60,39600,44550,37300,15537860,642273562650,1951670715000,47028210
2021/01/04,53600,12100,29.16,43850,53900,43800,17193118,837923688100,2520712056000,47028210
2021/01/05,49550,-4050,-7.56,50200,53200,47600,6576780,328111407300,2330247805500,47028210
2021/01/06,49600,50,0.10,47600,56300,47550,7348615,382292103800,2332599216000,47028210
2021/01/07,49750,150,0.30,51400,51800,49050,1942162,97791445050,2339653447500,47028210
2021/01/08,47700,-2050,-4.12,49400,51000,46500,2454725,118520371100,2243245617000,47028210
2021/01/11,45300,-2400,-5.03,46500,46950,44650,1245323,56641208100,2130377913000,47028210
2021/01/12,44250,-1050,-2.32,44400,48500,44050,1798644,82088066700,2080998292500,47028210
2021/01/13,43350,-900,-2.03,43750,44500,43150,673793,29361889900,2038672903500,47028210
2021/01/14,43800,450,1.04,43600,45350,42050,1486734,65221304650,2059835598000,47028210
2021/01/15,47200,3400,7.76,43550,50000,42300,8701399,411381821100,2219731512000,47028210
2021/01/18,43500,-3700,-7.84,46050,47800,43300,1712394,78434110050,2045727135000,47028210
2021/01/19,43800,300,0.69,43500,44800,42400,958494,41896576550,2059835598000,47028210
2021/01/20,43400,-400,-0.91,43250,44650,43200,817506,35939703050,2041024314000,47028210
2021/01/21,42850,-550,-1.27,43600,44350,42550,645607,27912726250,2015158798500,47028210
2021/01/22,46500,3650,8.52,42950,48400,42500,3788194,175781456250,2186811765000,47028210
2021/01/25,48850,2350,5.05,47800,49700,47700,1969766,95633825350,2297328058500,47028210
2021/01/26,49450,600,1.23,48100,52900,47100,4500104,226435746000,2325544984500,47028210
2021/01/27,49000,-450,-0.91,48900,50600,48700,1042375,51577545600,2304382290000,47028210
2021/01/28,44850,-4150,-8.47,47900,48000,44500,912171,42181248350,2109215218500,47028210
2021/01/29,44000,-850,-1.90,50300,52000,43500,5300149,256390931100,2069241240000,47028210
2021/02/01,43300,-700,-1.59,44050,46200,43150,1130077,49996272200,2036321493000,47028210
2021/02/02,42850,-450,-1.04,43650,44000,42700,627773,27123685550,2015158798500,47028210
2021/02/03,43850,1000,2.33,43050,44850,42550,885158,38744066350,2062187008500,47028210
2021/02/04,43450,-400,-0.91,44150,45550,43300,601286,26611415900,2043375724500,47028210
2021/02/05,42600,-850,-1.96,43450,43850,42300,394197,16828606950,2003401746000,47028210
2021/02/08,42450,-150,-0.35,44050,44300,41750,533360,22819765400,1996347514500,47028210
2021/02/09,41900,-550,-1.30,42150,43250,41650,380485,16096243200,1970481999000,47028210
2021/02/10,41850,-50,-0.12,41900,42150,40700,469403,19489289150,1968130588500,47028210
2021/02/15,41850,0,0.00,41500,42550,41250,293526,12319690700,1968130588500,47028210
2021/02/16,43700,1850,4.42,41650,45800,40500,3247843,142971275950,2055132777000,47028210
2021/02/17,41600,-2100,-4.81,43700,43750,41500,749352,31552433650,1956373536000,47028210
2021/02/18,39150,-2450,-5.89,41300,42400,39100,760858,30752164300,1841154421500,47028210
2021/02/19,38750,-400,-1.02,38650,39450,37250,568277,21727674100,1822343137500,47028210
2021/02/22,37550,-1200,-3.10,38750,39500,37350,363470,13917669800,1765909285500,47028210
2021/02/23,36200,-1350,-3.60,37000,37550,36100,394403,14503036600,1702421202000,47028210
2021/02/24,35200,-1000,-2.76,35650,37400,35200,505222,18268085150,1655392992000,47028210
2021/02/25,37000,1800,5.11,35600,37000,35600,344667,12585483550,1740043770000,47028210
2021/02/26,37100,100,0.27,35900,40800,35450,1779509,67579868100,1744746591000,47028210
2021/03/02,36650,-450,-1.21,37700,38200,36400,426551,15930765800,1723583896500,47028210
2021/03/03,37400,750,2.05,37150,38400,36700,475660,17924381850,1758855054000,47028210
2021/03/04,37100,-300,-0.80,36700,40200,35700,1147377,43103264900,1744746591000,47028210
2021/03/05,37250,150,0.40,36950,38250,36700,440325,16444373500,1751800822500,47028210
2021/03/08,36050,-1200,-3.22,37400,37650,35200,378047,13724068100,1695366970500,47028210
2021/03/09,34500,-1550,-4.30,36400,36800,33950,427842,14913391350,1622473245000,47028210
2021/03/10,33250,-1250,-3.62,34700,35350,33250,382228,12982160750,1563687982500,47028210
2021/03/11,33700,450,1.35,33300,34100,32900,326699,10973583000,1584850677000,47028210
2021/03/12,34800,1100,3.26,33800,34950,33700,342318,11767696650,1636581708000,47028210
2021/03/15,34000,-800,-2.30,34700,34700,33750,239518,8174689250,1598959140000,47028210
2021/03/16,34950,950,2.79,34200,35550,34050,362921,12643847550,1643635939500,47028210
2021/03/17,36200,1250,3.58,34950,36400,34650,431429,15418632050,1702421202000,47028210
2021/03/18,36900,700,1.93,37500,37650,36550,439217,16279794300,1735340949000,47028210
2021/03/19,37050,150,0.41,36350,37400,36150,259709,9568834400,1742395180500,47028210
2021/03/22,37050,0,0.00,37400,37450,36700,195106,7219040850,1742395180500,47028210
2021/03/23,35700,-1350,-3.64,37050,37250,35500,222764,8084576500,1678907097000,47028210
2021/03/24,36650,950,2.66,35300,36900,35100,251049,9077932250,1723583896500,47028210
2021/03/25,35350,-1300,-3.55,36200,36600,35300,260780,9290066300,1662447223500,47028210
2021/03/26,35250,-100,-0.28,35700,35700,35150,147830,5226792550,1657744402500,47028210
2021/03/29,35600,350,0.99,35250,36400,35100,186939,6678470350,1674204276000,47028210
2021/03/30,35450,-150,-0.42,35600,36000,35300,141001,4999913950,1667150044500,47028210
2021/03/31,34850,-600,-1.69,35400,35450,34650,163123,5706197000,1638933118500,47028210
2021/04/01,34700,-150,-0.43,34900,34950,34400,151302,5239113700,1631878887000,47028210
2021/04/02,34400,-300,-0.86,34750,35300,34400,169895,5907008050,1617770424000,47028210
2021/04/05,33750,-650,-1.89,34400,34400,33550,204221,6878233800,1587202087500,47028210
2021/04/06,32550,-1200,-3.56,33000,33300,32550,306687,10073681850,1530768235500,47028210
2021/04/07,32950,400,1.23,32250,33400,32150,248486,8195790550,1549579519500,47028210
2021/04/08,33100,150,0.46,32800,33450,32550,130193,4308969050,1556633751000,47028210
2021/04/09,35750,2650,8.01,33350,38700,33250,2491582,91415146100,1681258507500,47028210
2021/04/12,37200,1450,4.06,35900,37400,35850,667866,24481384300,1749449412000,47028210
2021/04/13,38000,800,2.15,37650,38450,36600,620198,23402713050,1787071980000,47028210
2021/04/14,37850,-150,-0.39,37600,38250,37500,320109,12127000950,1780017748500,47028210
2021/04/15,40000,2150,5.68,37850,41200,37400,3580475,142720465700,1881128400000,47028210
2021/04/16,40350,350,0.88,39400,41400,38100,1539286,61707475000,1897588273500,47028210
2021/04/19,40750,400,0.99,40300,41550,39300,958070,39174465400,1916399557500,47028210
2021/04/20,40400,-350,-0.86,40950,41150,40200,393670,15987571450,1899939684000,47028210
2021/04/21,39850,-550,-1.36,40500,40850,39550,405823,16268842700,1874074168500,47028210
2021/04/22,39550,-300,-0.75,40100,40200,39250,266384,10599023350,1859965705500,47028210
2021/04/23,39750,200,0.51,39300,40300,39100,245572,9769042200,1869371347500,47028210
2021/04/26,39800,50,0.13,39750,40350,39450,220816,8817872200,1871722758000,47028210
2021/04/27,39900,100,0.25,39900,41200,39550,412561,16584761150,1876425579000,47028210
2021/04/28,38300,-1600,-4.01,40050,40050,37800,509219,19687818600,1801180443000,47028210
2021/04/29,37050,-1250,-3.26,37950,38450,37000,322684,12112700900,1742395180500,47028210
2021/04/30,36600,-450,-1.21,36950,38000,35900,478688,18062188200,1721232486000,47028210
2021/05/03,36550,-50,-0.14,39300,40550,36500,1125785,43418764600,1718881075500,47028210
2021/05/04,36150,-400,-1.09,36150,36950,35100,324752,11682350200,1700069791500,47028210
2021/05/06,36850,700,1.94,36200,37500,36150,293495,10855324250,1732989538500,47028210
2021/05/07,37600,750,2.04,37100,38700,37100,359951,13629599700,1768260696000,47028210
2021/05/10,40200,2600,6.91,38400,40200,38050,796143,31256164000,1890534042000,47028210
2021/05/11,39800,-400,-1.00,39550,40150,38600,502742,19781460500,1871722758000,47028210
2021/05/12,38450,-1350,-3.39,37750,39350,37600,610202,23408636000,1808234674500,47028210
2021/05/13,36850,-1600,-4.16,38350,39150,36550,423018,16060958700,1732989538500,47028210
2021/05/14,36600,-250,-0.68,37300,38950,35300,710682,26526138450,1721232486000,47028210
2021/05/17,38100,1500,4.10,36600,38300,36500,358664,13478617600,1791774801000,47028210
2021/05/18,38800,700,1.84,36700,39050,36700,345327,13197188900,1824694548000,47028210
2021/05/20,37700,-1100,-2.84,38500,38700,37600,224153,8507510150,1772963517000,47028210
2021/05/21,37300,-400,-1.06,37700,41500,37250,3849365,153604920300,1754152233000,47028210
2021/05/24,34800,-2500,-6.70,36200,36300,33850,820119,28652644350,1636581708000,47028210
2021/05/25,34500,-300,-0.86,34950,35150,34450,332861,11573406450,1622473245000,47028210
2021/05/26,34600,100,0.29,34250,35050,34250,193923,6724021250,1627176066000,47028210
2021/05/27,34900,300,0.87,34800,35200,34100,238600,8264862050,1641284529000,47028210
2021/05/28,34650,-250,-0.72,34900,35100,34550,176621,6140697850,1629527476500,47028210
2021/05/31,34250,-400,-1.15,34850,35050,34200,205536,7098708750,1610716192500,47028210
2021/06/01,34250,0,0.00,34450,34550,34050,150725,5166628600,1610716192500,47028210
2021/06/02,33300,-950,-2.77,34450,34450,33200,354830,11989268000,1566039393000,47028210
2021/06/03,33950,650,1.95,33300,34350,33300,225831,7667759750,1596607729500,47028210
2021/06/04,33750,-200,-0.59,33900,34150,33400,153574,5190242450,1587202087500,47028210
2021/06/07,33750,0,0.00,33750,34150,33150,268899,9036794250,1587202087500,47028210
2021/06/08,33600,-150,-0.44,33550,34100,33550,140231,4731995900,1580147856000,47028210
2021/06/09,33400,-200,-0.60,33650,34000,33300,142280,4785199150,1570742214000,47028210
2021/06/10,33750,350,1.05,33400,34400,33200,199680,6777128550,1587202087500,47028210
2021/06/11,34050,300,0.89,34200,34800,34050,290305,9984668950,1601310550500,47028210
2021/06/14,34400,350,1.03,34050,34800,34000,161002,5546804450,1617770424000,47028210
2021/06/15,33750,-650,-1.89,34450,34750,33650,189635,6457755700,1587202087500,47028210
2021/06/16,33700,-50,-0.15,33850,34100,33500,131326,4432509750,1584850677000,47028210
2021/06/17,33350,-350,-1.04,33450,33850,33200,142378,4758854500,1568390803500,47028210
2021/06/18,33400,50,0.15,33600,33750,33350,96118,3217103100,1570742214000,47028210
2021/06/21,33100,-300,-0.90,33400,33700,33000,152695,5060127350,1556633751000,47028210
2021/06/22,33050,-50,-0.15,33300,33400,33000,102011,3379400350,1554282340500,47028210
2021/06/23,33650,600,1.82,33100,34500,33050,325221,11041136900,1582499266500,47028210
2021/06/24,33400,-250,-0.74,33750,33950,33300,131852,4417617600,1570742214000,47028210
2021/06/25,33950,550,1.65,33600,34150,33450,113427,3842768800,1596607729500,47028210
2021/06/28,33700,-250,-0.74,33950,34000,33700,71783,2426288950,1584850677000,47028210
2021/06/29,34000,300,0.89,33700,34850,33700,269582,9257135000,1598959140000,47028210
2021/06/30,34100,100,0.29,34000,34300,33950,110942,3783920000,1603661961000,47028210
2021/07/01,35250,1150,3.37,34100,35400,33800,380193,13241081450,1657744402500,47028210
2021/07/02,34950,-300,-0.85,35200,35200,34700,188283,6574646350,1643635939500,47028210
2021/07/05,35450,500,1.43,35100,35600,34850,328663,11587174650,1667150044500,47028210
2021/07/06,34900,-550,-1.55,35000,36400,34450,395333,13907749200,1641284529000,47028210
2021/07/07,34600,-300,-0.86,34900,35700,34550,274508,9592822200,1627176066000,47028210
2021/07/08,33900,-700,-2.02,34650,34850,33850,147803,5056777850,1594256319000,47028210
2021/07/09,33350,-550,-1.62,33850,34300,33200,204278,6853175850,1568390803500,47028210
2021/07/12,34300,950,2.85,33250,36550,33250,872236,30522476850,1613067603000,47028210
2021/07/13,33700,-600,-1.75,34250,34550,33650,161534,5486266550,1584850677000,47028210
2021/07/14,33850,150,0.45,33600,33900,33350,208813,7031733050,1591904908500,47028210
2021/07/15,33800,-50,-0.15,33900,34150,33650,127782,4326468500,1589553498000,47028210
2021/07/16,34050,250,0.74,33650,34500,33400,205487,6990144750,1601310550500,47028210
2021/07/19,33650,-400,-1.17,34050,34200,33600,110686,3737947300,1582499266500,47028210
2021/07/20,33450,-200,-0.59,33300,33800,33100,124786,4169384850,1573093624500,47028210
2021/07/21,33100,-350,-1.05,33500,33700,33100,113624,3782608850,1556633751000,47028210
2021/07/22,33100,0,0.00,33100,33600,33000,162924,5399175450,1556633751000,47028210
2021/07/23,33200,100,0.30,33300,33600,33150,82683,2756387700,1561336572000,47028210
2021/07/26,32950,-250,-0.75,33150,33200,32650,121410,4002569150,1549579519500,47028210
2021/07/27,32350,-600,-1.82,32800,33050,32250,153790,5015023500,1521362593500,47028210
2021/07/28,31600,-750,-2.32,32250,32450,31600,177139,5645549150,1486091436000,47028210
2021/07/29,31650,50,0.16,31650,32000,31500,115026,3650076600,1488442846500,47028210
2021/07/30,31500,-150,-0.47,31650,32100,31000,163257,5132753400,1481388615000,47028210
2021/08/02,31500,0,0.00,31550,31850,31300,82902,2614777500,1481388615000,47028210
2021/08/03,31250,-250,-0.79,31500,31700,31150,77514,2428744950,1469631562500,47028210
2021/08/04,32250,1000,3.20,31250,32250,31250,137821,4394798450,1516659772500,47028210
2021/08/05,32800,550,1.71,32300,32900,32150,221739,7206184350,1542525288000,47028210
2021/08/06,33300,500,1.52,32500,33750,32400,314226,10450182550,1566039393000,47028210
2021/08/09,32450,-850,-2.55,33450,33450,32300,145763,4760477350,1526065414500,47028210
2021/08/10,32250,-200,-0.62,32300,33100,32000,112020,3633796850,1516659772500,47028210
2021/08/11,32600,350,1.09,32050,32750,31950,102690,3326833700,1533119646000,47028210
2021/08/12,31900,-700,-2.15,32750,32900,31700,159963,5139828200,1500199899000,47028210
2021/08/13,31150,-750,-2.35,32200,32200,31050,124667,3919379350,1464928741500,47028210
2021/08/17,31200,50,0.16,31500,32150,31050,140570,4424241400,1467280152000,47028210
2021/08/18,30900,-300,-0.96,30750,31200,30500,123289,3801116650,1453171689000,47028210
2021/08/19,30000,-900,-2.91,30850,30900,30000,141502,4305691300,1410846300000,47028210
2021/08/20,28500,-1500,-5.00,30000,30300,28350,242668,7067435450,1340303985000,47028210
2021/08/23,30400,1900,6.67,28050,31300,28050,233692,6993564150,1429657584000,47028210
2021/08/24,31200,800,2.63,30550,31550,30100,150573,4669284950,1467280152000,47028210
2021/08/25,31300,100,0.32,30950,31800,30850,117073,3662777500,1471982973000,47028210
2021/08/26,31950,650,2.08,30950,32100,30950,139988,4450186500,1502551309500,47028210
2021/08/27,33100,1150,3.60,32000,33800,31550,478967,15894332450,1556633751000,47028210
2021/08/30,32950,-150,-0.45,33750,33900,32850,148939,4954646600,1549579519500,47028210
2021/08/31,34650,1700,5.16,32950,35100,32450,699864,24034206900,1629527476500,47028210
2021/09/01,33850,-800,-2.31,34100,34950,33500,233043,7927816900,1591904908500,47028210
2021/09/02,33700,-150,-0.44,33900,34400,33600,192331,6531058050,1584850677000,47028210
2021/09/03,34350,650,1.93,33750,34650,33750,143824,4936461500,1615419013500,47028210
2021/09/06,34500,150,0.44,34350,34800,33900,133927,4589153950,1622473245000,47028210
2021/09/07,33850,-650,-1.88,34300,34650,33700,97607,3318808600,1591904908500,47028210
2021/09/08,33150,-700,-2.07,33600,34050,33150,114245,3830170350,1558985161500,47028210
2021/09/09,33150,0,0.00,33050,34100,32900,149376,4989283000,1558985161500,47028210
2021/09/10,32150,-1000,-3.02,33250,33600,31100,176957,5725135550,1511956951500,47028210
2021/09/13,33750,1600,4.98,31900,34450,31850,258053,8606979300,1587202087500,47028210
2021/09/14,32850,-900,-2.67,33550,33800,32700,127675,4229410750,1544876698500,47028210
2021/09/15,32800,-50,-0.15,32650,33150,32450,68691,2254412900,1542525288000,47028210
2021/09/16,32650,-150,-0.46,32800,33100,32500,74632,2444110200,1535471056500,47028210
2021/09/17,32950,300,0.92,32250,33350,32250,85741,2811357050,1549579519500,47028210
2021/09/23,32750,-200,-0.61,32850,33000,32300,75162,2457073800,1540173877500,47028210
2021/09/24,31950,-800,-2.44,32650,32750,31950,95986,3089051450,1502551309500,47028210
2021/09/27,32150,200,0.63,31650,32650,31650,58365,1882638900,1511956951500,47028210
2021/09/28,31200,-950,-2.95,31950,32300,31100,106442,3360569500,1467280152000,47028210
2021/09/29,31950,750,2.40,31100,34000,30650,382324,12318050800,1502551309500,47028210
2021/09/30,31550,-400,-1.25,31400,32200,31200,111042,3516814350,1483740025500,47028210
2021/10/01,30550,-1000,-3.17,31200,31850,30550,96561,2996602500,1436711815500,47028210
2021/10/05,29300,-1250,-4.09,30700,31850,29250,218070,6574815750,1377926553000,47028210
2021/10/06,27750,-1550,-5.29,28950,29650,27750,231038,6608236750,1305032827500,47028210
2021/10/07,29100,1350,4.86,27600,29250,27600,157980,4518115800,1368520911000,47028210
2021/10/08,29250,150,0.52,29050,29700,28650,74419,2165581250,1375575142500,47028210
2021/10/12,28400,-850,-2.91,28800,29250,28200,67858,1936877900,1335601164000,47028210
2021/10/13,28900,500,1.76,28400,29500,28400,74628,2163337850,1359115269000,47028210
2021/10/14,30050,1150,3.98,29050,30150,28850,72599,2162710400,1413197710500,47028210
2021/10/15,30550,500,1.66,30100,32800,29800,499262,15707758200,1436711815500,47028210
2021/10/18,30700,150,0.49,30750,31100,29750,68075,2072250150,1443766047000,47028210
2021/10/19,30400,-300,-0.98,30900,31150,30400,56621,1737415300,1429657584000,47028210
2021/10/20,29900,-500,-1.64,30200,30700,29850,71974,2173139100,1406143479000,47028210
2021/10/21,29550,-350,-1.17,29900,30400,29550,60993,1830677000,1389683605500,47028210
2021/10/22,29750,200,0.68,29400,30200,29400,51046,1521816400,1399089247500,47028210
2021/10/25,29050,-700,-2.35,29550,30000,28800,93649,2730615600,1366169500500,47028210
2021/10/26,29750,700,2.41,29050,29950,29050,58705,1740830650,1399089247500,47028210
2021/10/27,29500,-250,-0.84,29950,30200,29300,85134,2525452300,1387332195000,47028210
2021/10/28,29900,400,1.36,30000,30850,29600,105254,3179156800,1406143479000,47028210
2021/10/29,29300,-600,-2.01,29650,30150,29200,91609,2706861450,1377926553000,47028210
2021/11/01,29800,500,1.71,29350,30700,29350,92043,2770074850,1401440658000,47028210
2021/11/02,29950,150,0.50,29900,30800,29600,112271,3401943500,1408494889500,47028210
2021/11/03,29650,-300,-1.00,29950,30100,29500,73266,2179224500,1394386426500,47028210
2021/11/04,29400,-250,-0.84,29600,30550,29350,112098,3340163800,1382629374000,47028210
2021/11/05,29050,-350,-1.19,29400,29800,28650,105413,3056418300,1366169500500,47028210
2021/11/08,28800,-250,-0.86,28800,29050,27950,146067,4129058350,1354412448000,47028210
2021/11/09,28750,-50,-0.17,28300,29050,28300,70391,2018424950,1352061037500,47028210
2021/11/10,28150,-600,-2.09,28500,29100,27800,86313,2444669250,1323844111500,47028210
2021/11/11,27500,-650,-2.31,27850,28200,27300,109615,3033153350,1293275775000,47028210
2021/11/12,28050,550,2.00,27450,28350,27450,77084,2158497750,1319141290500,47028210
2021/11/15,28250,200,0.71,27950,28950,27900,95997,2732761100,1328546932500,47028210
2021/11/16,28500,250,0.88,28150,28700,27800,72564,2060207000,1340303985000,47028210
2021/11/17,27700,-800,-2.81,28200,28800,27600,123478,3436950100,1302681417000,47028210
2021/11/18,27200,-500,-1.81,27800,28350,27200,98258,2713088500,1279167312000,47028210
2021/11/19,27150,-50,-0.18,27100,27600,27000,69368,1891972000,1276815901500,47028210
2021/11/22,27250,100,0.37,27050,27500,26700,68597,1861234500,1281518722500,47028210
2021/11/23,26700,-550,-2.02,26800,27300,26600,91747,2460562550,1255653207000,47028210
2021/11/24,26150,-550,-2.06,26650,26800,26000,98691,2600849650,1229787691500,47028210
2021/11/25,26550,400,1.53,26050,26600,26000,94504,2479585450,1248598975500,47028210
2021/11/26,26400,-150,-0.56,26200,27300,26150,85517,2278880700,1241544744000,47028210
2021/11/29,25600,-800,-3.03,26350,27050,25550,121013,3164033400,1203922176000,47028210
2021/11/30,24600,-1000,-3.91,25600,25900,24200,165032,4142078700,1156893966000,47028210
2021/12/01,25300,700,2.85,24150,25700,24150,120938,3019038200,1189813713000,47028210
2021/12/02,26000,700,2.77,24850,26200,24850,61553,1580864950,1222733460000,47028210
2021/12/03,26550,550,2.12,25800,26600,25650,52096,1366127650,1248598975500,47028210
2021/12/06,26650,100,0.38,26550,26800,26200,46324,1228075250,1253301796500,47028210
2021/12/07,27300,650,2.44,26500,27450,26400,75052,2031134750,1283870133000,47028210
2021/12/08,27600,300,1.10,27350,27800,27250,79367,2186418050,1297978596000,47028210
2021/12/09,27550,-50,-0.18,27600,27850,27400,100310,2769802350,1295627185500,47028210
2021/12/10,27000,-550,-2.00,27200,27600,26900,67018,1816495900,1269761670000,47028210
2021/12/13,26600,-400,-1.48,27000,27400,26500,49139,1325800450,1250950386000,47028210
2021/12/14,26900,300,1.13,26800,27250,26650,63683,1718935700,1265058849000,47028210
2021/12/15,26750,-150,-0.56,27150,27150,26600,42777,1149034400,1258004617500,47028210
2021/12/16,26950,200,0.75,26950,27300,26800,64664,1745239950,1267410259500,47028210
2021/12/17,27750,800,2.97,26950,28500,26900,262219,7278319850,1305032827500,47028210
2021/12/20,26950,-800,-2.88,27450,27650,26900,71285,1931106300,1267410259500,47028210
2021/12/21,26200,-750,-2.78,27300,27300,26100,111279,2945801550,1232139102000,47028210
2021/12/22,26250,50,0.19,26100,26450,25800,67718,1766722400,1234490512500,47028210
2021/12/23,26250,0,0.00,26250,26450,26050,49863,1307538800,1234490512500,47028210
2021/12/24,26250,0,0.00,26250,26650,26150,64069,1688443450,1234490512500,47028210
2021/12/27,27500,1250,4.76,26550,27750,26350,146418,3986225450,1293275775000,47028210
2021/12/28,27500,0,0.00,27250,27650,27250,72841,2002319500,1293275775000,47028210
2021/12/29,27400,-100,-0.36,27250,27700,26850,57311,1570280750,1288572954000,47028210
2021/12/30,27150,-250,-0.91,27200,27400,27050,60572,1647020600,1276815901500,47028210
2022/01/03,27500,350,1.29,27200,27550,26950,55486,1515593150,1293275775000,47028210
2022/01/04,27150,-350,-1.27,27200,27500,27000,53000,1439762150,1276815901500,47028210
2022/01/05,26550,-600,-2.21,27000,27250,26400,79136,2121667750,1248598975500,47028210
2022/01/06,25850,-700,-2.64,26550,26750,25600,100824,2626362200,1215679228500,47028210
2022/01/07,25750,-100,-0.39,25650,26200,25550,64487,1665209350,1210976407500,47028210
2022/01/10,25600,-150,-0.58,26250,26250,25300,80716,2065572050,1203922176000,47028210
2022/01/11,25450,-150,-0.59,25400,26000,25350,59217,1516925700,1196867944500,47028210
2022/01/12,26150,700,2.75,25750,26400,25650,77642,2029299150,1229787691500,47028210
2022/01/13,25550,-600,-2.29,26100,26400,25500,56821,1458556600,1201570765500,47028210
2022/01/14,25400,-150,-0.59,25400,26000,25200,69190,1760484050,1194516534000,47028210
2022/01/17,25950,550,2.17,25200,29400,24950,1765204,48689868400,1220382049500,47028210
2022/01/18,24850,-1100,-4.24,25650,25800,24700,186312,4690335500,1168651018500,47028210
2022/01/19,23650,-1200,-4.83,24700,24950,23650,147443,3567642700,1112217166500,47028210
2022/01/20,24550,900,3.81,23450,24550,23400,87711,2103254350,1154542555500,47028210
2022/01/21,24000,-550,-2.24,23900,24550,23900,86509,2092554500,1128677040000,47028210
2022/01/24,23000,-1000,-4.17,23450,24400,22750,125839,2931397450,1081648830000,47028210
2022/01/25,22200,-800,-3.48,23050,23250,22000,149239,3339940750,1044026262000,47028210
2022/01/26,21900,-300,-1.35,21900,22600,21800,93797,2076933800,1029917799000,47028210
2022/01/27,21400,-500,-2.28,21850,22450,20800,296062,6358517550,1006403694000,47028210
2022/01/28,22050,650,3.04,21350,22250,21350,91930,2012242550,1036972030500,47028210
2022/02/03,23150,1100,4.99,22100,23700,22100,92897,2149529400,1088703061500,47028210
2022/02/04,23400,250,1.08,22800,23750,22800,76708,1799682200,1100460114000,47028210
2022/02/07,23750,350,1.50,23250,25100,22900,252620,6045235250,1116919987500,47028210
2022/02/08,24450,700,2.95,24000,24600,23550,131400,3175128650,1149839734500,47028210
2022/02/09,24400,-50,-0.20,24200,24800,24200,50639,1238930500,1147488324000,47028210
2022/02/10,23950,-450,-1.84,24200,24800,23800,62519,1514581200,1126325629500,47028210
2022/02/11,23000,-950,-3.97,23650,23850,23000,79562,1863232100,1081648830000,47028210
2022/02/14,22850,-150,-0.65,22850,23400,22450,70291,1606729400,1074594598500,47028210
2022/02/15,22050,-800,-3.50,22600,23050,22000,78921,1766287750,1036972030500,47028210
2022/02/16,24250,2200,9.98,22200,25100,22200,287512,6878930000,1140434092500,47028210
2022/02/17,23450,-800,-3.30,24050,24250,23250,96631,2295278400,1102811524500,47028210
2022/02/18,23750,300,1.28,23150,23900,23150,72548,1715702700,1116919987500,47028210
2022/02/21,24250,500,2.11,23200,24650,23150,98272,2367340100,1140434092500,47028210
2022/02/22,23850,-400,-1.65,23900,24150,23500,114859,2732961500,1121622808500,47028210
2022/02/23,23700,-150,-0.63,24050,24250,23550,63216,1507156950,1114568577000,47028210
2022/02/24,22900,-800,-3.38,23400,23750,22250,116026,2661753400,1076946009000,47028210
2022/02/25,23250,350,1.53,23200,24700,22850,199521,4686918800,1093405882500,47028210
2022/02/28,22300,-950,-4.09,22850,23050,22300,172666,3889657400,1048729083000,47028210
2022/03/02,22300,0,0.00,22250,22600,22150,85895,1922896300,1048729083000,47028210
2022/03/03,23400,1100,4.93,22400,23450,22400,128534,2963793700,1100460114000,47028210
2022/03/04,23150,-250,-1.07,23150,23450,22950,59031,1369502850,1088703061500,47028210
2022/03/07,22150,-1000,-4.32,22700,22900,22150,92273,2062114400,1041674851500,47028210
2022/03/08,22250,100,0.45,21900,22650,21700,88973,1976672900,1046377672500,47028210
2022/03/10,22750,500,2.25,22650,23000,22350,76085,1725626800,1069891777500,47028210
2022/03/11,22750,0,0.00,22500,23200,22500,69323,1585811050,1069891777500,47028210
2022/03/14,22250,-500,-2.20,22850,22950,22200,61344,1379941000,1046377672500,47028210
2022/03/15,22550,300,1.35,22150,22700,22100,65551,1469446750,1060486135500,47028210
2022/03/16,22900,350,1.55,22550,23250,22550,81343,1865493200,1076946009000,47028210
2022/03/17,23450,550,2.40,23300,23950,23100,122005,2886586600,1102811524500,47028210
2022/03/18,24250,800,3.41,23500,24300,23300,112032,2684397800,1140434092500,47028210
2022/03/21,23750,-500,-2.06,24350,24350,23650,59563,1425007850,1116919987500,47028210
2022/03/22,23850,100,0.42,23850,24000,23700,41746,996937800,1121622808500,47028210
2022/03/23,24350,500,2.10,23900,24450,23900,93375,2268205850,1145136913500,47028210
2022/03/24,24000,-350,-1.44,23900,24200,23800,42973,1029740400,1128677040000,47028210
2022/03/25,24200,200,0.83,23950,24350,23750,65468,1573528600,1138082682000,47028210
2022/03/28,23900,-300,-1.24,24000,24150,23750,45397,1088083400,1123974219000,47028210
2022/03/29,24200,300,1.26,24200,24300,24000,41454,1002057350,1138082682000,47028210
2022/03/30,24100,-100,-0.41,24450,24650,24100,65490,1591276750,1133379861000,47028210
2022/03/31,23900,-200,-0.83,23900,24150,23800,54124,1297943550,1123974219000,47028210
2022/04/01,23450,-450,-1.88,23750,23800,23350,62021,1457575300,1102811524500,47028210
2022/04/04,23500,50,0.21,23450,23650,23400,46331,1088996100,1105162935000,47028210
2022/04/05,23650,150,0.64,23500,23700,23450,50631,1192716800,1112217166500,47028210
2022/04/06,23350,-300,-1.27,23500,23650,23150,45821,1072574200,1098108703500,47028210
2022/04/07,22650,-700,-3.00,23100,23300,22500,87188,1991020450,1065188956500,47028210
2022/04/08,22750,100,0.44,22650,22850,22400,50511,1141370350,1069891777500,47028210
2022/04/11,22700,-50,-0.22,22800,22850,22450,35105,793307750,1067540367000,47028210
2022/04/12,22100,-600,-2.64,22400,22650,21950,83254,1845771950,1039323441000,47028210
2022/04/13,22450,350,1.58,22000,22550,21950,62288,1382902300,1055783314500,47028210
2022/04/14,22500,50,0.22,22450,22600,22200,40983,916677050,1058134725000,47028210
2022/04/15,22250,-250,-1.11,22400,22450,22100,40686,906278450,1046377672500,47028210
2022/04/18,22350,100,0.45,22150,22400,22150,38686,861550600,1051080493500,47028210
2022/04/19,22500,150,0.67,22200,22550,22150,47516,1065180800,1058134725000,47028210
2022/04/20,22550,50,0.22,22700,23050,22550,58332,1325178950,1060486135500,47028210
2022/04/21,22450,-100,-0.44,22700,22750,22400,40868,920469900,1055783314500,47028210
2022/04/22,22000,-450,-2.00,22400,22400,22000,70024,1545414650,1034620620000,47028210
2022/04/25,21550,-450,-2.05,21950,21950,21550,59440,1288488450,1013457925500,47028210
2022/04/26,21500,-50,-0.23,21600,21850,21500,36426,788887100,1011106515000,47028210
2022/04/27,21950,450,2.09,21250,22100,21000,95979,2076977450,1032269209500,47028210
2022/04/28,22100,150,0.68,21800,22150,21500,44200,968171300,1039323441000,47028210
2022/04/29,22150,50,0.23,21900,22250,21850,40936,905568200,1041674851500,47028210
2022/05/02,22050,-100,-0.45,22000,22250,21900,49193,1085196650,1036972030500,47028210
2022/05/03,21900,-150,-0.68,22100,22250,21900,34087,751765250,1029917799000,47028210
2022/05/04,21900,0,0.00,21900,22050,21650,44583,972373500,1029917799000,47028210
2022/05/06,21250,-650,-2.97,21600,21750,21150,69682,1483786050,999349462500,47028210
2022/05/09,20300,-950,-4.47,20950,21250,20250,128064,2625898450,954672663000,47028210
2022/05/10,20050,-250,-1.23,19650,20050,19500,119208,2354482200,942915610500,47028210
2022/05/11,20150,100,0.50,19900,20250,19650,54611,1091281100,947618431500,47028210
2022/05/12,19750,-400,-1.99,19650,20400,19650,72936,1455045100,928807147500,47028210
2022/05/13,20350,600,3.04,19800,20350,19800,55690,1121500050,957024073500,47028210
2022/05/16,20200,-150,-0.74,20450,20650,20100,48067,979543550,949969842000,47028210
2022/05/17,20500,300,1.49,20050,20500,20050,37042,754081250,964078305000,47028210
2022/05/18,20200,-300,-1.46,20400,20700,20100,55604,1130941150,949969842000,47028210
2022/05/19,19800,-400,-1.98,19800,19950,19750,54562,1081574450,931158558000,47028210
2022/05/20,20450,650,3.28,19950,20500,19900,48403,981780700,961726894500,47028210
2022/05/23,20750,300,1.47,20450,23100,20300,1228960,26856240950,975835357500,47028210
2022/05/24,20100,-650,-3.13,20650,21150,20100,181633,3734515400,945267021000,47028210
2022/05/25,20550,450,2.24,20200,21200,20050,169998,3534037800,966429715500,47028210
2022/05/26,21350,800,3.89,21000,21500,20850,161375,3439107100,1004052283500,47028210
2022/05/27,21450,100,0.47,21450,21700,21200,83876,1796742750,1008755104500,47028210
2022/05/30,21650,200,0.93,21500,21700,21350,81873,1772459100,1018160746500,47028210
2022/05/31,21850,200,0.92,21900,22450,21400,270423,5952332050,1027566388500,47028210
2022/06/02,21700,-150,-0.69,21950,22150,21550,131159,2867589550,1020512157000,47028210
2022/06/03,21850,150,0.69,21900,22050,21550,67426,1468219150,1027566388500,47028210
2022/06/07,21350,-500,-2.29,21850,21850,21150,87230,1865646050,1004052283500,47028210
2022/06/08,21150,-200,-0.94,21450,21500,21150,45804,976889450,994646641500,47028210
2022/06/09,21750,600,2.84,21100,21800,21050,80297,1726658600,1022863567500,47028210
2022/06/10,21350,-400,-1.84,21300,21700,21200,40123,860268850,1004052283500,47028210
2022/06/13,20150,-1200,-5.62,21050,21050,20000,100141,2046592650,947618431500,47028210
2022/06/14,19850,-300,-1.49,19900,20100,19550,88544,1754540150,933509968500,47028210
2022/06/15,19350,-500,-2.52,19650,20150,19100,107921,2112424350,909995863500,47028210
2022/06/16,19150,-200,-1.03,19500,19750,19150,57571,1119317400,900590221500,47028210
2022/06/17,19750,600,3.13,18850,19750,18650,106649,2037513900,928807147500,47028210
2022/06/20,18950,-800,-4.05,19750,19750,18800,79951,1525127700,891184579500,47028210
2022/06/21,19350,400,2.11,18500,19500,18500,70483,1348683250,909995863500,47028210
2022/06/22,19300,-50,-0.26,19600,20350,19250,133549,2629931150,907644453000,47028210
2022/06/23,18500,-800,-4.15,19150,19600,18450,174258,3282579000,870021885000,47028210
2022/06/24,19600,1100,5.95,18250,19650,18250,116816,2224213450,921752916000,47028210
2022/06/27,19550,-50,-0.26,19750,19950,19250,76592,1501031850,919401505500,47028210
2022/06/28,19250,-300,-1.53,19450,19750,19100,66560,1283139300,905293042500,47028210
2022/06/29,18950,-300,-1.56,19000,19200,18800,54806,1039761000,891184579500,47028210
2022/06/30,19600,650,3.43,18900,20100,18800,208353,4081040700,921752916000,47028210
2022/07/01,18850,-750,-3.83,19900,19900,18600,101451,1939131650,886481758500,47028210
2022/07/04,18950,100,0.53,19050,19200,18650,54957,1039706900,891184579500,47028210
2022/07/05,19400,450,2.37,18800,19600,18800,43541,842884200,912347274000,47028210
2022/07/06,19650,250,1.29,19100,19950,19100,71938,1413490900,924104326500,47028210
2022/07/07,20150,500,2.54,20000,20300,19600,95013,1904550700,947618431500,47028210
2022/07/08,19950,-200,-0.99,20250,20350,19950,36706,738737000,938212789500,47028210
2022/07/11,20200,250,1.25,20000,20400,19950,68298,1379433600,949969842000,47028210
2022/07/12,20700,500,2.48,20050,20750,19850,132679,2713836900,973483947000,47028210
2022/07/13,20700,0,0.00,20800,21200,20500,140230,2925550000,973483947000,47028210
2022/07/14,20500,-200,-0.97,20650,20800,20300,90108,1853527300,964078305000,47028210
2022/07/15,20950,450,2.20,20750,21150,20550,76752,1599772800,985240999500,47028210
2022/07/18,20700,-250,-1.19,20800,21200,20550,71181,1480772650,973483947000,47028210
2022/07/19,21000,300,1.45,20700,21200,20650,62314,1308232600,987592410000,47028210
2022/07/20,21250,250,1.19,21050,21400,20950,66316,1404317050,999349462500,47028210
2022/07/21,20850,-400,-1.88,21500,21500,20700,90076,1888918650,980538178500,47028210
2022/07/22,20650,-200,-0.96,20750,21050,20600,33464,694135750,971132536500,47028210
2022/07/25,20750,100,0.48,21400,21400,20500,49485,1031175800,975835357500,47028210
2022/07/26,20700,-50,-0.24,20750,20900,20650,27191,563355300,973483947000,47028210
2022/07/27,20850,150,0.72,20900,21000,20650,23859,497627700,980538178500,47028210
2022/07/28,20600,-250,-1.20,20900,21050,20550,41901,868918100,968781126000,47028210
2022/07/29,20600,0,0.00,20900,20900,20500,29611,610958850,968781126000,47028210
2022/08/01,20550,-50,-0.24,20550,20700,20500,24207,498317600,966429715500,47028210
2022/08/02,20250,-300,-1.46,20550,20600,20200,46045,938755750,952321252500,47028210
2022/08/03,20200,-50,-0.25,20250,20350,20150,27226,551029250,949969842000,47028210
2022/08/04,20250,50,0.25,20250,20450,20250,184403,3920044900,952321252500,47028210
2022/08/05,20750,500,2.47,21550,21750,20700,571696,12123895350,975835357500,47028210
2022/08/08,20600,-150,-0.72,20750,21150,20600,71736,1494373650,968781126000,47028210
2022/08/09,20850,250,1.21,20700,20900,20500,61980,1283640650,980538178500,47028210
2022/08/10,20450,-400,-1.92,20800,21000,20450,41539,854748150,961726894500,47028210
2022/08/11,20650,200,0.98,20850,20850,20500,38691,795910850,971132536500,47028210
2022/08/12,20600,-50,-0.24,20550,20750,20550,40173,828798950,968781126000,47028210
2022/08/16,20350,-250,-1.21,20700,20700,20350,49866,1021422200,957024073500,47028210
2022/08/17,20000,-350,-1.72,20500,20750,20000,73740,1488206600,940564200000,47028210
2022/08/18,19800,-200,-1.00,19850,19950,19750,48618,963943300,931158558000,47028210
2022/08/19,19700,-100,-0.51,19700,20050,19650,37843,747095750,926455737000,47028210
2022/08/22,19100,-600,-3.05,19600,19600,19100,56545,1087910450,898238811000,47028210
2022/08/23,18800,-300,-1.57,18850,19050,18650,66914,1258915350,884130348000,47028210
2022/08/24,18800,0,0.00,18750,19000,18700,52263,984539900,884130348000,47028210
2022/08/25,19050,250,1.33,19000,19150,18800,32309,614647750,895887400500,47028210
2022/08/26,19050,0,0.00,19050,19150,19000,25886,493762100,895887400500,47028210
2022/08/29,18450,-600,-3.15,18450,18650,18450,46822,866749850,867670474500,47028210
2022/08/30,18500,50,0.27,18450,18650,18450,45025,833772950,870021885000,47028210
2022/08/31,18800,300,1.62,18450,19000,18400,55446,1036822750,884130348000,47028210
2022/09/01,18450,-350,-1.86,18650,18700,18400,52493,973069900,867670474500,47028210
2022/09/02,18450,0,0.00,18450,18600,18150,59953,1100280000,867670474500,47028210
2022/09/05,18350,-100,-0.54,18150,18550,18100,46459,850108550,862967653500,47028210
2022/09/06,18300,-50,-0.27,18200,18550,18200,28197,516153150,860616243000,47028210
2022/09/07,18000,-300,-1.64,18100,18150,17750,68514,1225167850,846507780000,47028210
2022/09/08,18050,50,0.28,18200,18250,17850,47584,857332800,848859190500,47028210
2022/09/13,18550,500,2.77,18100,18550,18100,58370,1071096150,872373295500,47028210
2022/09/14,18300,-250,-1.35,18000,18300,17800,29639,537487550,860616243000,47028210
2022/09/15,18050,-250,-1.37,18250,18250,18050,24002,435224250,848859190500,47028210
2022/09/16,18000,-50,-0.28,17900,18050,17750,45871,821260450,846507780000,47028210
2022/09/19,17150,-850,-4.72,17950,18050,17050,80537,1403825850,806533801500,47028210
2022/09/20,17250,100,0.58,17150,17500,16850,54858,945698450,811236622500,47028210
2022/09/21,17300,50,0.29,17000,17300,16850,55649,947096700,813588033000,47028210
2022/09/22,16700,-600,-3.47,17150,17150,16500,80373,1337877900,785371107000,47028210
2022/09/23,15850,-850,-5.09,16600,16650,15750,115582,1847033650,745397128500,47028210
2022/09/26,15200,-650,-4.10,15450,15800,15000,213926,3268635350,714828792000,47028210
2022/09/27,16250,1050,6.91,14950,16250,14950,160917,2545678900,764208412500,47028210
2022/09/28,16250,0,0.00,16200,16350,15450,101489,1623560800,764208412500,47028210
2022/09/29,16450,200,1.23,16300,17000,16300,82122,1372026950,773614054500,47028210
2022/09/30,16300,-150,-0.91,16350,16900,16250,61192,1011466500,766559823000,47028210
2022/10/04,16750,450,2.76,16400,16950,16400,50626,844558100,787722517500,47028210
2022/10/05,16100,-650,-3.88,16850,17150,16100,66207,1093666800,757154181000,47028210
2022/10/06,16450,350,2.17,16450,16600,16150,29824,490796200,773614054500,47028210
2022/10/07,16000,-450,-2.74,16050,16400,15900,47933,772754550,752451360000,47028210
2022/10/11,15250,-750,-4.69,15700,16100,15200,67793,1047304200,717180202500,47028210
2022/10/12,15500,250,1.64,15250,15500,15100,45674,699511250,728937255000,47028210
2022/10/13,15150,-350,-2.26,15300,15500,15100,68061,1038398550,712477381500,47028210
2022/10/14,16250,1100,7.26,15400,16350,15300,69160,1097805600,764208412500,47028210
2022/10/17,16400,150,0.92,16100,16500,15750,33107,538135450,771262644000,47028210
2022/10/18,16800,400,2.44,16700,16900,16350,36336,604453250,790073928000,47028210
2022/10/19,16400,-400,-2.38,16850,16900,16300,46537,777363400,771262644000,47028210
2022/10/20,16050,-350,-2.13,16300,16600,16050,63339,1026726150,754802770500,47028210
2022/10/21,16100,50,0.31,15850,16250,15850,40580,652224700,757154181000,47028210
2022/10/24,16300,200,1.24,16450,16750,15950,38729,630120900,766559823000,47028210
2022/10/25,16150,-150,-0.92,16150,16600,16000,27936,451610700,759505591500,47028210
2022/10/26,16050,-100,-0.62,16050,16300,15900,32111,517388150,754802770500,47028210
2022/10/27,16400,350,2.18,16300,16650,16050,57350,941460650,771262644000,47028210
2022/10/28,16750,350,2.13,16400,17050,16350,41991,707398900,787722517500,47028210
2022/10/31,17350,600,3.58,16850,17350,16700,48354,822727250,815939443500,47028210
2022/11/01,16950,-400,-2.31,17200,17300,16850,41138,702328500,797128159500,47028210
2022/11/02,17100,150,0.88,16850,17350,16700,74441,1272374400,804182391000,47028210
2022/11/03,16550,-550,-3.22,17000,17000,16550,41681,696074900,778316875500,47028210
2022/11/04,16550,0,0.00,16450,16550,16200,34113,559651850,778316875500,47028210
2022/11/07,16800,250,1.51,16550,17000,16450,46786,788250000,790073928000,47028210
2022/11/08,17000,200,1.19,16850,17300,16850,50465,866556150,799479570000,47028210
2022/11/09,17250,250,1.47,17350,17500,17100,47660,827416050,811236622500,47028210
2022/11/10,17250,0,0.00,17300,17450,16950,39541,681299550,811236622500,47028210
2022/11/11,17600,350,2.03,17850,17850,17350,54356,954677650,827696496000,47028210
2022/11/14,17700,100,0.57,17650,17800,17500,38533,681514650,832399317000,47028210
2022/11/15,18150,450,2.54,17550,18500,17550,99502,1811765700,853562011500,47028210
2022/11/16,17850,-300,-1.65,18250,18550,17650,70632,1274263100,839453548500,47028210
2022/11/17,18050,200,1.12,18050,18300,17750,49010,882635700,848859190500,47028210
2022/11/18,17700,-350,-1.94,17800,18100,17700,31195,556162600,832399317000,47028210
2022/11/21,17500,-200,-1.13,17700,17950,17350,29354,514875350,822993675000,47028210
2022/11/22,17100,-400,-2.29,17500,17650,16950,36462,627818600,804182391000,47028210
2022/11/23,17100,0,0.00,17200,17450,17000,28840,495231850,804182391000,47028210
2022/11/24,17400,300,1.75,17400,17400,17100,38154,659255200,818290854000,47028210
2022/11/25,17200,-200,-1.15,17600,17600,17150,19164,331132050,808885212000,47028210
2022/11/28,16750,-450,-2.62,17100,17100,16700,33770,568919650,787722517500,47028210
2022/11/29,17100,350,2.09,17100,17200,16750,31453,535228200,804182391000,47028210
2022/11/30,17300,200,1.17,17100,17500,16800,69692,1203385750,813588033000,47028210
2022/12/01,17500,200,1.16,17400,18100,17350,70051,1243805800,822993675000,47028210
2022/12/02,17150,-350,-2.00,17500,18000,17150,60628,1053626250,806533801500,47028210
2022/12/05,17350,200,1.17,17250,17500,17100,46302,800352750,815939443500,47028210
2022/12/06,17150,-200,-1.15,17100,17500,17100,40837,705228050,806533801500,47028210
2022/12/07,17200,50,0.29,16900,17400,16900,42527,731111400,808885212000,47028210
2022/12/08,17250,50,0.29,17200,17650,16950,73029,1262861550,811236622500,47028210
2022/12/09,17750,500,2.90,17450,17750,17250,60735,1068661750,834750727500,47028210
2022/12/12,17650,-100,-0.56,17750,18200,17650,129820,2326506900,830047906500,47028210
2022/12/13,18800,1150,6.52,17800,18800,17550,137081,2505331500,884130348000,47028210
2022/12/14,18400,-400,-2.13,18750,18950,18300,135570,2520397350,865319064000,47028210
2022/12/15,18200,-200,-1.09,18450,18550,18200,57107,1046246300,855913422000,47028210
2022/12/16,18050,-150,-0.82,18000,18400,17750,64361,1161570250,848859190500,47028210
2022/12/19,18300,250,1.39,18350,18700,18200,104153,1919927350,860616243000,47028210
2022/12/20,18000,-300,-1.64,18500,18500,17950,68373,1238586100,846507780000,47028210
2022/12/21,18400,400,2.22,18450,18550,18100,57614,1055839550,865319064000,47028210
2022/12/22,18750,350,1.90,18450,18900,18350,105215,1972000450,881778937500,47028210
2022/12/23,18250,-500,-2.67,18750,18750,18100,82146,1506899150,858264832500,47028210
2022/12/26,17900,-350,-1.92,18200,18450,17850,48401,873587700,841804959000,47028210
2022/12/27,17750,-150,-0.84,17900,18250,17550,97369,1735777550,834750727500,47028210
2022/12/28,17600,-150,-0.85,17500,17600,17200,51963,907372450,827696496000,47028210
2022/12/29,17000,-600,-3.41,17700,19450,16750,535820,9642649750,799479570000,47028210
2023/01/02,16600,-400,-2.35,17000,17200,16500,61952,1037556950,780668286000,47028210
2023/01/03,16300,-300,-1.81,16400,16650,15700,123044,1985408350,766559823000,47028210
2023/01/04,16500,200,1.23,16100,16600,16050,48366,793845200,775965465000,47028210
2023/01/05,16500,0,0.00,16500,16800,16400,50036,830094200,775965465000,47028210
2023/01/06,16500,0,0.00,16200,16700,16200,34617,571801700,775965465000,47028210
2023/01/09,17050,550,3.33,16700,17250,16600,66523,1129380400,801830980500,47028210
2023/01/10,16800,-250,-1.47,17100,17150,16800,30034,510020600,790073928000,47028210
2023/01/11,17050,250,1.49,17050,17200,16950,28810,491227900,801830980500,47028210
2023/01/12,16950,-100,-0.59,17100,17150,16900,39624,674179900,797128159500,47028210
2023/01/13,16800,-150,-0.88,16950,18000,16650,194087,3332056750,790073928000,47028210
2023/01/16,16900,100,0.60,16900,17050,16700,75460,1275905450,794776749000,47028210
2023/01/17,16600,-300,-1.78,16900,17000,16600,63760,1066877900,780668286000,47028210
2023/01/18,16600,0,0.00,16750,16750,16450,44917,745636700,780668286000,47028210
2023/01/19,16650,50,0.30,16450,16800,16400,33737,562214750,783019696500,47028210
2023/01/20,16700,50,0.30,16550,16750,16500,38521,639794300,785371107000,47028210
2023/01/25,16810,110,0.66,16760,17100,16750,96794,1642322650,790544210100,47028210
2023/01/26,16960,150,0.89,16850,16980,16780,45652,772192860,797598441600,47028210
2023/01/27,16940,-20,-0.12,17000,17100,16850,48181,817621860,796657877400,47028210
2023/01/30,16790,-150,-0.89,16940,16990,16790,58976,994787650,789603645900,47028210
2023/01/31,16900,110,0.66,16790,16990,16730,55264,931899990,794776749000,47028210
2023/02/01,17180,280,1.66,16800,17500,16800,152466,2617000830,807944647800,47028210
2023/02/02,17470,290,1.69,17470,17600,17180,85518,1491404070,821582828700,47028210
2023/02/03,17520,50,0.29,17470,17620,17360,48903,856899330,823934239200,47028210
2023/02/06,17460,-60,-0.34,17520,17570,17340,43831,765750660,821112546600,47028210
2023/02/07,17440,-20,-0.11,17260,17650,17260,61054,1064526330,820171982400,47028210
2023/02/08,17550,110,0.63,17360,17590,17360,51063,894621130,825345085500,47028210
2023/02/09,17570,20,0.11,17360,17640,17320,67226,1178127180,826285649700,47028210
2023/02/10,17090,-480,-2.73,17410,17570,17080,85238,1468170740,803712108900,47028210
2023/02/13,17010,-80,-0.47,17110,17190,16700,63893,1087347550,799949852100,47028210
2023/02/14,16950,-60,-0.35,17010,17190,16950,37841,646076280,797128159500,47028210
2023/02/15,16380,-570,-3.36,16980,17020,16360,101627,1685663670,770322079800,47028210
2023/02/16,16730,350,2.14,16470,16810,16430,57687,961819590,786781953300,47028210
2023/02/17,16390,-340,-2.03,16510,16540,16300,59380,972502630,770792361900,47028210
2023/02/20,16610,220,1.34,16400,16740,16270,56421,934611600,781138568100,47028210
2023/02/21,16580,-30,-0.18,16510,16630,16430,56856,939977220,779727721800,47028210
2023/02/22,16110,-470,-2.83,16510,16510,16090,85139,1379241090,757624463100,47028210
2023/02/23,16060,-50,-0.31,16130,16210,16050,46775,753406090,755273052600,47028210
2023/02/24,15980,-80,-0.50,16060,16070,15820,74602,1187384400,751510795800,47028210
2023/02/27,15680,-300,-1.88,15820,15890,15550,83713,1307752610,737402332800,47028210
2023/02/28,15900,220,1.40,15620,15990,15600,53888,850204390,747748539000,47028210
2023/03/02,15730,-170,-1.07,15910,15920,15700,57656,909347470,739753743300,47028210
2023/03/03,15780,50,0.32,15750,15940,15700,65936,1039650950,742105153800,47028210
2023/03/06,15760,-20,-0.13,15820,15830,15650,48973,770815670,741164589600,47028210
2023/03/07,15940,180,1.14,15780,16110,15700,61185,973604390,749629667400,47028210
2023/03/08,15800,-140,-0.88,15820,15930,15670,47614,751791990,743045718000,47028210
2023/03/09,16000,200,1.27,15800,16000,15670,66275,1049423050,752451360000,47028210
2023/03/10,15530,-470,-2.94,15750,15880,15470,72170,1125845190,730348101300,47028210
2023/03/13,15250,-280,-1.80,15520,15680,15040,63536,966085600,717180202500,47028210
2023/03/14,14940,-310,-2.03,15200,15230,14780,82602,1237080900,702601457400,47028210
2023/03/15,14990,50,0.33,15030,15130,14920,73686,1105851130,704952867900,47028210
2023/03/16,14640,-350,-2.33,14810,14880,14620,72321,1062220590,688492994400,47028210
2023/03/17,15340,700,4.78,14670,15490,14670,88927,1343394770,721412741400,47028210
2023/03/20,15290,-50,-0.33,15340,15750,15290,44813,696603420,719061330900,47028210
2023/03/21,15160,-130,-0.85,15320,15490,15140,28563,436555440,712947663600,47028210
2023/03/22,15090,-70,-0.46,15190,15320,14950,47257,711629110,709655688900,47028210
2023/03/23,15010,-80,-0.53,15090,15130,14990,61372,922962010,705893432100,47028210
2023/03/24,14880,-130,-0.87,14970,15100,14870,56381,842023430,699779764800,47028210
2023/03/27,15260,380,2.55,14990,15300,14750,48634,732769040,717650484600,47028210
2023/03/28,15270,10,0.07,15270,15370,15030,33511,510768600,718120766700,47028210
2023/03/29,15210,-60,-0.39,15280,15440,15060,46618,709181110,715299074100,47028210
2023/03/30,15380,170,1.12,15190,15550,15070,58755,902480860,723293869800,47028210
2023/03/31,15420,40,0.26,15400,15500,15350,34854,537627260,725174998200,47028210
2023/04/03,15210,-210,-1.36,15270,15520,15210,50867,778967270,715299074100,47028210
2023/04/04,15740,530,3.48,15210,15800,15210,89855,1402139100,740224025400,47028210
2023/04/05,15950,210,1.33,15800,16150,15710,114931,1841945710,750099949500,47028210
2023/04/06,15880,-70,-0.44,15970,16160,15860,51194,816122460,746807974800,47028210
2023/04/07,16080,200,1.26,15860,16090,15730,49602,791084360,756213616800,47028210
2023/04/10,16030,-50,-0.31,16050,16100,15750,71084,1130262270,753862206300,47028210
2023/04/11,16030,0,0.00,16030,16200,15820,54512,875074510,753862206300,47028210
2023/04/12,16180,150,0.94,16040,16300,15900,72001,1164976640,760916437800,47028210
2023/04/13,16740,560,3.46,16110,16740,16110,140710,2317505980,787252235400,47028210
2023/04/14,17240,500,2.99,16710,17390,16710,159731,2743132420,810766340400,47028210
2023/04/17,16830,-410,-2.38,17240,17240,16660,100008,1681310700,791484774300,47028210
2023/04/18,16480,-350,-2.08,16740,16880,16470,81277,1349877560,775024900800,47028210
2023/04/19,16160,-320,-1.94,16670,16670,16150,79362,1294129890,759975873600,47028210
2023/04/20,15930,-230,-1.42,16150,16240,15860,66611,1065948480,749159385300,47028210
2023/04/21,15860,-70,-0.44,15840,16000,15720,68439,1085797650,745867410600,47028210
2023/04/24,15690,-170,-1.07,15850,16020,15660,44112,697295950,737872614900,47028210
2023/04/25,15560,-130,-0.83,15690,16000,15410,73350,1142776770,731758947600,47028210
2023/04/26,15900,340,2.19,15490,16210,15430,57519,917970700,747748539000,47028210
2023/04/27,15670,-230,-1.45,15680,15850,15510,40552,633460110,736932050700,47028210
2023/04/28,15600,-70,-0.45,15670,15740,15600,35722,559098920,733640076000,47028210
2023/05/02,15910,310,1.99,15600,15980,15570,41576,655332360,748218821100,47028210
2023/05/03,15610,-300,-1.89,15710,15900,15610,33796,530695980,734110358100,47028210
2023/05/04,16040,430,2.75,15570,16100,15570,62355,993163450,754332488400,47028210
2023/05/08,16430,390,2.43,15640,16470,15610,74829,1221322110,772673490300,47028210
2023/05/09,16150,-280,-1.70,16300,16500,16150,34208,557936310,759505591500,47028210
2023/05/10,16260,110,0.68,16300,16400,16030,31103,504509700,764678694600,47028210
2023/05/11,16270,10,0.06,16260,16490,16210,35475,578453720,765148976700,47028210
2023/05/12,16100,-170,-1.04,16050,16300,16030,31521,509560940,757154181000,47028210
2023/05/15,16130,30,0.19,16000,16190,15860,28569,458142710,758565027300,47028210
2023/05/16,15950,-180,-1.12,16130,16270,15700,26543,425262610,750099949500,47028210
2023/05/17,15910,-40,-0.25,15810,16030,15680,36607,581879390,748218821100,47028210
2023/05/18,15700,-210,-1.32,15910,15930,15450,60758,957129500,738342897000,47028210
2023/05/19,15930,230,1.46,15710,15950,15700,69294,1094681950,749159385300,47028210
2023/05/22,16060,130,0.82,15960,16290,15960,55323,892201500,755273052600,47028210
2023/05/23,16180,120,0.75,16060,16210,15930,44850,722685760,760916437800,47028210
2023/05/24,15990,-190,-1.17,16100,16170,15980,28814,462202290,751981077900,47028210
2023/05/25,15640,-350,-2.19,15950,15990,15600,62286,980338400,735521204400,47028210
2023/05/26,15570,-70,-0.45,15600,15700,15500,52397,817093220,732229229700,47028210
2023/05/30,15650,80,0.51,15590,15720,15490,36102,564362310,735991486500,47028210
2023/05/31,15500,-150,-0.96,15580,15800,15500,94928,1479529910,728937255000,47028210
2023/06/01,15680,180,1.16,15510,15830,15510,32872,516297950,737402332800,47028210
2023/06/02,15680,0,0.00,15680,15800,15660,25523,400942480,737402332800,47028210
2023/06/05,15690,10,0.06,15700,15880,15640,28781,452903890,737872614900,47028210
2023/06/07,15700,10,0.06,15830,15900,15700,32272,510477150,738342897000,47028210
2023/06/08,15550,-150,-0.96,15790,15790,15450,81479,1267569560,731288665500,47028210
2023/06/09,15600,50,0.32,15560,15720,15480,42694,666212130,733640076000,47028210
2023/06/12,15320,-280,-1.79,15780,16000,15280,70882,1095617790,720472177200,47028210
2023/06/13,15150,-170,-1.11,15410,15560,15130,78945,1206509750,712477381500,47028210
2023/06/14,15060,-90,-0.59,15160,15160,14980,61973,932340040,708244842600,47028210
2023/06/15,14960,-100,-0.66,15050,15090,14950,55965,838803810,703542021600,47028210
2023/06/16,14790,-170,-1.14,14970,15120,14790,106431,1585699730,695547225900,47028210
2023/06/19,14620,-170,-1.15,14970,14970,14620,77247,1133342270,687552430200,47028210
2023/06/20,14650,30,0.21,14620,14720,14620,38102,558849060,688963276500,47028210
2023/06/21,14370,-280,-1.91,14620,14690,14300,87613,1265794980,675795377700,47028210
2023/06/22,14330,-40,-0.28,14270,14410,14270,39767,569530810,673914249300,47028210
2023/06/23,13780,-550,-3.84,14270,14330,13680,139766,1949353240,648048733800,47028210
2023/06/26,14150,370,2.69,13780,14320,13710,49875,698523990,665449171500,47028210
2023/06/27,13990,-160,-1.13,14100,14210,13890,47619,667802480,657924657900,47028210
2023/06/28,13760,-230,-1.64,14030,14040,13700,44006,609510480,647108169600,47028210
2023/06/29,13890,130,0.94,13700,13970,13700,70537,979546660,653221836900,47028210
2023/06/30,14250,360,2.59,13900,14750,13780,125856,1792980070,670151992500,47028210
2023/07/03,14240,-10,-0.07,14280,14530,14190,71688,1031050900,669681710400,47028210
2023/07/04,14040,-200,-1.40,14240,14300,14020,51871,732133350,660276068400,47028210
2023/07/05,13990,-50,-0.36,13950,14140,13950,42757,598745660,657924657900,47028210
2023/07/06,13910,-80,-0.57,13900,13980,13710,60267,834962730,654162401100,47028210
2023/07/07,13370,-540,-3.88,13800,13830,13010,119789,1617017080,628767167700,47028210
2023/07/10,13260,-110,-0.82,13260,14250,13250,47326,636469530,623594064600,47028210
2023/07/11,13360,100,0.75,13290,13500,13280,37262,497697450,628296885600,47028210
2023/07/12,13440,80,0.60,13360,13520,13320,27231,365333790,632059142400,47028210
2023/07/13,13820,380,2.83,13450,14000,13450,72130,999411560,649929862200,47028210
2023/07/14,13930,110,0.80,13970,14100,13840,69635,973536600,655102965300,47028210
2023/07/17,13810,-120,-0.86,13900,13990,13770,38339,530877420,649459580100,47028210
2023/07/18,13610,-200,-1.45,13940,14040,13570,62701,860421380,640053938100,47028210
2023/07/19,13590,-20,-0.15,13610,13720,13520,100258,1363300480,639113373900,47028210
2023/07/20,13780,190,1.40,13700,13880,13550,67293,927734800,648048733800,47028210
2023/07/21,14160,380,2.76,13750,14290,13750,108736,1535632550,665919453600,47028210
2023/07/24,13760,-400,-2.82,14270,14270,13600,85794,1188747060,647108169600,47028210
2023/07/25,13540,-220,-1.60,13760,13760,13450,72766,984552430,636761963400,47028210
2023/07/26,12980,-560,-4.14,13400,13530,12920,173998,2278400820,610426165800,47028210
2023/07/27,13560,580,4.47,12970,13560,12970,71263,951328950,637702527600,47028210
2023/07/28,13630,70,0.52,13370,13680,13320,46115,624996250,640994502300,47028210
2023/07/31,13710,80,0.59,13640,13810,13520,55670,757807520,644756759100,47028210
2023/08/01,13970,260,1.90,13710,14110,13580,69543,970409950,656984093700,47028210
2023/08/02,13930,-40,-0.29,13980,14140,13900,59315,830814970,655102965300,47028210
2023/08/03,14380,450,3.23,13840,14410,13780,118593,1687020340,676265659800,47028210
2023/08/04,14200,-180,-1.25,14440,14440,14080,59563,843065630,667800582000,47028210
2023/08/07,13960,-240,-1.69,14120,14300,13960,55049,775522360,656513811600,47028210
2023/08/08,13810,-150,-1.07,13930,14100,13810,38724,539065640,649459580100,47028210
2023/08/09,14860,1050,7.60,14030,14870,13820,177425,2571958660,698839200600,47028210
2023/08/10,14800,-60,-0.40,14860,15030,14610,84865,1255167530,696017508000,47028210
2023/08/11,14730,-70,-0.47,14710,14820,14590,57450,845068470,692725533300,47028210
2023/08/14,14580,-150,-1.02,14720,14760,14470,47376,689139060,685671301800,47028210
2023/08/16,14090,-490,-3.36,14420,14500,14090,46402,658861450,662627478900,47028210
2023/08/17,13750,-340,-2.41,14090,14090,13710,58515,806871780,646637887500,47028210
2023/08/18,13770,20,0.15,13700,13850,13550,50991,699443550,647578451700,47028210
2023/08/21,13980,210,1.53,13560,14180,13560,51124,716307610,657454375800,47028210
2023/08/22,13850,-130,-0.93,13930,14110,13680,44783,621148000,651340708500,47028210
2023/08/23,13710,-140,-1.01,13720,13930,13660,43144,593661820,644756759100,47028210
2023/08/24,13830,120,0.88,13720,13880,13720,37786,521872100,650400144300,47028210
2023/08/25,13880,50,0.36,13690,13880,13640,28179,389141250,652751554800,47028210
2023/08/28,13920,40,0.29,14120,14120,13810,44660,621302000,654632683200,47028210
2023/08/29,13840,-80,-0.57,13920,14020,13770,52261,724446040,650870426400,47028210
2023/08/30,14000,160,1.16,13950,14050,13830,49766,695717520,658394940000,47028210
2023/08/31,13980,-20,-0.14,13920,14080,13840,62940,876182290,657454375800,47028210
2023/09/01,13930,-50,-0.36,13900,14030,13900,56973,796164510,655102965300,47028210
2023/09/04,13970,40,0.29,13860,13980,13680,64203,887641790,656984093700,47028210
2023/09/05,13660,-310,-2.22,13850,13900,13640,84096,1155413050,642405348600,47028210
2023/09/06,13570,-90,-0.66,13670,13700,13510,72765,987552230,638172809700,47028210
2023/09/07,13610,40,0.29,13510,13780,13480,72131,978056580,640053938100,47028210
2023/09/08,14370,760,5.58,13720,14370,13680,155353,2188523660,675795377700,47028210
2023/09/11,14640,270,1.88,14370,14670,14150,103154,1486889110,688492994400,47028210
2023/09/12,14910,270,1.84,14740,15120,14620,145758,2176529130,701190611100,47028210
2023/09/13,14940,30,0.20,14860,15000,14610,78640,1172066000,702601457400,47028210
2023/09/14,14900,-40,-0.27,14930,15010,14730,77275,1149635770,700720329000,47028210
2023/09/15,15320,420,2.82,14910,15320,14910,138235,2099412850,720472177200,47028210
2023/09/18,15150,-170,-1.11,15290,15470,15150,66773,1021004850,712477381500,47028210
2023/09/19,15100,-50,-0.33,15150,15290,15020,44787,677838790,710125971000,47028210
2023/09/20,15000,-100,-0.66,15080,15080,14920,40896,612376980,705423150000,47028210
2023/09/21,14520,-480,-3.20,15000,15000,14520,41505,611603700,682849609200,47028210
2023/09/22,14490,-30,-0.21,14250,14630,14250,28963,419768430,681438762900,47028210
2023/09/25,14550,60,0.41,14510,14590,14430,21990,318943660,684260455500,47028210
2023/09/26,13950,-600,-4.12,14450,14510,13910,57684,814416070,656043529500,47028210
2023/09/27,13940,-10,-0.07,13840,14070,13810,32342,451934580,655573247400,47028210
2023/10/04,14050,110,0.79,13780,14190,13750,91878,1279970280,660746350500,47028210
2023/10/05,14190,140,1.00,13900,14350,13900,60882,864592190,667330299900,47028210
2023/10/06,14960,770,5.43,14150,15000,14140,93387,1381728720,703542021600,47028210
2023/10/10,14360,-600,-4.01,15100,15300,14310,70295,1032257710,675325095600,47028210
2023/10/11,14790,430,2.99,14400,14900,14400,69075,1019893950,695547225900,47028210
2023/10/12,14700,-90,-0.61,14790,14970,14580,68581,1008369130,691314687000,47028210
2023/10/13,14050,-650,-4.42,14510,14600,14000,56156,799043960,660746350500,47028210
2023/10/16,14180,130,0.93,14010,14450,13900,75322,1067079300,666860017800,47028210
2023/10/17,14140,-40,-0.28,14480,14480,14040,43136,609390120,664978889400,47028210
2023/10/18,14080,-60,-0.42,14100,14300,13950,70923,994616870,662157196800,47028210
2023/10/19,13770,-310,-2.20,14030,14030,13740,49840,689744010,647578451700,47028210
2023/10/20,13380,-390,-2.83,13660,13870,13320,47779,643423750,629237449800,47028210
2023/10/23,13640,260,1.94,13540,13800,13260,41240,558465990,641464784400,47028210
2023/10/24,13540,-100,-0.73,13640,13720,13190,48334,646576360,636761963400,47028210
2023/10/25,13690,150,1.11,13520,13720,13440,27824,378947250,643816194900,47028210
2023/10/26,13320,-370,-2.70,13700,13700,13300,55815,747262330,626415757200,47028210
2023/10/27,13680,360,2.70,13500,13790,13330,31088,423199630,643345912800,47028210
2023/10/30,13720,40,0.29,13620,13800,13550,21647,296398000,645227041200,47028210
2023/10/31,13540,-180,-1.31,13850,13870,13530,27331,372649330,636761963400,47028210
2023/11/01,13510,-30,-0.22,13540,13750,13420,36607,495221610,635351117100,47028210
2023/11/02,13710,200,1.48,13780,13800,13620,40586,556647790,644756759100,47028210
2023/11/03,13670,-40,-0.29,13740,13790,13600,40081,547378820,642875630700,47028210
2023/11/06,14500,830,6.07,13720,14500,13720,115357,1633028970,681909045000,47028210
2023/11/07,14330,-170,-1.17,14500,14510,14210,43737,627109030,673914249300,47028210
2023/11/08,14830,500,3.49,14500,14970,14360,76382,1121011430,697428354300,47028210
2023/11/09,14840,10,0.07,14720,14890,14700,25640,379651400,697898636400,47028210
2023/11/10,14670,-170,-1.15,14700,14750,14420,21165,308248120,689903840700,47028210
2023/11/13,14670,0,0.00,14900,14950,14570,39447,580473420,689903840700,47028210
2023/11/14,14890,220,1.50,14850,14970,14800,27863,414598310,700250046900,47028210
2023/11/15,14950,60,0.40,15040,15090,14950,55439,832230220,703071739500,47028210
2023/11/16,14900,-50,-0.33,14910,15000,14840,19141,285523790,700720329000,47028210
2023/11/17,15230,330,2.21,15090,15300,14710,72634,1093863650,716239638300,47028210
2023/11/20,15100,-130,-0.85,15250,15260,15040,26553,402462120,710125971000,47028210
2023/11/21,15250,150,0.99,15100,15300,15040,33658,510961100,717180202500,47028210
2023/11/22,15150,-100,-0.66,15100,15300,15050,18273,276313910,712477381500,47028210
2023/11/23,15220,70,0.46,15080,15260,15060,32630,495924570,715769356200,47028210
2023/11/24,15190,-30,-0.20,15230,15300,15080,24330,368868740,714358509900,47028210
2023/11/27,15200,10,0.07,15200,15280,15100,23160,351886990,714828792000,47028210
2023/11/28,15210,10,0.07,15280,15340,15130,38327,584256930,715299074100,47028210
2023/11/29,14790,-420,-2.76,15110,15170,14730,51832,775098680,695547225900,47028210
2023/11/30,14750,-40,-0.27,14940,15000,14500,56383,825815600,693666097500,47028210
2023/12/01,14560,-190,-1.29,14700,14730,14510,27221,397480160,684730737600,47028210
2023/12/04,14770,210,1.44,14750,14850,14600,33745,497039190,694606661700,47028210
2023/12/05,15240,470,3.18,14700,15430,14500,167915,2546940660,716709920400,47028210
2023/12/06,15130,-110,-0.72,15240,15500,15050,74487,1134258470,711536817300,47028210
2023/12/07,15190,60,0.40,15110,15400,15050,40091,611250870,714358509900,47028210
2023/12/08,15030,-160,-1.05,15380,15380,14990,44155,667066570,706833996300,47028210
2023/12/11,15310,280,1.86,15140,15390,15110,71419,1091250530,720001895100,47028210
2023/12/12,15600,290,1.89,15420,15660,15350,89350,1391914540,733640076000,47028210
2023/12/13,15470,-130,-0.83,15760,15760,15350,42255,655753290,727526408700,47028210
2023/12/14,15650,180,1.16,15700,15720,15530,90340,1413782410,735991486500,47028210
2023/12/15,15310,-340,-2.17,15550,15710,15310,69291,1074255160,720001895100,47028210
2023/12/18,15450,140,0.91,15750,15850,15370,98329,1530109920,726585844500,47028210
2023/12/19,15600,150,0.97,15440,15690,15440,57427,895815580,733640076000,47028210
2023/12/20,15990,390,2.50,15900,15990,15620,112318,1782797850,751981077900,47028210
2023/12/21,16000,10,0.06,15990,16100,15850,72812,1162887940,752451360000,47028210
2023/12/22,16190,190,1.19,16050,16260,15960,69487,1122513430,761386719900,47028210
2023/12/26,16010,-180,-1.11,16340,16340,16000,80534,1296995400,752921642100,47028210
2023/12/27,15850,-160,-1.00,15850,16100,15710,60777,961476910,745397128500,47028210
2023/12/28,16350,500,3.15,15910,16580,15910,136414,2230545360,768911233500,47028210
2024/01/02,16610,260,1.59,16430,16720,16220,80625,1334294130,781138568100,47028210
2024/01/03,16880,270,1.63,16610,16940,16480,120642,2022578550,793836184800,47028210
2024/01/04,16130,-750,-4.44,16900,16900,16100,111716,1818651660,758565027300,47028210
2024/01/05,15940,-190,-1.18,16130,16240,15840,54866,875183200,749629667400,47028210
2024/01/08,15590,-350,-2.20,16010,16010,15550,54893,861828400,733169793900,47028210
2024/01/09,15900,310,1.99,15880,15940,15660,34151,541005550,747748539000,47028210
2024/01/10,15870,-30,-0.19,15810,15990,15810,26634,423124770,746337692700,47028210
2024/01/11,15560,-310,-1.95,15990,15990,15560,43080,676798390,731758947600,47028210
2024/01/12,15400,-160,-1.03,15570,15660,15310,24936,385602030,724234434000,47028210
2024/01/15,15390,-10,-0.06,15400,15540,15300,43559,670172060,723764151900,47028210
2024/01/16,15150,-240,-1.56,15300,15500,15040,56712,863647200,712477381500,47028210
2024/01/17,14760,-390,-2.57,15060,15270,14690,91018,1352378660,694136379600,47028210
2024/01/18,14740,-20,-0.14,14930,14930,14680,28467,421489280,693195815400,47028210
2024/01/19,14740,0,0.00,14760,15050,14740,37555,559362210,693195815400,47028210
