일자,종가,대비,등락률,시가,고가,저가,거래량,거래대금,시가총액,상장주식수
2010/01/04,14000,0,0.00,14000,14100,13900,140627,1969147000,1505705460000,107550390
2010/01/05,14050,50,0.36,14100,14150,13950,86076,1206392300,1511082979500,107550390
2010/01/06,14000,-50,-0.36,14100,14100,13900,261605,3657193200,1505705460000,107550390
2010/01/07,13900,-100,-0.71,14000,14000,13700,321618,4463783700,1494950421000,107550390
2010/01/08,13900,0,0.00,13850,14000,13750,195245,2704835900,1494950421000,107550390
2010/01/11,13900,0,0.00,13900,13950,13600,241093,3341411700,1494950421000,107550390
2010/01/12,13800,-100,-0.72,13650,13850,13650,187713,2580852900,1484195382000,107550390
2010/01/13,13950,150,1.09,13800,14100,13700,170589,2377101150,1500327940500,107550390
2010/01/14,13900,-50,-0.36,14000,14100,13650,172903,2388554200,1494950421000,107550390
2010/01/15,13750,-150,-1.08,13900,13900,13750,86150,1186074000,1478817862500,107550390
2010/01/18,13900,150,1.09,13700,13900,13650,130972,1806706700,1494950421000,107550390
2010/01/19,13650,-250,-1.80,13900,14000,13650,1270024,17489966080,1468062823500,107550390
2010/01/20,14350,700,5.13,13750,14350,13750,661840,9294014350,1543348096500,107550390
2010/01/21,14300,-50,-0.35,14350,14600,14300,488953,7058067300,1537970577000,107550390
2010/01/22,14900,600,4.20,14200,14900,14150,496097,7189775550,1602500811000,107550390
2010/01/25,14500,-400,-2.68,14750,15050,14400,347634,5142132750,1559480655000,107550390
2010/01/26,15000,500,3.45,14650,15350,14550,920593,13848379000,1613255850000,107550390
2010/01/27,14600,-400,-2.67,15050,15150,14500,208554,3064329900,1570235694000,107550390
2010/01/28,14600,0,0.00,14700,14800,14400,180012,2624347200,1570235694000,107550390
2010/01/29,14250,-350,-2.40,14450,14500,13800,360462,5075870750,1532593057500,107550390
2010/02/01,14100,-150,-1.05,14200,14250,13950,129587,1827615700,1516460499000,107550390
2010/02/02,14100,0,0.00,14300,14300,14050,161897,2288777700,1516460499000,107550390
2010/02/03,14200,100,0.71,14150,14300,14150,89752,1275885200,1527215538000,107550390
2010/02/04,14200,0,0.00,14200,14250,14050,77575,1096877500,1527215538000,107550390
2010/02/05,13850,-350,-2.46,13800,14050,13650,115402,1594015200,1489572901500,107550390
2010/02/08,13900,50,0.36,13850,14050,13800,54779,763943100,1494950421000,107550390
2010/02/09,13800,-100,-0.72,13900,14000,13750,61627,852505700,1484195382000,107550390
2010/02/10,13750,-50,-0.36,13900,14000,13750,44734,620088600,1478817862500,107550390
2010/02/11,13800,50,0.36,13850,13900,13750,49767,686385100,1484195382000,107550390
2010/02/12,13800,0,0.00,13800,13900,13650,70378,967682900,1484195382000,107550390
2010/02/16,13700,-100,-0.72,13700,13750,13600,69021,944393250,1473440343000,107550390
2010/02/17,13900,200,1.46,13800,13950,13700,68182,942289800,1494950421000,107550390
2010/02/18,14000,100,0.72,13850,14200,13850,159420,2230505500,1505705460000,107550390
2010/02/19,14100,100,0.71,14000,14250,14000,151409,2134367000,1516460499000,107550390
2010/02/22,14150,50,0.35,14250,14250,14100,85111,1204858150,1521838018500,107550390
2010/02/23,14100,-50,-0.35,14150,14150,14000,87301,1227644600,1516460499000,107550390
2010/02/24,14100,0,0.00,14050,14200,14000,47607,669275700,1516460499000,107550390
2010/02/25,13800,-300,-2.13,14200,14200,13800,70852,985822150,1484195382000,107550390
2010/02/26,13850,50,0.36,13800,13900,13800,21357,295597450,1489572901500,107550390
2010/03/02,13750,-100,-0.72,13900,13900,13750,113624,1568083300,1478817862500,107550390
2010/03/03,13550,-200,-1.45,13800,13800,13500,252444,3430985050,1457307784500,107550390
2010/03/04,13600,50,0.37,13650,13700,13550,254927,3467557950,1462685304000,107550390
2010/03/05,13800,200,1.47,13700,13800,13650,130889,1793999850,1484195382000,107550390
2010/03/08,13650,-150,-1.09,13900,13900,13600,246411,3371750650,1468062823500,107550390
2010/03/09,13700,50,0.37,13650,13700,13550,135781,1847133200,1473440343000,107550390
2010/03/10,13550,-150,-1.09,13700,13700,13500,151077,2052282350,1457307784500,107550390
2010/03/11,13300,-250,-1.85,13500,13600,13200,275517,3679550600,1430420187000,107550390
2010/03/12,13750,450,3.38,13350,13800,13300,225597,3072441450,1478817862500,107550390
2010/03/15,13500,-250,-1.82,13800,13800,13500,96936,1316929000,1451930265000,107550390
2010/03/16,13700,200,1.48,13650,13800,13600,120333,1651312600,1473440343000,107550390
2010/03/17,13450,-250,-1.82,13800,13800,13300,356613,4787062450,1446552745500,107550390
2010/03/18,13500,50,0.37,13450,13550,13450,129830,1749751000,1451930265000,107550390
2010/03/19,13650,150,1.11,13550,13650,13450,104848,1420178200,1468062823500,107550390
2010/03/22,13600,-50,-0.37,13650,13700,13500,194526,2644761500,1462685304000,107550390
2010/03/23,13450,-150,-1.10,13550,13550,13350,194860,2612805750,1446552745500,107550390
2010/03/24,13250,-200,-1.49,13450,13500,13250,162543,2165518050,1425042667500,107550390
2010/03/25,13100,-150,-1.13,13300,13300,13100,126010,1656515450,1408910109000,107550390
2010/03/26,13300,200,1.53,13100,13300,12850,281505,3669915800,1430420187000,107550390
2010/03/29,12950,-350,-2.63,13100,13200,12950,133785,1744689750,1392777550500,107550390
2010/03/30,13050,100,0.77,12950,13100,12900,115844,1505252250,1403532589500,107550390
2010/03/31,13000,-50,-0.38,13100,13100,12900,94359,1224912000,1398155070000,107550390
2010/04/01,13100,100,0.77,13000,13200,12950,106016,1387860950,1408910109000,107550390
2010/04/02,13050,-50,-0.38,13050,13150,13000,94394,1232422050,1403532589500,107550390
2010/04/05,13150,100,0.77,13000,13150,12900,124795,1624933350,1414287628500,107550390
2010/04/06,13250,100,0.76,13100,13250,13000,119663,1577029250,1425042667500,107550390
2010/04/07,13250,0,0.00,13300,13300,13050,59182,780206000,1425042667500,107550390
2010/04/08,13050,-200,-1.51,13100,13150,13000,58700,766821050,1403532589500,107550390
2010/04/09,13100,50,0.38,13050,13100,13000,82861,1079284600,1408910109000,107550390
2010/04/12,13200,100,0.76,13150,13200,13000,116384,1521186300,1419665148000,107550390
2010/04/13,13100,-100,-0.76,13150,13150,13050,38281,501198100,1408910109000,107550390
2010/04/14,13400,300,2.29,13150,13400,13100,197951,2624529900,1441175226000,107550390
2010/04/15,13650,250,1.87,13400,13850,13200,396545,5393263250,1468062823500,107550390
2010/04/16,13350,-300,-2.20,13650,13650,13350,180931,2429407610,1435797706500,107550390
2010/04/19,13050,-300,-2.25,13200,13250,12950,121399,1584406450,1403532589500,107550390
2010/04/20,13000,-50,-0.38,13100,13300,13000,102352,1335271000,1398155070000,107550390
2010/04/21,13200,200,1.54,13050,13250,13050,74195,977581550,1419665148000,107550390
2010/04/22,13900,700,5.30,13150,13900,13050,280989,3825445650,1494950421000,107550390
2010/04/23,13900,0,0.00,14000,14250,13850,381631,5353445400,1494950421000,107550390
2010/04/26,13950,50,0.36,14250,14250,13850,416896,5823488700,1500327940500,107550390
2010/04/27,13750,-200,-1.43,13950,14000,13550,123307,1691649750,1478817862500,107550390
2010/04/28,14000,250,1.82,13400,14050,13350,177781,2432754000,1505705460000,107550390
2010/04/29,14000,0,0.00,14050,14050,13700,120239,1677263000,1505705460000,107550390
2010/04/30,13950,-50,-0.36,14150,14150,13900,69433,971122050,1500327940500,107550390
2010/05/03,14000,50,0.36,13700,14000,13700,75506,1047909000,1505705460000,107550390
2010/05/04,14000,0,0.00,14100,14150,13900,110407,1543122750,1505705460000,107550390
2010/05/06,13700,-300,-2.14,13200,13700,12450,138654,1861560800,1473440343000,107550390
2010/05/07,12950,-750,-5.47,13300,13300,12800,408070,5305796650,1392777550500,107550390
2010/05/10,13050,100,0.77,13100,13150,13000,97762,1276179500,1403532589500,107550390
2010/05/11,12900,-150,-1.15,13300,13350,12900,128980,1689702500,1387400031000,107550390
2010/05/12,12950,50,0.39,13000,13100,12850,146955,1907235750,1392777550500,107550390
2010/05/13,13200,250,1.93,13050,13300,13000,109906,1446583200,1419665148000,107550390
2010/05/14,13000,-200,-1.52,13200,13200,12900,75212,978091400,1398155070000,107550390
2010/05/17,12600,-400,-3.08,12850,12900,12600,104034,1324822200,1355134914000,107550390
2010/05/18,12700,100,0.79,12600,12850,12550,42606,540161700,1365889953000,107550390
2010/05/19,12550,-150,-1.18,12650,12700,12400,93245,1165394250,1349757394500,107550390
2010/05/20,12100,-450,-3.59,12500,12600,12050,68462,838498450,1301359719000,107550390
2010/05/24,12150,50,0.41,11950,12250,11500,164081,1946432600,1306737238500,107550390
2010/05/25,11700,-450,-3.70,11750,12000,11500,74165,871333800,1258339563000,107550390
2010/05/26,12450,750,6.41,11700,12450,11600,105591,1264489200,1339002355500,107550390
2010/05/27,12250,-200,-1.61,12250,12350,12050,95532,1162886190,1317492277500,107550390
2010/05/28,12200,-50,-0.41,12350,12350,12150,57212,699032400,1312114758000,107550390
2010/05/31,12500,300,2.46,12200,12500,12100,93016,1146520500,1344379875000,107550390
2010/06/01,12350,-150,-1.20,12450,12450,12250,29042,358240400,1328247316500,107550390
2010/06/03,12900,550,4.45,12350,13100,12350,145393,1861429700,1387400031000,107550390
2010/06/04,12750,-150,-1.16,13000,13100,12750,33894,438319150,1371267472500,107550390
2010/06/07,12700,-50,-0.39,12150,12800,12150,53507,669869900,1365889953000,107550390
2010/06/08,12750,50,0.39,12700,12900,12500,62628,795700500,1371267472500,107550390
2010/06/09,12700,-50,-0.39,12750,12800,12650,24301,308745100,1365889953000,107550390
2010/06/10,12700,0,0.00,12650,12900,12650,90397,1151540580,1365889953000,107550390
2010/06/11,13000,300,2.36,12750,13100,12750,120225,1563551000,1398155070000,107550390
2010/06/14,13200,200,1.54,13200,13200,12850,135546,1765939700,1419665148000,107550390
2010/06/15,12900,-300,-2.27,13000,13050,12650,132188,1690078500,1387400031000,107550390
2010/06/16,12650,-250,-1.94,12900,12900,12650,42300,539051000,1360512433500,107550390
2010/06/17,12700,50,0.40,12650,12900,12550,68473,872335900,1365889953000,107550390
2010/06/18,12800,100,0.79,12700,12800,12600,30458,386864900,1376644992000,107550390
2010/06/21,12900,100,0.78,12750,13050,12750,127145,1643660500,1387400031000,107550390
2010/06/22,13250,350,2.71,13150,13300,13050,117741,1551437750,1425042667500,107550390
2010/06/23,13250,0,0.00,13250,13400,13050,111418,1474577300,1425042667500,107550390
2010/06/24,13150,-100,-0.75,13300,13350,13150,53475,708328750,1414287628500,107550390
2010/06/25,13450,300,2.28,13150,13600,13050,155989,2098811550,1446552745500,107550390
2010/06/28,13450,0,0.00,13500,13650,13400,55601,750722450,1446552745500,107550390
2010/06/29,13200,-250,-1.86,13450,13450,13100,159600,2116324500,1419665148000,107550390
2010/06/30,12850,-350,-2.65,13150,13150,12650,291700,3740284500,1382022511500,107550390
2010/07/01,12700,-150,-1.17,12850,12900,12650,126878,1619725550,1365889953000,107550390
2010/07/02,12750,50,0.39,12700,12800,12650,25662,326740000,1371267472500,107550390
2010/07/05,13000,250,1.96,12650,13050,12600,47133,606990300,1398155070000,107550390
2010/07/06,13050,50,0.38,12900,13100,12750,40385,523689250,1403532589500,107550390
2010/07/07,13000,-50,-0.38,13000,13000,12900,45475,590302700,1398155070000,107550390
2010/07/08,13000,0,0.00,13000,13200,12950,128491,1684123500,1398155070000,107550390
2010/07/09,12950,-50,-0.38,13050,13300,12900,217645,2843768650,1392777550500,107550390
2010/07/12,12900,-50,-0.39,13000,13050,12800,87552,1133196800,1387400031000,107550390
2010/07/13,12900,0,0.00,12950,13000,12850,60990,788038500,1387400031000,107550390
2010/07/14,12750,-150,-1.16,12900,13000,12750,90670,1161771950,1371267472500,107550390
2010/07/15,12900,150,1.18,12750,12900,12750,82722,1060169150,1387400031000,107550390
2010/07/16,12800,-100,-0.78,12900,12900,12750,174281,2232027300,1376644992000,107550390
2010/07/19,12600,-200,-1.56,12650,12750,12500,105959,1335278400,1355134914000,107550390
2010/07/20,12550,-50,-0.40,12650,12650,12450,67540,845575500,1349757394500,107550390
2010/07/21,12300,-250,-1.99,12550,12600,12250,244204,3029624600,1322869797000,107550390
2010/07/22,12000,-300,-2.44,12250,12350,11850,393412,4717655510,1290604680000,107550390
2010/07/23,12050,50,0.42,12150,12200,11950,318890,3830262260,1295982199500,107550390
2010/07/26,12350,300,2.49,12150,12400,12100,156383,1922810650,1328247316500,107550390
2010/07/27,12250,-100,-0.81,12400,12400,12250,51214,629041000,1317492277500,107550390
2010/07/28,12400,150,1.22,12250,12400,12200,73975,909412500,1333624836000,107550390
2010/07/29,12450,50,0.40,12400,12550,12300,97044,1208776750,1339002355500,107550390
2010/07/30,12500,50,0.40,12400,12600,12300,83851,1045106150,1344379875000,107550390
2010/08/02,12850,350,2.80,12550,12950,12550,164357,2107839950,1382022511500,107550390
2010/08/03,12750,-100,-0.78,12950,12950,12650,86375,1102175350,1371267472500,107550390
2010/08/04,12600,-150,-1.18,12700,12700,12500,63158,795484300,1355134914000,107550390
2010/08/05,12500,-100,-0.79,12600,12700,12450,156321,1961158150,1344379875000,107550390
2010/08/06,12650,150,1.20,12450,12650,12450,66507,837357200,1360512433500,107550390
2010/08/09,12750,100,0.79,12700,12800,12600,40445,513688250,1371267472500,107550390
2010/08/10,12850,100,0.78,12800,12850,12600,73833,939008350,1382022511500,107550390
2010/08/11,12650,-200,-1.56,12750,12750,12650,41183,522650950,1360512433500,107550390
2010/08/12,12650,0,0.00,12500,12650,12400,98338,1233780550,1360512433500,107550390
2010/08/13,12600,-50,-0.40,12650,12750,12600,43683,552203800,1355134914000,107550390
2010/08/16,12650,50,0.40,12500,12650,12450,51966,650101400,1360512433500,107550390
2010/08/17,12650,0,0.00,12600,12700,12550,43932,554027300,1360512433500,107550390
2010/08/18,12500,-150,-1.19,12650,12700,12500,65065,818209500,1344379875000,107550390
2010/08/19,12400,-100,-0.80,12500,12600,12400,57073,712295200,1333624836000,107550390
2010/08/20,12350,-50,-0.40,12400,12450,12300,168162,2064850200,1328247316500,107550390
2010/08/23,12300,-50,-0.40,12350,12400,12150,58907,722964100,1322869797000,107550390
2010/08/24,12200,-100,-0.81,12250,12250,12100,39624,482599300,1312114758000,107550390
2010/08/25,12000,-200,-1.64,12100,12100,11950,81375,978337150,1290604680000,107550390
2010/08/26,11950,-50,-0.42,12050,12150,11950,39151,471357450,1285227160500,107550390
2010/08/27,11800,-150,-1.26,12000,12000,11750,59405,703742400,1269094602000,107550390
2010/08/30,11900,100,0.85,11850,11950,11850,56366,668717900,1279849641000,107550390
2010/08/31,11750,-150,-1.26,11800,11950,11700,73295,863395250,1263717082500,107550390
2010/09/01,11850,100,0.85,11800,11950,11750,95238,1127051300,1274472121500,107550390
2010/09/02,11900,50,0.42,11950,12000,11850,59344,706934100,1279849641000,107550390
2010/09/03,12050,150,1.26,12000,12100,11950,151501,1820156050,1295982199500,107550390
2010/09/06,12300,250,2.07,12150,12350,12100,143758,1762945200,1322869797000,107550390
2010/09/07,12150,-150,-1.22,12300,12350,12100,55323,674628400,1306737238500,107550390
2010/09/08,12100,-50,-0.41,12200,12200,11950,50075,604844200,1301359719000,107550390
2010/09/09,11850,-250,-2.07,12050,12250,11750,194081,2303589850,1274472121500,107550390
2010/09/10,12000,150,1.27,11850,12050,11850,73573,879601550,1290604680000,107550390
2010/09/13,12050,50,0.42,11950,12100,11950,46068,553105900,1295982199500,107550390
2010/09/14,12150,100,0.83,12000,12300,12000,44590,541437500,1306737238500,107550390
2010/09/15,12200,50,0.41,12050,12300,12050,51756,631967700,1312114758000,107550390
2010/09/16,12200,0,0.00,12200,12250,12000,31561,382794100,1312114758000,107550390
2010/09/17,12250,50,0.41,12200,12250,12100,26751,325752750,1317492277500,107550390
2010/09/20,12250,0,0.00,12250,12300,12150,29864,364937000,1317492277500,107550390
2010/09/24,12250,0,0.00,12300,12350,12150,56405,688926750,1317492277500,107550390
2010/09/27,11950,-300,-2.45,12200,12250,11900,138292,1669494400,1285227160500,107550390
2010/09/28,11850,-100,-0.84,11950,12000,11750,206397,2446667650,1274472121500,107550390
2010/09/29,11800,-50,-0.42,11850,11850,11750,99093,1168553900,1269094602000,107550390
2010/09/30,11700,-100,-0.85,11800,11900,11700,170449,2007816900,1258339563000,107550390
2010/10/01,11900,200,1.71,11800,11950,11750,141823,1680224800,1279849641000,107550390
2010/10/04,11950,50,0.42,11950,12050,11850,165731,1979648050,1285227160500,107550390
2010/10/05,11900,-50,-0.42,11950,12000,11800,91795,1089544500,1279849641000,107550390
2010/10/06,11950,50,0.42,11950,12000,11850,100820,1201707000,1285227160500,107550390
2010/10/07,11850,-100,-0.84,12000,12000,11850,95879,1140472150,1274472121500,107550390
2010/10/08,11950,100,0.84,11900,11950,11850,78405,933482750,1285227160500,107550390
2010/10/11,11850,-100,-0.84,11900,12000,11850,75301,898010500,1274472121500,107550390
2010/10/12,11800,-50,-0.42,12000,12000,11750,96171,1139387350,1269094602000,107550390
2010/10/13,11900,100,0.85,11850,11950,11800,195997,2328878700,1279849641000,107550390
2010/10/14,11850,-50,-0.42,11900,12050,11800,369563,4399967300,1274472121500,107550390
2010/10/15,12050,200,1.69,11950,12050,11900,138971,1667104550,1295982199500,107550390
2010/10/18,12000,-50,-0.41,12050,12100,11950,77117,925975600,1290604680000,107550390
2010/10/19,12000,0,0.00,12000,12100,11950,64340,772997500,1290604680000,107550390
2010/10/20,12050,50,0.42,12000,12200,12000,181840,2196194000,1295982199500,107550390
2010/10/21,12000,-50,-0.41,12150,12150,11900,208279,2494965000,1290604680000,107550390
2010/10/22,12100,100,0.83,12100,12100,11950,83891,1009103900,1301359719000,107550390
2010/10/25,12050,-50,-0.41,12100,12100,12000,88518,1068633400,1295982199500,107550390
2010/10/26,11950,-100,-0.83,12050,12100,11950,45215,543078750,1285227160500,107550390
2010/10/27,12000,50,0.42,12000,12100,11950,87519,1051587550,1290604680000,107550390
2010/10/28,11950,-50,-0.42,12000,12100,11950,85495,1025971250,1285227160500,107550390
2010/10/29,11900,-50,-0.42,11950,12050,11750,71724,851017100,1279849641000,107550390
2010/11/01,11900,0,0.00,11950,12050,11850,94010,1121664000,1279849641000,107550390
2010/11/02,12150,250,2.10,12050,12200,12000,194195,2348117700,1306737238500,107550390
2010/11/03,12900,750,6.17,12300,13000,12250,539197,6820159750,1387400031000,107550390
2010/11/04,13100,200,1.55,12900,13100,12650,404352,5206325950,1408910109000,107550390
2010/11/05,13000,-100,-0.76,13300,13350,12700,662525,8703392000,1398155070000,107550390
2010/11/08,12350,-650,-5.00,13200,13250,12250,307578,3878951400,1328247316500,107550390
2010/11/09,12500,150,1.21,12350,12600,12200,221514,2742890200,1344379875000,107550390
2010/11/10,12850,350,2.80,12500,12850,12500,238370,3027588100,1382022511500,107550390
2010/11/11,13200,350,2.72,12950,13500,12650,646969,8566765250,1419665148000,107550390
2010/11/12,12800,-400,-3.03,13050,13100,12500,310504,3970141750,1376644992000,107550390
2010/11/15,12750,-50,-0.39,13050,13400,12550,277909,3600416650,1371267472500,107550390
2010/11/16,11850,-900,-7.06,12900,12900,11800,525928,6390636900,1274472121500,107550390
2010/11/17,11800,-50,-0.42,11800,11900,11600,328412,3862450912,1269094602000,107550390
2010/11/18,11900,100,0.85,11950,12000,11850,99749,1187799850,1279849641000,107550390
2010/11/19,11900,0,0.00,11950,12000,11850,59783,711225700,1279849641000,107550390
2010/11/22,11850,-50,-0.42,12000,12000,11750,155416,1838108600,1274472121500,107550390
2010/11/23,11850,0,0.00,11800,11900,11700,103298,1213862050,1274472121500,107550390
2010/11/24,11650,-200,-1.69,11450,11750,11300,179633,2080806450,1252962043500,107550390
2010/11/25,11650,0,0.00,11700,11750,11600,34915,406596250,1252962043500,107550390
2010/11/26,11600,-50,-0.43,11650,11750,11550,79956,929350100,1247584524000,107550390
2010/11/29,11600,0,0.00,11500,11700,11500,41322,478931700,1247584524000,107550390
2010/11/30,11650,50,0.43,11600,11750,11600,27770,323249500,1252962043500,107550390
2010/12/01,11650,0,0.00,11700,11750,11600,27950,326271000,1252962043500,107550390
2010/12/02,11900,250,2.15,11750,11900,11650,77923,914590100,1279849641000,107550390
2010/12/03,11900,0,0.00,11900,11900,11750,58053,687104700,1279849641000,107550390
2010/12/06,11900,0,0.00,11800,11950,11800,34952,414726800,1279849641000,107550390
2010/12/07,11650,-250,-2.10,11900,11900,11600,94817,1112533050,1252962043500,107550390
2010/12/08,11550,-100,-0.86,11700,11700,11500,82129,951324750,1242207004500,107550390
2010/12/09,11450,-100,-0.87,11550,11600,11450,123884,1423969550,1231451965500,107550390
2010/12/10,11500,50,0.44,11500,11600,11350,118391,1359205400,1236829485000,107550390
2010/12/13,11600,100,0.87,11450,11600,11400,105285,1208142400,1247584524000,107550390
2010/12/14,11750,150,1.29,11550,11800,11550,129619,1516220500,1263717082500,107550390
2010/12/15,11800,50,0.43,11800,11800,11650,52596,616877800,1269094602000,107550390
2010/12/16,11750,-50,-0.42,11750,11850,11700,44479,524241750,1263717082500,107550390
2010/12/17,11550,-200,-1.70,11700,11750,11550,100089,1162512450,1242207004500,107550390
2010/12/20,11450,-100,-0.87,11400,11500,11350,112031,1276346050,1231451965500,107550390
2010/12/21,11500,50,0.44,11500,11600,11450,99958,1151157500,1236829485000,107550390
2010/12/22,11400,-100,-0.87,11500,11600,11350,121577,1389594800,1226074446000,107550390
2010/12/23,11500,100,0.88,11400,11550,11350,76653,876177500,1236829485000,107550390
2010/12/24,11400,-100,-0.87,11500,11500,11350,96026,1095021100,1226074446000,107550390
2010/12/27,11550,150,1.32,11450,11700,11450,161332,1875209600,1242207004500,107550390
2010/12/28,11550,0,0.00,11700,11700,11500,86859,1005823550,1242207004500,107550390
2010/12/29,11550,0,0.00,11600,11650,11500,84156,974702650,1242207004500,107550390
2010/12/30,11650,100,0.87,11600,11700,11550,82838,965845050,1252962043500,107550390
2011/01/03,11900,250,2.15,11700,11950,11650,101402,1198232300,1279849641000,107550390
2011/01/04,12000,100,0.84,11900,12000,11850,96781,1154025200,1290604680000,107550390
2011/01/05,11800,-200,-1.67,12000,12050,11700,148019,1744296800,1269094602000,107550390
2011/01/06,12000,200,1.69,11800,12050,11700,161389,1924874500,1290604680000,107550390
2011/01/07,12100,100,0.83,12050,12200,12050,79174,957917400,1301359719000,107550390
2011/01/10,12350,250,2.07,12000,12400,12000,159997,1958493450,1328247316500,107550390
2011/01/11,12250,-100,-0.81,12300,12300,12050,98516,1198380500,1317492277500,107550390
2011/01/12,12200,-50,-0.41,12150,12200,12050,102786,1247901000,1312114758000,107550390
2011/01/13,12200,0,0.00,12150,12450,12050,90500,1106138000,1312114758000,107550390
2011/01/14,12200,0,0.00,12200,12200,12100,45052,547890700,1312114758000,107550390
2011/01/17,12300,100,0.82,12200,12350,12150,113277,1388708100,1322869797000,107550390
2011/01/18,12200,-100,-0.81,12250,12350,12150,38990,476077900,1312114758000,107550390
2011/01/19,12200,0,0.00,12200,12350,12000,107455,1311152000,1312114758000,107550390
2011/01/20,12200,0,0.00,12200,12250,12100,68247,829404900,1312114758000,107550390
2011/01/21,12100,-100,-0.82,12250,12250,12000,47040,569839000,1301359719000,107550390
2011/01/24,11700,-400,-3.31,12150,12200,11700,142258,1687392100,1258339563000,107550390
2011/01/25,11650,-50,-0.43,11750,11800,11600,60809,710066350,1252962043500,107550390
2011/01/26,11600,-50,-0.43,11650,11750,11550,76583,889980900,1247584524000,107550390
2011/01/27,11450,-150,-1.29,11600,11650,11400,98007,1126457200,1231451965500,107550390
2011/01/28,11350,-100,-0.87,11450,11500,11350,111510,1270669500,1220696926500,107550390
2011/01/31,11300,-50,-0.44,11350,11350,11200,75000,844897500,1215319407000,107550390
2011/02/01,11450,150,1.33,11350,11600,11350,87835,1007867300,1231451965500,107550390
2011/02/07,11800,350,3.06,11600,11800,11600,75411,882284050,1269094602000,107550390
2011/02/08,12800,1000,8.47,11900,13000,11850,740138,9305001400,1376644992000,107550390
2011/02/09,12950,150,1.17,12900,13150,12600,541522,7003883100,1392777550500,107550390
2011/02/10,13000,50,0.39,12800,13050,12750,187337,2424075500,1398155070000,107550390
2011/02/11,12600,-400,-3.08,12800,13000,12450,178049,2251834300,1355134914000,107550390
2011/02/14,13200,600,4.76,12500,13200,12500,291256,3781343200,1419665148000,107550390
2011/02/15,13050,-150,-1.14,13100,13200,12950,104527,1366654650,1403532589500,107550390
2011/02/16,12950,-100,-0.77,13050,13050,12800,71261,920006450,1392777550500,107550390
2011/02/17,12950,0,0.00,13100,13100,12800,101480,1313073500,1392777550500,107550390
2011/02/18,12950,0,0.00,13000,13000,12750,110047,1422213650,1392777550500,107550390
2011/02/21,12800,-150,-1.16,12950,12950,12700,36408,467434900,1376644992000,107550390
2011/02/22,12600,-200,-1.56,12800,12800,12550,107413,1355970300,1355134914000,107550390
2011/02/23,12500,-100,-0.79,12550,12750,12450,44307,556897500,1344379875000,107550390
2011/02/24,12200,-300,-2.40,12600,12600,12200,85024,1049246100,1312114758000,107550390
2011/02/25,12300,100,0.82,12250,12400,12000,160102,1941505600,1322869797000,107550390
2011/02/28,12650,350,2.85,12300,12650,12200,118658,1475642700,1360512433500,107550390
2011/03/02,13000,350,2.77,12600,13000,12500,198214,2550503050,1398155070000,107550390
2011/03/03,13150,150,1.15,12900,13300,12850,237273,3132619100,1414287628500,107550390
2011/03/04,13100,-50,-0.38,13100,13300,13100,97615,1283892900,1408910109000,107550390
2011/03/07,13000,-100,-0.76,13200,13250,12900,80203,1043898500,1398155070000,107550390
2011/03/08,13000,0,0.00,13000,13050,12950,46209,599894500,1398155070000,107550390
2011/03/09,13150,150,1.15,13100,13200,12950,168163,2200079950,1414287628500,107550390
2011/03/10,12900,-250,-1.90,13150,13150,12800,74864,971001800,1387400031000,107550390
2011/03/11,12900,0,0.00,12700,13000,12600,131178,1695051200,1387400031000,107550390
2011/03/14,12500,-400,-3.10,12500,12700,12400,136670,1717933500,1344379875000,107550390
2011/03/15,12550,50,0.40,12700,12800,12150,153077,1930892300,1349757394500,107550390
2011/03/16,12950,400,3.19,12600,12950,12550,119460,1526058750,1392777550500,107550390
2011/03/17,13150,200,1.54,12700,13250,12650,144960,1871022500,1414287628500,107550390
2011/03/18,14700,1550,11.79,13200,14700,13050,283403,3916775000,1580990733000,107550390
2011/03/21,13600,-1100,-7.48,13800,14050,13550,288725,3966377400,1462685304000,107550390
2011/03/22,13500,-100,-0.74,13750,13950,13500,158413,2173569500,1451930265000,107550390
2011/03/23,13350,-150,-1.11,13650,13850,13300,170684,2314663900,1435797706500,107550390
2011/03/24,13250,-100,-0.75,13400,13450,13150,104634,1388534500,1425042667500,107550390
2011/03/25,13250,0,0.00,13250,13350,13050,182751,2406632950,1425042667500,107550390
2011/03/28,13600,350,2.64,13350,13650,13300,216281,2922991150,1462685304000,107550390
2011/03/29,13350,-250,-1.84,13600,13700,13300,144571,1946817350,1435797706500,107550390
2011/03/30,12850,-500,-3.75,13150,13200,12750,314478,4064506800,1382022511500,107550390
2011/03/31,12900,50,0.39,12850,13400,12850,166232,2179509050,1387400031000,107550390
2011/04/01,13250,350,2.71,13000,13550,12950,316864,4210750800,1425042667500,107550390
2011/04/04,13250,0,0.00,13250,13350,13050,125665,1662883750,1425042667500,107550390
2011/04/05,13450,200,1.51,13250,13450,13000,155357,2065573050,1446552745500,107550390
2011/04/06,13300,-150,-1.12,13500,13500,13200,92984,1236772400,1430420187000,107550390
2011/04/07,13250,-50,-0.38,13400,13450,13200,57300,761736000,1425042667500,107550390
2011/04/08,13300,50,0.38,13300,13400,13250,73471,978004800,1430420187000,107550390
2011/04/11,13200,-100,-0.75,13200,13300,12950,125062,1634925800,1419665148000,107550390
2011/04/12,12600,-600,-4.55,13050,13150,12600,79483,1020047700,1355134914000,107550390
2011/04/13,12700,100,0.79,12500,12700,12500,113455,1425366000,1365889953000,107550390
2011/04/14,12500,-200,-1.57,12550,12650,12350,105978,1319274000,1344379875000,107550390
2011/04/15,12650,150,1.20,12500,12650,12450,138472,1735048200,1360512433500,107550390
2011/04/18,12550,-100,-0.79,12750,12750,12450,120914,1527393200,1349757394500,107550390
2011/04/19,12550,0,0.00,12350,12650,12350,120211,1502489050,1349757394500,107550390
2011/04/20,12500,-50,-0.40,12600,12650,12350,103305,1295597500,1344379875000,107550390
2011/04/21,12400,-100,-0.80,12600,12700,12350,161672,2027904700,1333624836000,107550390
2011/04/22,12250,-150,-1.21,12400,12550,12100,140089,1714409050,1317492277500,107550390
2011/04/25,12250,0,0.00,12200,12350,12100,39636,485709000,1317492277500,107550390
2011/04/26,12250,0,0.00,12500,12500,12150,40698,499747100,1317492277500,107550390
2011/04/27,12400,150,1.22,12300,12850,12250,127916,1607345900,1333624836000,107550390
2011/04/28,12650,250,2.02,12500,12750,12500,126769,1606269550,1360512433500,107550390
2011/04/29,12800,150,1.19,12650,12850,12500,68305,869984750,1376644992000,107550390
2011/05/02,12850,50,0.39,12850,12850,12650,46290,591179000,1382022511500,107550390
2011/05/03,12800,-50,-0.39,12950,13000,12600,71886,919108850,1376644992000,107550390
2011/05/04,12700,-100,-0.78,12850,12850,12600,89053,1131405800,1365889953000,107550390
2011/05/06,12850,150,1.18,12800,12900,12450,104860,1323475500,1382022511500,107550390
2011/05/09,12900,50,0.39,12800,13000,12800,47488,613675200,1387400031000,107550390
2011/05/11,12700,-200,-1.55,13000,13000,12600,83832,1065085050,1365889953000,107550390
2011/05/12,12950,250,1.97,12700,13100,12700,167496,2175838150,1392777550500,107550390
2011/05/13,12500,-450,-3.47,13050,13050,12400,104619,1323351650,1344379875000,107550390
2011/05/16,12950,450,3.60,12500,12950,12400,49664,634236800,1392777550500,107550390
2011/05/17,12650,-300,-2.32,12950,12950,12650,10834,137738100,1360512433500,107550390
2011/05/18,12450,-200,-1.58,12850,12850,12350,85798,1073362100,1339002355500,107550390
2011/05/19,12550,100,0.80,12550,12900,12400,47522,598501300,1349757394500,107550390
2011/05/20,12700,150,1.20,12500,12900,12400,65649,832032300,1365889953000,107550390
2011/05/23,12350,-350,-2.76,12700,12700,12350,25391,315674250,1328247316500,107550390
2011/05/24,12300,-50,-0.40,12300,12450,12300,21501,265140800,1322869797000,107550390
2011/05/25,12050,-250,-2.03,12250,12300,12050,19534,237640700,1295982199500,107550390
2011/05/26,12200,150,1.24,12100,12250,12100,16617,202290500,1312114758000,107550390
2011/05/27,11950,-250,-2.05,12100,12150,11900,40518,486509600,1285227160500,107550390
2011/05/30,11950,0,0.00,11950,12100,11850,27404,327045300,1285227160500,107550390
2011/05/31,12050,100,0.84,11900,12150,11900,39081,469741250,1295982199500,107550390
2011/06/01,12150,100,0.83,12050,12300,11950,165052,2011849650,1306737238500,107550390
2011/06/02,11850,-300,-2.47,11800,12000,11800,49516,587664600,1274472121500,107550390
2011/06/03,11800,-50,-0.42,11850,11900,11700,38592,455207150,1269094602000,107550390
2011/06/07,11900,100,0.85,11850,12050,11850,17362,207279800,1279849641000,107550390
2011/06/08,11950,50,0.42,11950,11950,11850,11952,142230400,1285227160500,107550390
2011/06/09,11850,-100,-0.84,12050,12050,11850,36022,429174700,1274472121500,107550390
2011/06/10,11850,0,0.00,11900,12150,11850,52589,629796850,1274472121500,107550390
2011/06/13,12250,400,3.38,11950,12450,11850,69410,841236800,1317492277500,107550390
2011/06/14,12300,50,0.41,12100,12450,12100,31297,384490100,1322869797000,107550390
2011/06/15,12300,0,0.00,12250,12450,12150,29502,363145600,1322869797000,107550390
2011/06/16,12350,50,0.41,12300,12400,12050,12176,149606650,1328247316500,107550390
2011/06/17,12700,350,2.83,12200,12700,12200,91334,1139452400,1365889953000,107550390
2011/06/20,12850,150,1.18,12700,12950,12600,69908,899054800,1382022511500,107550390
2011/06/21,13000,150,1.17,12850,13000,12850,43210,558046250,1398155070000,107550390
2011/06/22,12900,-100,-0.77,13000,13000,12750,58416,755870900,1387400031000,107550390
2011/06/23,12750,-150,-1.16,12650,12900,12650,37883,483408400,1371267472500,107550390
2011/06/24,12500,-250,-1.96,12800,12800,12500,30933,390382500,1344379875000,107550390
2011/06/27,12500,0,0.00,12500,12600,12450,12526,156643000,1344379875000,107550390
2011/06/28,12650,150,1.20,12600,12650,12400,34439,431109000,1360512433500,107550390
2011/06/29,12700,50,0.40,12600,12800,12550,26553,337674600,1365889953000,107550390
2011/06/30,12650,-50,-0.39,12650,12950,12500,51750,657056050,1360512433500,107550390
2011/07/01,12700,50,0.40,12800,12900,12650,21235,270272000,1365889953000,107550390
2011/07/04,12750,50,0.39,12800,12850,12600,31246,396996000,1371267472500,107550390
2011/07/05,12800,50,0.39,12750,12850,12550,69362,883459000,1376644992000,107550390
2011/07/06,13200,400,3.13,12850,13300,12800,256049,3353303300,1419665148000,107550390
2011/07/07,13350,150,1.14,13250,13400,13000,171727,2269600100,1435797706500,107550390
2011/07/08,14400,1050,7.87,13400,15350,13200,1244390,18109410500,1548725616000,107550390
2011/07/11,13950,-450,-3.13,14000,14150,13500,270677,3759682000,1500327940500,107550390
2011/07/12,13350,-600,-4.30,13900,14000,13300,259051,3527418850,1435797706500,107550390
2011/07/13,13950,600,4.49,13350,14150,13350,339721,4729886350,1500327940500,107550390
2011/07/14,13450,-500,-3.58,14100,14150,12950,410902,5523453600,1446552745500,107550390
2011/07/15,13450,0,0.00,13650,13650,13150,95276,1282759100,1446552745500,107550390
2011/07/18,13600,150,1.12,13550,13700,13150,135032,1817224500,1462685304000,107550390
2011/07/19,13850,250,1.84,13600,13850,13250,232491,3154673350,1489572901500,107550390
2011/07/20,14000,150,1.08,13900,14050,13700,163315,2272074500,1505705460000,107550390
2011/07/21,14100,100,0.71,14000,14200,13950,161794,2280724500,1516460499000,107550390
2011/07/22,14100,0,0.00,14300,14300,13900,117944,1659801900,1516460499000,107550390
2011/07/25,13900,-200,-1.42,13950,14000,13700,54592,758152900,1494950421000,107550390
2011/07/26,14250,350,2.52,13900,14600,13900,306943,4409134400,1532593057500,107550390
2011/07/27,14000,-250,-1.75,14350,14500,13900,148664,2103477400,1506013460000,107572390
2011/07/28,14100,100,0.71,13900,14400,13850,79198,1118678700,1516770699000,107572390
2011/07/29,14050,-50,-0.35,14100,14250,14000,44907,634985550,1511392079500,107572390
2011/08/01,14100,50,0.36,14000,14200,14000,577191,8138399600,1516770699000,107572390
2011/08/02,14100,0,0.00,14050,14200,14000,69573,976244300,1516770699000,107572390
2011/08/03,13950,-150,-1.06,13900,14100,13500,51060,701597000,1500634840500,107572390
2011/08/04,13800,-150,-1.08,13700,13950,13700,77833,1073113400,1484498982000,107572390
2011/08/05,13700,-100,-0.72,13450,13750,13050,80881,1085180700,1473741743000,107572390
2011/08/08,13200,-500,-3.65,13450,13650,12350,191947,2502443400,1419955548000,107572390
2011/08/09,13250,50,0.38,12600,13600,12300,190763,2461626750,1425334167500,107572390
2011/08/10,12800,-450,-3.40,13450,13750,12800,202544,2739703250,1376926592000,107572390
2011/08/11,13700,900,7.03,12800,13800,12650,242960,3269252500,1473741743000,107572390
2011/08/12,13700,0,0.00,13950,14300,13700,224806,3156128200,1473741743000,107572390
2011/08/16,13750,50,0.36,14050,14300,13600,246995,3451957550,1479120362500,107572390
2011/08/17,13500,-250,-1.82,13750,14100,13300,187614,2575719050,1452227265000,107572390
2011/08/18,13500,0,0.00,13550,13750,13500,190932,2595454000,1452227265000,107572390
2011/08/19,13150,-350,-2.59,13350,13400,12900,83789,1109899000,1414576928500,107572390
2011/08/22,12800,-350,-2.66,13150,13250,12550,131382,1684869100,1376926592000,107572390
2011/08/23,12050,-750,-5.86,12750,12850,12050,301125,3699571700,1296247299500,107572390
2011/08/24,12000,-50,-0.41,12150,12250,11750,168098,2027104050,1290868680000,107572390
2011/08/25,12050,50,0.42,12150,12250,11800,63484,762000200,1296247299500,107572390
2011/08/26,11900,-150,-1.24,11900,12250,11900,126239,1517655100,1280111441000,107572390
2011/08/29,12100,200,1.68,12000,12200,12000,32493,393726100,1301625919000,107572390
2011/08/30,12450,350,2.89,12300,12700,12250,110654,1386745650,1339276255500,107572390
2011/08/31,13000,550,4.42,12500,13000,12300,66915,850825100,1398441070000,107572390
2011/09/01,13050,50,0.38,13000,13300,12850,71401,926699500,1403819689500,107572390
2011/09/02,12950,-100,-0.77,13000,13050,12700,42990,554698000,1393062450500,107572390
2011/09/05,12900,-50,-0.39,12950,13150,12650,56506,734194400,1387683831000,107572390
2011/09/06,12850,-50,-0.39,12600,13100,12600,78940,1022952000,1382305211500,107572390
2011/09/07,12800,-50,-0.39,12900,13000,12750,78928,1016188900,1376926592000,107572390
2011/09/08,13000,200,1.56,12700,13100,12700,150042,1948500000,1398441070000,107572390
2011/09/09,12750,-250,-1.92,13050,13050,12550,68100,868717750,1371547972500,107572390
2011/09/14,12550,-200,-1.57,12800,12850,12550,28270,359059900,1350033494500,107572390
2011/09/15,12400,-150,-1.20,12700,12750,12050,58015,717129250,1333897636000,107572390
2011/09/16,13100,700,5.65,12550,13100,12400,58690,754176500,1409198309000,107572390
2011/09/19,12900,-200,-1.53,12950,13100,12800,20842,269429650,1387683831000,107572390
2011/09/20,13600,700,5.43,12950,14000,12950,315799,4299212900,1462984504000,107572390
2011/09/21,13400,-200,-1.47,13350,13550,13250,38555,516610500,1441470026000,107572390
2011/09/22,13250,-150,-1.12,13400,13400,13100,17404,230510000,1425334167500,107572390
2011/09/23,13000,-250,-1.89,12900,13000,12650,41499,532644100,1398441070000,107572390
2011/09/26,13300,300,2.31,13000,13600,12400,99041,1312080800,1430712787000,107572390
2011/09/27,13250,-50,-0.38,13500,13500,13100,92386,1228757100,1425334167500,107572390
2011/09/28,13350,100,0.75,13150,13400,12850,113304,1479009600,1436091406500,107572390
2011/09/29,13350,0,0.00,13350,13450,13050,106539,1425445500,1436091406500,107572390
2011/09/30,13400,50,0.37,13350,13600,13100,116780,1563007500,1441470026000,107572390
2011/10/04,13100,-300,-2.24,12900,13250,12850,74872,979624700,1409198309000,107572390
2011/10/05,13050,-50,-0.38,12950,13150,12550,94911,1220696600,1403819689500,107572390
2011/10/06,13050,0,0.00,13300,13300,12800,67391,884364550,1403819689500,107572390
2011/10/07,13250,200,1.53,13050,13500,13050,50180,670575000,1425334167500,107572390
2011/10/10,13350,100,0.75,13250,13500,13200,44281,592764350,1436091406500,107572390
2011/10/11,13250,-100,-0.75,13300,13550,13200,139368,1854446300,1425334167500,107572390
2011/10/12,13450,200,1.51,13400,13650,13300,74437,1003639750,1446848645500,107572390
2011/10/13,13700,250,1.86,13500,13750,13300,96322,1300680900,1473741743000,107572390
2011/10/14,13550,-150,-1.09,13700,13700,13450,64067,867152350,1457605884500,107572390
2011/10/17,13750,200,1.48,13500,13800,13400,50411,689231750,1479120362500,107572390
2011/10/18,13450,-300,-2.18,13500,13700,13400,42697,575592650,1446848645500,107572390
2011/10/19,13500,50,0.37,13500,13500,13250,37256,499930000,1452227265000,107572390
2011/10/20,12600,-900,-6.67,13450,13500,12450,237444,3092972950,1355412114000,107572390
2011/10/21,12650,50,0.40,12800,12950,12350,102987,1298188800,1360790733500,107572390
2011/10/24,13000,350,2.77,13000,13300,12700,106766,1400383500,1398441070000,107572390
2011/10/25,13200,200,1.54,13050,13300,12800,47542,619370200,1419955548000,107572390
2011/10/26,13350,150,1.14,13100,13400,13050,89322,1192692200,1436091406500,107572390
2011/10/27,13250,-100,-0.75,13450,13450,13150,62504,833228500,1425334167500,107572390
2011/10/28,13400,150,1.13,13300,13450,13050,53686,714885100,1441470026000,107572390
2011/10/31,13400,0,0.00,13450,13500,13050,76445,1020118750,1441470026000,107572390
2011/11/01,13400,0,0.00,13200,13600,13200,85746,1154299900,1441470026000,107572390
2011/11/02,12850,-550,-4.10,13000,13200,12800,90465,1169934250,1382305211500,107572390
2011/11/03,12400,-450,-3.50,12900,12950,12150,211566,2639486850,1333897636000,107572390
2011/11/04,12300,-100,-0.81,12500,12550,12150,129376,1591086300,1323140397000,107572390
2011/11/07,12400,100,0.81,12350,12450,12300,62552,773147550,1333897636000,107572390
2011/11/08,12600,200,1.61,12350,12700,12350,49840,624650350,1355412114000,107572390
2011/11/09,13400,800,6.35,12650,13550,12550,340640,4491423700,1441470026000,107572390
2011/11/10,14200,800,5.97,13200,15050,13150,1010727,14450238050,1527527938000,107572390
2011/11/11,14200,0,0.00,14200,14550,13800,434004,6208601000,1527527938000,107572390
2011/11/14,14050,-150,-1.06,14850,14900,14000,508757,7349590700,1511392079500,107572390
2011/11/15,13900,-150,-1.07,14200,14650,13800,295666,4184212950,1495256221000,107572390
2011/11/16,14150,250,1.80,14200,14450,13900,411821,5832800150,1522149318500,107572390
2011/11/17,14350,200,1.41,14650,15100,14000,687031,10052954850,1543663796500,107572390
2011/11/18,15150,800,5.57,14800,15650,14550,1284872,19540066050,1629721708500,107572390
2011/11/21,14800,-350,-2.31,15150,15700,14800,539697,8208209100,1592071372000,107572390
2011/11/22,15000,200,1.35,14600,15150,14600,417087,6223140150,1613585850000,107572390
2011/11/23,15050,50,0.33,15000,15400,14850,401615,6118673850,1618964469500,107572390
2011/11/24,14650,-400,-2.66,14950,15150,14500,285852,4220801300,1575935513500,107572390
2011/11/25,14550,-100,-0.68,14750,14750,14350,122085,1775290050,1565178274500,107572390
2011/11/28,14500,-50,-0.34,14800,15050,14200,217302,3149419900,1559799655000,107572390
2011/11/29,14900,400,2.76,14350,15050,14350,394759,5865767300,1602828611000,107572390
2011/11/30,15100,200,1.34,14900,15100,14750,221802,3315835500,1624343089000,107572390
2011/12/01,14850,-250,-1.66,15250,15400,14500,600175,8919085000,1597449991500,107572390
2011/12/02,15100,250,1.68,15000,15200,14650,389793,5806115300,1624343089000,107572390
2011/12/05,15200,100,0.66,15200,15300,15000,159196,2414694850,1635100328000,107572390
2011/12/06,15200,0,0.00,15300,15300,14650,123249,1873995300,1635100328000,107572390
2011/12/07,15850,650,4.28,15050,16000,14950,334480,5258969500,1705022381500,107572390
2011/12/08,15700,-150,-0.95,15650,15950,15400,137579,2160225350,1688886523000,107572390
2011/12/09,15300,-400,-2.55,15700,15700,15200,287711,4439327900,1645857567000,107572390
2011/12/12,15100,-200,-1.31,15600,15600,15000,199041,3032501100,1624343089000,107572390
2011/12/13,15150,50,0.33,15200,15350,14950,122074,1848579900,1629721708500,107572390
2011/12/14,15150,0,0.00,15400,15400,15150,144053,2193884850,1629721708500,107572390
2011/12/15,15100,-50,-0.33,15100,15700,14950,627331,9548817350,1624343089000,107572390
2011/12/16,15100,0,0.00,15500,15500,15100,351316,5368271100,1624343089000,107572390
2011/12/19,14500,-600,-3.97,15000,15200,12850,369237,5385905500,1559799655000,107572390
2011/12/20,14650,150,1.03,14500,15000,14500,171150,2540556500,1575935513500,107572390
2011/12/21,14650,0,0.00,14800,14850,14500,172630,2541056000,1575935513500,107572390
2011/12/22,14650,0,0.00,14600,14800,14450,104394,1523144100,1575935513500,107572390
2011/12/23,14150,-500,-3.41,14600,14750,14100,268548,3864160750,1522149318500,107572390
2011/12/26,14450,300,2.12,14200,14550,14000,167506,2382339200,1554421035500,107572390
2011/12/27,14050,-400,-2.77,14650,14650,13900,160523,2259822750,1511392079500,107572390
2011/12/28,14000,-50,-0.36,14050,15750,13900,652374,9435527600,1506013460000,107572390
2011/12/29,14600,600,4.29,14500,14950,14350,539915,7886659100,1570556894000,107572390
2012/01/02,14700,100,0.68,14450,15350,14300,275951,4088379000,1581314133000,107572390
2012/01/03,14400,-300,-2.04,14600,14750,14350,275193,3980559900,1549042416000,107572390
2012/01/04,14350,-50,-0.35,14450,14600,14100,220187,3158096050,1543663796500,107572390
2012/01/05,14200,-150,-1.05,14150,14450,14150,206809,2958773300,1527527938000,107572390
2012/01/06,13900,-300,-2.11,14250,14300,13900,146335,2051497700,1495256221000,107572390
2012/01/09,13800,-100,-0.72,14000,14350,13650,305773,4269852720,1484498982000,107572390
2012/01/10,13600,-200,-1.45,13850,14000,13500,279479,3827501400,1462984504000,107572390
2012/01/11,13250,-350,-2.57,13600,13700,13100,341000,4536043500,1425334167500,107572390
2012/01/12,13500,250,1.89,13600,14250,13400,353020,4831380000,1452227265000,107572390
2012/01/13,13700,200,1.48,13550,13900,13400,200511,2729224150,1473741743000,107572390
2012/01/16,13900,200,1.46,13500,13900,13500,122115,1670379500,1495256221000,107572390
2012/01/17,13650,-250,-1.80,13950,14000,13550,234164,3214694100,1468363123500,107572390
2012/01/18,13350,-300,-2.20,13550,13600,12950,509133,6712962550,1436091406500,107572390
2012/01/19,13700,350,2.62,13500,14000,13400,423411,5808938100,1473741743000,107572390
2012/01/20,13400,-300,-2.19,13600,13750,13200,337778,4533514650,1441470026000,107572390
2012/01/25,13200,-200,-1.49,13350,13550,13150,307871,4099303700,1419955548000,107572390
2012/01/26,13000,-200,-1.52,13200,13250,12800,445684,5780047500,1398441070000,107572390
2012/01/27,13150,150,1.15,13000,13150,12900,361183,4701140800,1414576928500,107572390
2012/01/30,13000,-150,-1.14,13000,13150,12900,201196,2619107650,1398441070000,107572390
2012/01/31,13000,0,0.00,13100,13100,12800,259607,3352960050,1398441070000,107572390
2012/02/01,12750,-250,-1.92,12950,13000,12650,504586,6435283650,1371547972500,107572390
2012/02/02,12950,200,1.57,12900,13000,12750,535097,6890966550,1393062450500,107572390
2012/02/03,13050,100,0.77,13000,13150,12850,509932,6610008150,1403819689500,107572390
2012/02/06,13250,200,1.53,13100,13450,12900,450461,5959527900,1425334167500,107572390
2012/02/07,13400,150,1.13,13350,13400,13200,426911,5697447050,1441470026000,107572390
2012/02/08,13550,150,1.12,13400,13850,13350,615173,8364990750,1457605884500,107572390
2012/02/09,13100,-450,-3.32,13600,13600,13050,377951,4978814100,1409198309000,107572390
2012/02/10,13200,100,0.76,13000,13200,12850,328665,4287310800,1419955548000,107572390
2012/02/13,13550,350,2.65,13650,13900,13350,595605,8094781750,1457605884500,107572390
2012/02/14,13450,-100,-0.74,13700,13700,13300,312476,4212083200,1446848645500,107572390
2012/02/15,13900,450,3.35,13450,13900,13350,375708,5105754200,1495256221000,107572390
2012/02/16,13600,-300,-2.16,13750,13800,13550,270930,3705638500,1462984504000,107572390
2012/02/17,13600,0,0.00,13650,14100,13600,394200,5457379000,1462984504000,107572390
2012/02/20,13900,300,2.21,13850,14100,13700,472587,6572343800,1495256221000,107572390
2012/02/21,13850,-50,-0.36,13900,13950,13750,223326,3091832000,1489877601500,107572390
2012/02/22,14400,550,3.97,13900,14400,13750,446887,6292655550,1549042416000,107572390
2012/02/23,13850,-550,-3.82,14350,14400,13850,234639,3313469600,1489877601500,107572390
2012/02/24,14000,150,1.08,13850,14250,13650,319169,4479229500,1506013460000,107572390
2012/02/27,14350,350,2.50,14250,14400,13950,450359,6403403400,1543663796500,107572390
2012/02/28,14300,-50,-0.35,14350,14450,14100,239198,3409338450,1538285177000,107572390
2012/02/29,14100,-200,-1.40,14250,14300,13900,249263,3505165300,1516770699000,107572390
2012/03/02,14000,-100,-0.71,13900,14050,13900,175880,2457690000,1506013460000,107572390
2012/03/05,13750,-250,-1.79,14000,14000,13700,102976,1422459350,1479120362500,107572390
2012/03/06,13650,-100,-0.73,13700,13750,13400,148428,2008712200,1468363123500,107572390
2012/03/07,13800,150,1.10,13400,13800,13400,77154,1050231600,1484498982000,107572390
2012/03/08,13850,50,0.36,13700,13850,13550,121343,1664872000,1489877601500,107572390
2012/03/09,14100,250,1.81,13900,14100,13750,106020,1471786000,1516770699000,107572390
2012/03/12,14100,0,0.00,14000,14300,13950,145925,2057660500,1516770699000,107572390
2012/03/13,14150,50,0.35,14150,14250,13950,175338,2470773700,1522149318500,107572390
2012/03/14,14850,700,4.95,14400,15250,14400,957886,14212735200,1597449991500,107572390
2012/03/15,15050,200,1.35,14900,15250,14850,304161,4589072400,1618964469500,107572390
2012/03/16,15000,-50,-0.33,15150,15250,14950,125792,1893558300,1613585850000,107572390
2012/03/19,14900,-100,-0.67,15000,15100,14750,294247,4391691300,1602828611000,107572390
2012/03/20,14850,-50,-0.34,14850,15000,14800,215353,3213736550,1597449991500,107572390
2012/03/21,14900,50,0.34,14950,15000,14750,204618,3049243460,1602828611000,107572390
2012/03/22,14850,-50,-0.34,15000,15000,14750,228301,3405795850,1597449991500,107572390
2012/03/23,15150,300,2.02,14800,15300,14750,499717,7541988550,1629721708500,107572390
2012/03/26,14800,-350,-2.31,15200,15200,14600,256848,3818721000,1592071372000,107572390
2012/03/27,14250,-550,-3.72,14950,15000,14000,386215,5600170000,1532906557500,107572390
2012/03/28,14300,50,0.35,14400,14400,13950,223872,3166055100,1538285177000,107572390
2012/03/29,14350,50,0.35,14000,14500,13750,295608,4158697300,1543663796500,107572390
2012/03/30,14350,0,0.00,14350,14650,13950,266426,3811170600,1543663796500,107572390
2012/04/02,13450,-900,-6.27,14250,14250,13450,405725,5551223050,1446848645500,107572390
2012/04/03,12500,-950,-7.06,13400,13400,12350,2015468,25409407850,1344654875000,107572390
2012/04/04,12350,-150,-1.20,12450,12500,12100,587509,7265688150,1328519016500,107572390
2012/04/05,12600,250,2.02,12400,12800,12250,547089,6869417400,1355412114000,107572390
2012/04/06,12450,-150,-1.19,12500,12600,12200,290416,3593112200,1339276255500,107572390
2012/04/09,11900,-550,-4.42,12400,12400,11600,734340,8721770600,1280111441000,107572390
2012/04/10,12250,350,2.94,12000,12300,11800,512518,6188882950,1317761777500,107572390
2012/04/12,12050,-200,-1.63,12000,12050,11600,442793,5238006650,1296247299500,107572390
2012/04/13,12100,50,0.41,12100,12300,11900,355761,4286316050,1301625919000,107572390
2012/04/16,11950,-150,-1.24,12100,12100,11900,152752,1830886050,1285490060500,107572390
2012/04/17,11950,0,0.00,12000,12000,11750,278335,3286310250,1285490060500,107572390
2012/04/18,11700,-250,-2.09,12000,12050,11700,290131,3452568800,1258596963000,107572390
2012/04/19,11650,-50,-0.43,11700,11800,11600,184862,2162679350,1253218343500,107572390
2012/04/20,11500,-150,-1.29,11600,11750,11500,190934,2211245600,1237082485000,107572390
2012/04/23,11050,-450,-3.91,11550,11600,10900,512097,5710389900,1188674909500,107572390
2012/04/24,10900,-150,-1.36,10900,11150,10700,327940,3579553800,1172539051000,107572390
2012/04/25,10600,-300,-2.75,10850,11050,10600,220942,2377218850,1140267334000,107572390
2012/04/26,10500,-100,-0.94,10700,10800,10250,311259,3272364300,1129510095000,107572390
2012/04/27,10600,100,0.95,10600,10700,10400,255590,2695372450,1140267334000,107572390
2012/04/30,9990,-610,-5.75,10650,10700,9940,570560,5770148270,1074648176100,107572390
2012/05/02,10450,460,4.60,9990,10600,9930,578461,5979639270,1124131475500,107572390
2012/05/03,11000,550,5.26,10650,11100,10550,605708,6587740600,1183296290000,107572390
2012/05/04,11100,100,0.91,11000,11300,10900,403352,4490716400,1194053529000,107572390
2012/05/07,11150,50,0.45,10950,11150,10800,204395,2255769750,1199432148500,107572390
2012/05/08,11250,100,0.90,11200,11250,10950,185392,2054859000,1210189387500,107572390
2012/05/09,11100,-150,-1.33,11200,11250,10600,334478,3650603250,1194053529000,107572390
2012/05/10,10750,-350,-3.15,11250,11250,10700,389204,4220686750,1156403192500,107572390
2012/05/11,10550,-200,-1.86,10750,10800,10350,327351,3446143450,1134888714500,107572390
2012/05/14,10750,200,1.90,10600,10850,10500,324993,3471602250,1156403192500,107572390
2012/05/15,10350,-400,-3.72,10600,10700,10250,277856,2883789050,1113374236500,107572390
2012/05/16,10200,-150,-1.45,10250,10450,10000,228479,2339831600,1097238378000,107572390
2012/05/17,10200,0,0.00,10150,10400,10150,106888,1099015700,1097238378000,107572390
2012/05/18,10150,-50,-0.49,10050,10250,10000,123804,1254770100,1091859758500,107572390
2012/05/21,10050,-100,-0.99,10100,10150,10050,146076,1473556300,1081102519500,107572390
2012/05/22,10050,0,0.00,10100,10200,9970,277212,2778050600,1081102519500,107572390
2012/05/23,9650,-400,-3.98,10000,10000,9650,278200,2725053000,1038073563500,107572390
2012/05/24,9670,20,0.21,9760,9760,9590,140385,1356275810,1040225011300,107572390
2012/05/25,9470,-200,-2.07,9800,9800,9460,310102,2976821340,1018710533300,107572390
2012/05/29,9100,-370,-3.91,9480,9480,9050,440189,4040141800,978908749000,107572390
2012/05/30,9040,-60,-0.66,9130,9200,9010,253675,2303948300,972454405600,107572390
2012/05/31,9120,80,0.88,9030,9120,8900,247436,2227127740,981060196800,107572390
2012/06/01,9050,-70,-0.77,9050,9310,9050,282398,2585685580,973530129500,107572390
2012/06/04,8810,-240,-2.65,8770,8890,8770,195132,1722699160,947712755900,107572390
2012/06/05,9000,190,2.16,8880,9010,8820,181005,1611998730,968151510000,107572390
2012/06/07,9040,40,0.44,9100,9250,9040,291387,2664955360,972454405600,107572390
2012/06/08,9040,0,0.00,9080,9080,8930,190824,1719838360,972454405600,107572390
2012/06/11,8860,-180,-1.99,9080,9130,8750,328710,2927595180,953091375400,107572390
2012/06/12,9100,240,2.71,8860,9140,8770,277454,2481988220,978908749000,107572390
2012/06/13,8920,-180,-1.98,9100,9120,8920,221171,1989680860,959545718800,107572390
2012/06/14,9020,100,1.12,8920,9110,8910,108075,975065200,970302957800,107572390
2012/06/15,10200,1180,13.08,9050,10200,9050,687020,6731815150,1097238378000,107572390
2012/06/18,10200,0,0.00,10300,10400,9910,438989,4485231600,1097238378000,107572390
2012/06/19,10450,250,2.45,10050,11000,10050,522051,5540816950,1124131475500,107572390
2012/06/20,10400,-50,-0.48,10500,10800,10350,184697,1937672900,1118752856000,107572390
2012/06/21,10600,200,1.92,10400,10700,10300,115414,1213692900,1140267334000,107572390
2012/06/22,10500,-100,-0.94,10450,10600,10200,120714,1254563500,1129510095000,107572390
2012/06/25,10100,-400,-3.81,10500,10600,10050,187625,1922270600,1086481139000,107572390
2012/06/26,10400,300,2.97,10050,10500,10000,118418,1216831200,1118752856000,107572390
2012/06/27,10400,0,0.00,10400,10500,10200,118477,1228818750,1118752856000,107572390
2012/06/28,10450,50,0.48,10450,10500,10250,98591,1021815450,1124131475500,107572390
2012/06/29,10650,200,1.91,10400,10700,10350,105487,1112454550,1145645953500,107572390
2012/07/02,10450,-200,-1.88,10650,10650,10450,56007,590340750,1124131475500,107572390
2012/07/03,10500,50,0.48,10400,10550,10350,76501,799794000,1129510095000,107572390
2012/07/04,10450,-50,-0.48,10500,10550,10350,68821,718673950,1124131475500,107572390
2012/07/05,10700,250,2.39,10400,10900,10300,137050,1447636500,1151024573000,107572390
2012/07/06,10650,-50,-0.47,10700,10750,10600,40091,427452650,1145645953500,107572390
2012/07/09,10600,-50,-0.47,10750,10800,10600,79379,849943400,1140267334000,107572390
2012/07/10,10600,0,0.00,10600,10700,10500,46688,495301800,1140267334000,107572390
2012/07/11,10600,0,0.00,10600,10700,10500,32335,341951150,1140267334000,107572390
2012/07/12,10550,-50,-0.47,10500,10600,10450,86947,916101350,1134888714500,107572390
2012/07/13,10500,-50,-0.47,10500,10600,10350,127645,1337137650,1129510095000,107572390
2012/07/16,10650,150,1.43,10600,10700,10450,23725,251860800,1145645953500,107572390
2012/07/17,10150,-500,-4.69,10500,10600,10100,231533,2397211100,1091859758500,107572390
2012/07/18,10350,200,1.97,10150,10400,10100,109495,1126368250,1113374236500,107572390
2012/07/19,10550,200,1.93,10350,10700,10350,59507,629308350,1134888714500,107572390
2012/07/20,10900,350,3.32,10750,11300,10750,235131,2569668900,1172539051000,107572390
2012/07/23,10300,-600,-5.50,10850,11050,10300,196470,2093627000,1107995617000,107572390
2012/07/24,10450,150,1.46,10300,10600,10250,118632,1232514250,1124131475500,107572390
2012/07/25,10350,-100,-0.96,10300,10600,10250,98009,1020747650,1113374236500,107572390
2012/07/26,10350,0,0.00,10450,10550,10300,69211,719041300,1113374236500,107572390
2012/07/27,10300,-50,-0.48,10450,10550,10250,117446,1216984300,1107995617000,107572390
2012/07/30,10400,100,0.97,10400,10500,10250,99191,1032138950,1118752856000,107572390
2012/07/31,10900,500,4.81,10350,10900,10250,164376,1731910450,1172539051000,107572390
2012/08/01,10600,-300,-2.75,10700,10950,10550,164947,1758915200,1140267334000,107572390
2012/08/02,10400,-200,-1.89,10600,10650,10300,232030,2414927600,1118752856000,107572390
2012/08/03,10200,-200,-1.92,10300,10350,10150,153919,1580121600,1097238378000,107572390
2012/08/06,10400,200,1.96,10300,10450,10150,194269,1996865200,1118752856000,107572390
2012/08/07,10350,-50,-0.48,10400,10500,10350,177723,1852581500,1113374236500,107572390
2012/08/08,10600,250,2.42,10400,10650,10400,204780,2153847100,1140267334000,107572390
2012/08/09,10400,-200,-1.89,10550,10600,10400,74864,784566350,1118752856000,107572390
2012/08/10,10400,0,0.00,10450,10500,10300,99669,1031218400,1118752856000,107572390
2012/08/13,10350,-50,-0.48,10350,10400,10300,30368,314041300,1113374236500,107572390
2012/08/14,10650,300,2.90,10300,10700,10300,137560,1438433200,1145645953500,107572390
2012/08/16,10500,-150,-1.41,10500,10650,10450,70745,744736550,1129510095000,107572390
2012/08/17,10550,50,0.48,10500,10650,10450,20946,220719050,1134888714500,107572390
2012/08/20,10550,0,0.00,10650,10750,10550,47751,507696650,1134888714500,107572390
2012/08/21,10500,-50,-0.47,10600,10600,10400,49970,524429900,1129510095000,107572390
2012/08/22,10400,-100,-0.95,10450,10450,10350,68567,712379650,1118752856000,107572390
2012/08/23,10600,200,1.92,10400,10650,10400,54856,577912100,1140267334000,107572390
2012/08/24,10450,-150,-1.42,10500,10650,10450,45897,482482650,1124131475500,107572390
2012/08/27,10400,-50,-0.48,10450,10500,10350,23200,241849500,1118752856000,107572390
2012/08/28,10400,0,0.00,10500,10500,10300,59380,617782000,1118752856000,107572390
2012/08/29,10350,-50,-0.48,10450,10500,10250,83801,866839900,1113374236500,107572390
2012/08/30,10250,-100,-0.97,10350,10400,10250,62459,643255750,1102616997500,107572390
2012/08/31,10150,-100,-0.98,10250,10300,10050,101346,1028414400,1091859758500,107572390
2012/09/03,10200,50,0.49,10100,10250,9850,254775,2570576700,1097238378000,107572390
2012/09/04,10050,-150,-1.47,10250,10250,9990,149860,1507976100,1081102519500,107572390
2012/09/05,9950,-100,-1.00,10000,10000,9820,205077,2029466450,1070345280500,107572390
2012/09/06,9960,10,0.10,9950,9990,9860,65997,656241520,1071421004400,107572390
2012/09/07,10000,40,0.40,10000,10200,9930,202277,2033464790,1075723900000,107572390
2012/09/10,9990,-10,-0.10,10050,10100,9980,47602,476880060,1074648176100,107572390
2012/09/11,9920,-70,-0.70,9990,10050,9900,50135,499419600,1067118108800,107572390
2012/09/12,10050,130,1.31,9990,10100,9950,105894,1061909600,1081102519500,107572390
2012/09/13,10100,50,0.50,10000,10100,9960,117078,1175077000,1086481139000,107572390
2012/09/14,10200,100,0.99,10150,10300,10050,185949,1892078650,1097238378000,107572390
2012/09/17,10400,200,1.96,10250,10500,10100,190544,1974475900,1118752856000,107572390
2012/09/18,10950,550,5.29,10500,11000,10450,320376,3454049400,1177917670500,107572390
2012/09/19,10700,-250,-2.28,10950,10950,10600,161163,1729634100,1151024573000,107572390
2012/09/20,10400,-300,-2.80,10700,10700,10400,152545,1603397400,1118752856000,107572390
2012/09/21,10550,150,1.44,10400,10550,10400,114360,1199614150,1134888714500,107572390
2012/09/24,10600,50,0.47,10550,10650,10450,96452,1021036200,1140267334000,107572390
2012/09/25,10500,-100,-0.94,10600,10600,10450,71098,748544700,1129510095000,107572390
2012/09/26,10200,-300,-2.86,10450,10550,10150,182093,1863798550,1097238378000,107572390
2012/09/27,10100,-100,-0.98,10200,10200,10000,150663,1517571450,1086481139000,107572390
2012/09/28,10050,-50,-0.50,10150,10200,9990,185118,1854973250,1081102519500,107572390
2012/10/02,9970,-80,-0.80,10050,10050,9970,92914,928305040,1072496728300,107572390
2012/10/04,9950,-20,-0.20,9950,9980,9940,76973,766737570,1070345280500,107572390
2012/10/05,10050,100,1.01,10000,10100,9980,232910,2330780560,1081102519500,107572390
2012/10/08,10100,50,0.50,10100,10150,9960,422737,4254611200,1086481139000,107572390
2012/10/09,10650,550,5.45,10100,10650,10000,698061,7273618150,1145645953500,107572390
2012/10/10,10800,150,1.41,10600,10900,10400,329986,3532638200,1161781812000,107572390
2012/10/11,10750,-50,-0.46,10700,10850,10600,163035,1755799250,1156403192500,107572390
2012/10/12,10850,100,0.93,10850,11000,10450,374643,4070998050,1167160431500,107572390
2012/10/15,11050,200,1.84,10850,11150,10750,275646,3043159800,1188674909500,107572390
2012/10/16,10700,-350,-3.17,11100,11450,10700,358369,3932514300,1151024573000,107572390
2012/10/17,10900,200,1.87,10800,11100,10800,355666,3890904900,1172539051000,107572390
2012/10/18,11000,100,0.92,10900,11050,10850,257477,2822611000,1183296290000,107572390
2012/10/19,10950,-50,-0.45,11000,11100,10900,149184,1640044300,1177917670500,107572390
2012/10/22,10850,-100,-0.91,10850,11050,10800,157094,1718209400,1167160431500,107572390
2012/10/23,10950,100,0.92,10800,11000,10800,64117,702223150,1177917670500,107572390
2012/10/24,11400,450,4.11,10750,11400,10750,274395,3077829300,1226325246000,107572390
2012/10/25,11300,-100,-0.88,11400,11500,11050,195275,2217418350,1215568007000,107572390
2012/10/26,11400,100,0.88,11450,11500,11250,206592,2356627600,1226325246000,107572390
2012/10/29,11300,-100,-0.88,11300,11600,10950,309166,3473382800,1215568007000,107572390
2012/10/30,11550,250,2.21,11300,11550,11300,152480,1750619500,1242461104500,107572390
2012/10/31,11800,250,2.16,11500,11800,11450,226450,2657325000,1269354202000,107572390
2012/11/01,12200,400,3.39,11800,12200,11500,266175,3172302250,1312383158000,107572390
2012/11/02,12150,-50,-0.41,12200,12200,12000,167761,2033807650,1307004538500,107572390
2012/11/05,11650,-500,-4.12,12050,12200,11650,122102,1442050250,1253218343500,107572390
2012/11/06,12050,400,3.43,11700,12150,11650,105494,1265660000,1296247299500,107572390
2012/11/07,11950,-100,-0.83,12100,12100,11850,62950,754789000,1285490060500,107572390
2012/11/08,11800,-150,-1.26,11750,11950,11650,50779,598184200,1269354202000,107572390
2012/11/09,11600,-200,-1.69,11750,11750,11450,89347,1035626700,1247839724000,107572390
2012/11/12,11550,-50,-0.43,11850,11850,11450,87702,1011628000,1242461104500,107572390
2012/11/13,11600,50,0.43,11500,11600,11350,74800,855528000,1247839724000,107572390
2012/11/14,11100,-500,-4.31,11600,11750,11100,117547,1331941250,1194053529000,107572390
2012/11/15,11100,0,0.00,11000,11350,10950,56229,630487900,1194053529000,107572390
2012/11/16,10950,-150,-1.35,11150,11150,10650,130392,1408995400,1177917670500,107572390
2012/11/19,11000,50,0.46,10800,11050,10750,87000,949254000,1183296290000,107572390
2012/11/20,10900,-100,-0.91,11000,11000,10600,120386,1293242300,1172539051000,107572390
2012/11/21,10650,-250,-2.29,10850,10850,10550,66305,706689600,1145645953500,107572390
2012/11/22,10600,-50,-0.47,10650,10700,10400,162201,1714952600,1140267334000,107572390
2012/11/23,10600,0,0.00,10600,10750,10350,145472,1529118700,1140267334000,107572390
2012/11/26,10500,-100,-0.94,10650,10650,10500,23181,244379000,1129510095000,107572390
2012/11/27,10650,150,1.43,10600,10750,10500,49420,525653000,1145645953500,107572390
2012/11/28,10350,-300,-2.82,10650,10650,10250,156061,1617328350,1113374236500,107572390
2012/11/29,10400,50,0.48,10350,10500,10300,79533,827646700,1118752856000,107572390
2012/11/30,10450,50,0.48,10350,10500,10300,25550,265972500,1124131475500,107572390
2012/12/03,10350,-100,-0.96,10400,10500,10250,87022,899958850,1113374236500,107572390
2012/12/04,10050,-300,-2.90,10350,10350,9960,229509,2308483050,1081102519500,107572390
2012/12/05,10050,0,0.00,10100,10150,10000,79167,795066850,1081102519500,107572390
2012/12/06,10250,200,1.99,10050,10250,10000,56795,576806450,1102616997500,107572390
2012/12/07,10150,-100,-0.98,10250,10300,10150,35683,364850150,1091859758500,107572390
2012/12/10,10200,50,0.49,10150,10250,10100,28070,285251000,1097238378000,107572390
2012/12/11,10200,0,0.00,10150,10250,10100,51527,523589400,1097238378000,107572390
2012/12/12,10200,0,0.00,10250,10250,10100,87953,895079600,1097238378000,107572390
2012/12/13,10400,200,1.96,10150,10450,10150,135030,1384738000,1118752856000,107572390
2012/12/14,10200,-200,-1.92,10300,10350,10200,43233,444049100,1097238378000,107572390
2012/12/17,10200,0,0.00,10400,10800,10000,172668,1774177450,1097238378000,107572390
2012/12/18,10200,0,0.00,10250,10300,10200,78691,806071200,1097238378000,107572390
2012/12/20,10400,200,1.96,10300,10450,10100,131350,1354863000,1118752856000,107572390
2012/12/21,10550,150,1.44,10450,10600,10400,85620,901028000,1134888714500,107572390
2012/12/24,10650,100,0.95,10600,10650,10500,51637,511355250,1145645953500,107572390
2012/12/26,10450,-200,-1.88,10650,10650,10400,62922,661089900,1124131475500,107572390
2012/12/27,10550,100,0.96,10500,10550,10400,27198,285252400,1134888714500,107572390
2012/12/28,10550,0,0.00,10550,10650,10450,43321,458826050,1134888714500,107572390
2013/01/02,10400,-150,-1.42,10600,10600,10400,92047,963739650,1118752856000,107572390
2013/01/03,10550,150,1.44,10350,10550,10350,130640,1363446500,1134888714500,107572390
2013/01/04,10500,-50,-0.47,10550,10600,10400,105482,1107303150,1129510095000,107572390
2013/01/07,10500,0,0.00,10500,10550,10350,86760,905641500,1129510095000,107572390
2013/01/08,10600,100,0.95,10400,10650,10400,155357,1641888200,1140267334000,107572390
2013/01/09,10600,0,0.00,10650,10650,10550,179901,1905004100,1140267334000,107572390
2013/01/10,10700,100,0.94,10550,10950,10550,156859,1681190400,1151024573000,107572390
2013/01/11,10800,100,0.93,10850,10850,10700,82253,887062900,1161781812000,107572390
2013/01/14,11100,300,2.78,10800,11200,10800,101857,1128652050,1194053529000,107572390
2013/01/15,11100,0,0.00,11200,11200,11000,81950,906986500,1194053529000,107572390
2013/01/16,11200,100,0.90,11100,11300,11000,30125,337146750,1204810768000,107572390
2013/01/17,11250,50,0.45,11150,11400,11150,42756,483973000,1210189387500,107572390
2013/01/18,11150,-100,-0.89,11250,11350,11000,93634,1040142900,1199432148500,107572390
2013/01/21,11400,250,2.24,11200,11400,11100,73897,833123800,1226325246000,107572390
2013/01/22,11100,-300,-2.63,11400,11450,10850,171504,1888795900,1194053529000,107572390
2013/01/23,11050,-50,-0.45,11200,11200,10900,110006,1208091500,1188674909500,107572390
2013/01/24,10850,-200,-1.81,11050,11100,10850,59787,656424950,1167160431500,107572390
2013/01/25,11000,150,1.38,10900,11050,10800,75518,825761000,1183296290000,107572390
2013/01/28,11100,100,0.91,11050,11250,11050,77988,872136300,1194053529000,107572390
2013/01/29,11300,200,1.80,11200,11300,11050,81145,907742400,1215568007000,107572390
2013/01/30,11400,100,0.88,11250,11400,11150,40861,461555900,1226325246000,107572390
2013/01/31,11850,450,3.95,11350,11850,11300,167828,1948718150,1274732821500,107572390
2013/02/01,11300,-550,-4.64,11700,11800,11300,73941,848991300,1215568007000,107572390
2013/02/04,11450,150,1.33,11300,11600,11300,64492,738676900,1231703865500,107572390
2013/02/05,11400,-50,-0.44,11400,11450,11200,82829,934766100,1226325246000,107572390
2013/02/06,11550,150,1.32,11350,11550,11250,43686,498639000,1242461104500,107572390
2013/02/07,11400,-150,-1.30,11650,11750,11400,36396,420465400,1226325246000,107572390
2013/02/08,11450,50,0.44,11350,11450,11300,11700,133072500,1231703865500,107572390
2013/02/12,11250,-200,-1.75,11400,11450,11000,71275,793914650,1210189387500,107572390
2013/02/13,11100,-150,-1.33,11150,11200,11000,85184,943969200,1194053529000,107572390
2013/02/14,11100,0,0.00,11150,11200,11100,34052,378901700,1194053529000,107572390
2013/02/15,11050,-50,-0.45,11050,11150,11050,22767,251713500,1188674909500,107572390
2013/02/18,11000,-50,-0.45,11100,11100,10950,25228,277792000,1183296290000,107572390
2013/02/19,11000,0,0.00,11000,11100,10900,50030,549969550,1183296290000,107572390
2013/02/20,11000,0,0.00,11000,11050,10800,174232,1902193250,1183296290000,107572390
2013/02/21,10950,-50,-0.45,11000,11050,10800,100863,1098662200,1177917670500,107572390
2013/02/22,10900,-50,-0.46,10900,11000,10850,26835,293118500,1172539051000,107572390
2013/02/25,10950,50,0.46,10900,11000,10850,38220,417485200,1177917670500,107572390
2013/02/26,11050,100,0.91,10900,11050,10850,33458,366108800,1188674909500,107572390
2013/02/27,10900,-150,-1.36,11050,11050,10850,54893,598551700,1172539051000,107572390
2013/02/28,11000,100,0.92,10950,11050,10850,47895,525134400,1183296290000,107572390
2013/03/04,10900,-100,-0.91,11000,11050,10850,64016,699011400,1172539051000,107572390
2013/03/05,11000,100,0.92,10900,11000,10800,65018,707708650,1183296290000,107572390
2013/03/06,11050,50,0.45,10900,11050,10900,51450,565624000,1188674909500,107572390
2013/03/07,10950,-100,-0.90,11000,11000,10800,60133,655842850,1177917670500,107572390
2013/03/08,10900,-50,-0.46,10950,10950,10800,23437,254692800,1172539051000,107572390
2013/03/11,10750,-150,-1.38,10900,10900,10700,56486,610977150,1156403192500,107572390
2013/03/12,10800,50,0.47,10750,10850,10600,73435,789024500,1161781812000,107572390
2013/03/13,11250,450,4.17,10800,11350,10800,197392,2194329050,1210189387500,107572390
2013/03/14,11300,50,0.44,11250,11350,11000,59884,667927900,1215568007000,107572390
2013/03/15,11400,100,0.88,11300,11450,11200,179013,2027830700,1226325246000,107572390
2013/03/18,11300,-100,-0.88,11400,11400,11250,28998,328640400,1215568007000,107572390
2013/03/19,11150,-150,-1.33,11300,11350,11150,41622,468028800,1199432148500,107572390
2013/03/20,11100,-50,-0.45,11250,11250,11000,52676,585306600,1194053529000,107572390
2013/03/21,11200,100,0.90,11100,11200,11000,13424,149246800,1204810768000,107572390
2013/03/22,11100,-100,-0.89,11150,11200,11000,34084,378026900,1194053529000,107572390
2013/03/25,11200,100,0.90,11250,11300,11100,79618,893087100,1204810768000,107572390
2013/03/26,11100,-100,-0.89,11150,11200,10950,154934,1710491900,1194053529000,107572390
2013/03/27,11050,-50,-0.45,11050,11100,10900,133183,1463413650,1188674909500,107572390
2013/03/28,10750,-300,-2.71,10850,10850,10650,106207,1142418750,1156403192500,107572390
2013/03/29,10750,0,0.00,10700,10800,10600,77440,826652000,1156403192500,107572390
2013/04/01,10700,-50,-0.47,10650,10750,10450,72889,773823450,1151024573000,107572390
2013/04/02,10500,-200,-1.87,10700,10700,10400,66984,703838500,1129510095000,107572390
2013/04/03,10250,-250,-2.38,10500,10500,10200,86918,895285000,1102616997500,107572390
2013/04/04,10100,-150,-1.46,10250,10250,10050,96620,979430900,1086481139000,107572390
2013/04/05,9940,-160,-1.58,10100,10100,9940,56128,561274020,1069269556600,107572390
2013/04/08,9900,-40,-0.40,9990,10100,9900,51884,519362900,1064966661000,107572390
2013/04/09,10300,400,4.04,9930,10300,9930,71507,720951700,1107995617000,107572390
2013/04/10,10150,-150,-1.46,10200,10250,10000,87119,880854850,1091859758500,107572390
2013/04/11,10100,-50,-0.49,10200,10200,10050,9860,99546500,1086481139000,107572390
2013/04/12,10100,0,0.00,10100,10150,10050,71361,720936100,1086481139000,107572390
2013/04/15,10000,-100,-0.99,10100,10100,10000,17431,174991100,1075723900000,107572390
2013/04/16,10100,100,1.00,10000,10100,10000,32401,326852600,1086481139000,107572390
2013/04/17,10000,-100,-0.99,10050,10100,9990,85810,860299200,1075723900000,107572390
2013/04/18,9990,-10,-0.10,10000,10050,9980,14374,143659060,1074648176100,107572390
2013/04/19,9990,0,0.00,9990,10000,9900,63614,633383360,1074648176100,107572390
2013/04/22,9980,-10,-0.10,10050,10050,9920,36623,365192820,1073572452200,107572390
2013/04/23,10000,20,0.20,9970,10050,9970,31556,315341900,1075723900000,107572390
2013/04/24,9990,-10,-0.10,10000,10050,9970,44442,444282480,1074648176100,107572390
2013/04/25,10000,10,0.10,10000,10050,9980,58092,580680600,1075723900000,107572390
2013/04/26,10250,250,2.50,10050,10250,10000,111678,1128551150,1102616997500,107572390
2013/04/29,10200,-50,-0.49,10200,10250,10150,17427,177670050,1097238378000,107572390
2013/04/30,9870,-330,-3.24,10200,10200,9870,179140,1785274930,1061739489300,107572390
2013/05/02,9790,-80,-0.81,9790,9990,9700,103800,1022252100,1053133698100,107572390
2013/05/03,9960,170,1.74,9830,9990,9760,55570,548388800,1071421004400,107572390
2013/05/06,9920,-40,-0.40,9970,9980,9920,15484,154031880,1067118108800,107572390
2013/05/07,9850,-70,-0.71,9920,9930,9810,40556,399684900,1059588041500,107572390
2013/05/08,9970,120,1.22,9840,9980,9840,34200,339129800,1072496728300,107572390
2013/05/09,10050,80,0.80,9970,10100,9900,50466,504598150,1081102519500,107572390
2013/05/10,10150,100,1.00,10050,10300,9920,124086,1255691850,1091859758500,107572390
2013/05/13,10100,-50,-0.49,10250,10250,10050,68611,697030600,1086481139000,107572390
2013/05/14,10000,-100,-0.99,10100,10200,9980,80950,812948400,1075723900000,107572390
2013/05/15,10100,100,1.00,10050,10100,9990,60891,610865300,1086481139000,107572390
2013/05/16,10200,100,0.99,10150,10300,10150,64099,653994800,1097238378000,107572390
2013/05/20,10400,200,1.96,10250,10400,10150,100629,1031208150,1118752856000,107572390
2013/05/21,10500,100,0.96,10400,10650,10400,98378,1036303000,1129510095000,107572390
2013/05/22,10550,50,0.48,10550,10700,10400,116472,1228304100,1134888714500,107572390
2013/05/23,10450,-100,-0.95,10600,10600,10400,40561,424096450,1124131475500,107572390
2013/05/24,10600,150,1.44,10450,10650,10350,51387,539938200,1140267334000,107572390
2013/05/27,10600,0,0.00,10600,10750,10500,74880,797383450,1140267334000,107572390
2013/05/28,10450,-150,-1.42,10600,10650,10450,40130,421253000,1124131475500,107572390
2013/05/29,10500,50,0.48,10450,10550,10400,50338,526834000,1129510095000,107572390
2013/05/30,10550,50,0.48,10500,10650,10450,67735,714578750,1134888714500,107572390
2013/05/31,10750,200,1.90,10650,10750,10550,74936,801704500,1156403192500,107572390
2013/06/03,10850,100,0.93,10750,10950,10700,76951,832930350,1167160431500,107572390
2013/06/04,10600,-250,-2.30,10800,10850,10550,40992,436300200,1140267334000,107572390
2013/06/05,10600,0,0.00,10550,10650,10350,52695,552262200,1140267334000,107572390
2013/06/07,10600,0,0.00,10650,10700,10300,60140,629075000,1140267334000,107572390
2013/06/10,10650,50,0.47,10500,10650,10450,30129,318316700,1145645953500,107572390
2013/06/11,10450,-200,-1.88,10700,10700,10450,38430,404020500,1124131475500,107572390
2013/06/12,10400,-50,-0.48,10450,10450,10350,29600,308272000,1118752856000,107572390
2013/06/13,10200,-200,-1.92,10500,10500,10200,64535,666570000,1097238378000,107572390
2013/06/14,10300,100,0.98,10250,10400,10200,30676,315687300,1107995617000,107572390
2013/06/17,10250,-50,-0.49,10300,10350,10250,15573,160287250,1102616997500,107572390
2013/06/18,10300,50,0.49,10250,10350,10200,19108,196199400,1107995617000,107572390
2013/06/19,10150,-150,-1.46,10250,10350,10150,36170,370404500,1091859758500,107572390
2013/06/20,9990,-160,-1.58,10100,10250,9970,63340,635089600,1074648176100,107572390
2013/06/21,10650,660,6.61,9970,10650,9880,112803,1147446740,1145645953500,107572390
2013/06/24,10000,-650,-6.10,10400,10400,9990,167646,1693668650,1075723900000,107572390
2013/06/25,9310,-690,-6.90,9990,10000,9310,188329,1828779590,1001498950900,107572390
2013/06/26,9620,310,3.33,9410,9630,9390,121184,1152339790,1034846391800,107572390
2013/06/27,9880,260,2.70,9620,10050,9620,78837,776051660,1062815213200,107572390
2013/06/28,9880,0,0.00,9980,10000,9750,94555,933418400,1062815213200,107572390
2013/07/01,9760,-120,-1.21,9880,9900,9640,90362,881567620,1049906526400,107572390
2013/07/02,9830,70,0.72,9800,9920,9770,69630,685193700,1057436593700,107572390
2013/07/03,9800,-30,-0.31,9850,9910,9770,67840,665815600,1054209422000,107572390
2013/07/04,9750,-50,-0.51,9880,9880,9750,107821,1055126820,1048830802500,107572390
2013/07/05,9810,60,0.62,9770,9960,9770,107071,1060253810,1055285145900,107572390
2013/07/08,9790,-20,-0.20,9820,9900,9520,193839,1877853040,1053133698100,107572390
2013/07/09,9890,100,1.02,9800,9900,9760,147851,1453451480,1063890937100,107572390
2013/07/10,9930,40,0.40,9900,9930,9810,124130,1225955900,1068193832700,107572390
2013/07/11,9880,-50,-0.50,9930,9950,9850,103113,1021903340,1062815213200,107572390
2013/07/12,9850,-30,-0.30,9900,9920,9820,56370,555013400,1059588041500,107572390
2013/07/15,9940,90,0.91,9920,9940,9840,41453,410781620,1069269556600,107572390
2013/07/16,9940,0,0.00,9900,10200,9890,106800,1073188600,1069269556600,107572390
2013/07/17,10600,660,6.64,9970,10600,9950,282188,2940549200,1140267334000,107572390
2013/07/18,11100,500,4.72,10600,11250,10550,684540,7509806000,1194053529000,107572390
2013/07/19,11000,-100,-0.90,11200,11200,10950,129293,1424198000,1183296290000,107572390
2013/07/22,10950,-50,-0.45,11150,11150,10800,65953,722210350,1177917670500,107572390
2013/07/23,11100,150,1.37,10850,11150,10850,100098,1102103800,1194053529000,107572390
2013/07/24,11600,500,4.50,11100,11650,11050,228177,2618995200,1247839724000,107572390
2013/07/25,11950,350,3.02,11500,12050,11350,442680,5248338500,1285490060500,107572390
2013/07/26,11800,-150,-1.26,11850,11950,11750,135632,1609904100,1269354202000,107572390
2013/07/29,11400,-400,-3.39,11750,11900,11250,163463,1884670600,1226325246000,107572390
2013/07/30,11800,400,3.51,11450,11850,11400,165838,1941020400,1269354202000,107572390
2013/07/31,11400,-400,-3.39,11750,11750,11400,172060,1982651500,1226325246000,107572390
2013/08/01,11700,300,2.63,11500,11700,11350,109709,1265909300,1258596963000,107572390
2013/08/02,11700,0,0.00,11700,11800,11500,88063,1030705000,1258596963000,107572390
2013/08/05,10000,-1700,-14.53,11100,11350,9960,1383634,14045445700,1075723900000,107572390
2013/08/06,9950,-50,-0.50,10000,10100,9880,359699,3575219210,1070345280500,107572390
2013/08/07,9960,10,0.10,9900,9980,9880,193798,1922738140,1071421004400,107572390
2013/08/08,10300,340,3.41,9920,10350,9920,423958,4298215470,1107995617000,107572390
2013/08/09,10550,250,2.43,10300,10600,10200,365405,3818184350,1134888714500,107572390
2013/08/12,10650,100,0.95,10500,10700,10400,225286,2380814150,1145645953500,107572390
2013/08/13,10700,50,0.47,10550,10700,10550,197962,2102458700,1151024573000,107572390
2013/08/14,10500,-200,-1.87,10700,10700,10500,217651,2293271950,1129510095000,107572390
2013/08/16,10500,0,0.00,10450,10600,10400,91665,962483000,1129510095000,107572390
2013/08/19,10500,0,0.00,10550,10600,10400,141271,1482670000,1129510095000,107572390
2013/08/20,10300,-200,-1.90,10450,10600,10300,143550,1502857500,1107995617000,107572390
2013/08/21,10500,200,1.94,10300,10550,10300,117061,1216843000,1129510095000,107572390
2013/08/22,10350,-150,-1.43,10450,10450,10350,47910,497458800,1113374236500,107572390
2013/08/23,10200,-150,-1.45,10350,10400,10200,101178,1039665600,1097238378000,107572390
2013/08/26,10500,300,2.94,10150,10550,10150,74821,782784500,1129510095000,107572390
2013/08/27,10500,0,0.00,10550,10550,10350,22770,237712500,1129510095000,107572390
2013/08/28,10800,300,2.86,10450,10900,10350,53125,566129000,1161781812000,107572390
2013/08/29,10900,100,0.93,10850,11000,10500,98800,1064647500,1172539051000,107572390
2013/08/30,10750,-150,-1.38,10900,10950,10700,47814,517787500,1156403192500,107572390
2013/09/02,10650,-100,-0.93,10750,10800,10500,77719,825812350,1145645953500,107572390
2013/09/03,10600,-50,-0.47,10650,10700,10500,70265,743960500,1140267334000,107572390
2013/09/04,10500,-100,-0.94,10700,10700,10450,69649,734275000,1129510095000,107572390
2013/09/05,10750,250,2.38,10600,10800,10500,47226,505864000,1156403192500,107572390
2013/09/06,10700,-50,-0.47,10700,10850,10500,58701,625024700,1151024573000,107572390
2013/09/09,10650,-50,-0.47,10750,10800,10600,57011,609821150,1145645953500,107572390
2013/09/10,10500,-150,-1.41,10650,10750,10450,84771,892320500,1129510095000,107572390
2013/09/11,10400,-100,-0.95,10500,10500,10300,96993,1004884700,1118752856000,107572390
2013/09/12,10550,150,1.44,10350,10550,10300,133363,1391614550,1134888714500,107572390
2013/09/13,10400,-150,-1.42,10500,10500,10350,78502,816932050,1118752856000,107572390
2013/09/16,10450,50,0.48,10400,10500,10300,81536,847557800,1124131475500,107572390
2013/09/17,10450,0,0.00,10450,10500,10350,105789,1101128550,1124131475500,107572390
2013/09/23,10300,-150,-1.44,10350,10450,10200,182812,1882844000,1107995617000,107572390
2013/09/24,10050,-250,-2.43,10200,10200,9980,272784,2744033900,1081102519500,107572390
2013/09/25,10300,250,2.49,10100,10300,10050,176581,1789506200,1107995617000,107572390
2013/09/26,10500,200,1.94,10300,10500,10300,184529,1923227700,1129510095000,107572390
2013/09/27,10350,-150,-1.43,10500,10550,10200,199289,2063631050,1113374236500,107572390
2013/09/30,10200,-150,-1.45,10300,10350,10050,457121,4644621000,1097238378000,107572390
2013/10/01,10250,50,0.49,10200,10250,10050,140168,1423045500,1102616997500,107572390
2013/10/02,10250,0,0.00,10250,10300,10150,103089,1050535750,1102616997500,107572390
2013/10/04,10200,-50,-0.49,10250,10250,10100,84536,858238500,1097238378000,107572390
2013/10/07,10300,100,0.98,10200,10300,10050,148607,1511254000,1107995617000,107572390
2013/10/08,10250,-50,-0.49,10200,10300,10150,104115,1063602250,1102616997500,107572390
2013/10/10,10400,150,1.46,10200,10400,10200,83126,859478900,1118752856000,107572390
2013/10/11,10500,100,0.96,10450,10550,10350,143181,1498430350,1129510095000,107572390
2013/10/14,10550,50,0.48,10500,10650,10400,70518,741285900,1134888714500,107572390
2013/10/15,10450,-100,-0.95,10550,10600,10450,56274,592205300,1124131475500,107572390
2013/10/16,10400,-50,-0.48,10450,10550,10350,103174,1077299100,1118752856000,107572390
2013/10/17,10450,50,0.48,10450,10600,10400,118312,1243614400,1124131475500,107572390
2013/10/18,10550,100,0.96,10500,10550,10400,70521,738283650,1134888714500,107572390
2013/10/21,10450,-100,-0.95,10500,10550,10400,60441,631207450,1124131475500,107572390
2013/10/22,10450,0,0.00,10400,10500,10400,57051,594409450,1124131475500,107572390
2013/10/23,10500,50,0.48,10450,10600,10450,156025,1642582000,1129510095000,107572390
2013/10/24,10650,150,1.43,10500,10650,10450,103431,1090048700,1145645953500,107572390
2013/10/25,11000,350,3.29,10650,11000,10600,136946,1484350900,1183296290000,107572390
2013/10/28,11150,150,1.36,11000,11150,10850,132633,1467756500,1199432148500,107572390
2013/10/29,11050,-100,-0.90,11150,11250,11050,72769,812144750,1188674909500,107572390
2013/10/30,11000,-50,-0.45,11000,11150,11000,44902,496673450,1183296290000,107572390
2013/10/31,11250,250,2.27,11050,11250,11000,56642,631367950,1210189387500,107572390
2013/11/01,10900,-350,-3.11,11300,11300,10900,62097,684461500,1172539051000,107572390
2013/11/04,11000,100,0.92,10900,11050,10900,48229,528132200,1183296290000,107572390
2013/11/05,11150,150,1.36,11000,11150,10900,41169,456331850,1199432148500,107572390
2013/11/06,11100,-50,-0.45,11200,11300,11050,97626,1093464100,1194053529000,107572390
2013/11/07,11150,50,0.45,11150,11350,11000,83626,933348900,1199432148500,107572390
2013/11/08,11350,200,1.79,11200,11400,11050,95592,1081033750,1220946626500,107572390
2013/11/11,11200,-150,-1.32,11300,11300,11150,55532,625188400,1204810768000,107572390
2013/11/12,11150,-50,-0.45,11150,11250,11150,29112,326275300,1199432148500,107572390
2013/11/13,11250,100,0.90,11100,11250,11100,34870,391289500,1210189387500,107572390
2013/11/14,11350,100,0.89,11250,11450,11150,76665,868707750,1220946626500,107572390
2013/11/15,11400,50,0.44,11400,11450,11300,69588,790026322,1226325246000,107572390
2013/11/18,11450,50,0.44,11450,11500,11250,124238,1411395150,1231703865500,107572390
2013/11/19,11400,-50,-0.44,11450,11550,11300,86511,990451400,1226325246000,107572390
2013/11/20,11450,50,0.44,11450,11550,11350,82220,944094700,1231703865500,107572390
2013/11/21,11500,50,0.44,11400,11550,11400,48675,559807000,1237082485000,107572390
2013/11/22,11500,0,0.00,11450,11550,11400,41801,480578000,1237082485000,107572390
2013/11/25,11200,-300,-2.61,11550,11550,11200,85202,970138700,1204810768000,107572390
2013/11/26,11200,0,0.00,11250,11350,11100,50855,571285000,1204810768000,107572390
2013/11/27,11300,100,0.89,11300,11350,11150,74863,842210950,1215568007000,107572390
2013/11/28,11250,-50,-0.44,11300,11400,11150,49137,553856450,1210189387500,107572390
2013/11/29,11250,0,0.00,11250,11300,11150,76840,861772200,1210189387500,107572390
2013/12/02,11400,150,1.33,11200,12000,11200,164634,1883879100,1226325246000,107572390
2013/12/03,11300,-100,-0.88,11400,11400,11250,34572,391793100,1215568007000,107572390
2013/12/04,11350,50,0.44,11350,11400,11200,77085,869585250,1220946626500,107572390
2013/12/05,11400,50,0.44,11350,11450,11250,47532,539232800,1226325246000,107572390
2013/12/06,11300,-100,-0.88,11400,11500,11200,97669,1110153700,1215568007000,107572390
2013/12/09,11450,150,1.33,11350,11450,11250,53773,610863850,1231703865500,107572390
2013/12/10,11350,-100,-0.87,11400,11450,11350,40065,458091900,1220946626500,107572390
2013/12/11,11450,100,0.88,11300,11450,11300,47065,535244050,1231703865500,107572390
2013/12/12,11250,-200,-1.75,11450,11500,11250,60810,690872250,1210189387500,107572390
2013/12/13,11300,50,0.44,11250,11450,11000,75823,846405400,1215568007000,107572390
2013/12/16,10900,-400,-3.54,11300,11350,10900,75123,831851150,1172539051000,107572390
2013/12/17,11100,200,1.83,10950,11150,10950,60001,664679900,1194053529000,107572390
2013/12/18,11500,400,3.60,11050,11500,11050,76029,857470100,1237082485000,107572390
2013/12/19,11300,-200,-1.74,11500,11600,11300,69894,799245700,1215568007000,107572390
2013/12/20,10900,-400,-3.54,11300,11400,10900,83269,918521600,1172539051000,107572390
2013/12/23,11400,500,4.59,11000,11450,10950,111600,1249885750,1226325246000,107572390
2013/12/24,11450,50,0.44,11350,11500,11350,32299,369195550,1231703865500,107572390
2013/12/26,11350,-100,-0.87,11450,11450,11300,88234,1002674400,1220946626500,107572390
2013/12/27,11300,-50,-0.44,11300,11400,11250,43682,494578600,1215568007000,107572390
2013/12/30,11350,50,0.44,11250,11350,11200,28071,315993350,1220946626500,107572390
2014/01/02,11400,50,0.44,11400,11400,11200,39982,453009300,1226325246000,107572390
2014/01/03,11200,-200,-1.75,11400,11400,11100,74753,839784950,1204810768000,107572390
2014/01/06,11050,-150,-1.34,11300,11300,11050,40267,449461850,1188674909500,107572390
2014/01/07,11050,0,0.00,11050,11150,11050,30849,342387950,1188674909500,107572390
2014/01/08,11050,0,0.00,11100,11200,11050,24187,268640650,1188674909500,107572390
2014/01/09,11050,0,0.00,11100,11150,10950,66146,729380800,1188674909500,107572390
2014/01/10,11250,200,1.81,11000,11250,10950,93630,1035530500,1210189387500,107572390
2014/01/13,11250,0,0.00,11250,11300,11050,56492,630391450,1210189387500,107572390
2014/01/14,11200,-50,-0.44,11150,11250,11100,39292,438896400,1204810768000,107572390
2014/01/15,11150,-50,-0.45,11150,11300,11100,63011,705995650,1199432148500,107572390
2014/01/16,11150,0,0.00,11150,11250,11050,45392,507064300,1199432148500,107572390
2014/01/17,11050,-100,-0.90,11150,11250,11050,53899,600744000,1188674909500,107572390
2014/01/20,11250,200,1.81,11150,11300,11150,69309,777730500,1210189387500,107572390
2014/01/21,11400,150,1.33,11200,11400,11150,67612,764438550,1226325246000,107572390
2014/01/22,11350,-50,-0.44,11350,11350,11250,32631,368822350,1220946626500,107572390
2014/01/23,11350,0,0.00,11350,11350,11150,76052,854243600,1220946626500,107572390
2014/01/24,11350,0,0.00,11300,11400,11150,73808,831581300,1220946626500,107572390
2014/01/27,11200,-150,-1.32,11250,11250,11050,50186,560274200,1204810768000,107572390
2014/01/28,10900,-300,-2.68,11200,11250,10850,72144,792549150,1172539051000,107572390
2014/01/29,10850,-50,-0.46,10900,11000,10850,156119,1700757150,1167160431500,107572390
2014/02/03,10850,0,0.00,10850,10950,10800,68859,749485750,1167160431500,107572390
2014/02/04,10750,-100,-0.92,10800,10950,10700,115353,1249865750,1156403192500,107572390
2014/02/05,10800,50,0.47,10750,10850,10750,31570,340158850,1161781812000,107572390
2014/02/06,10900,100,0.93,10800,10950,10700,57586,622571800,1172539051000,107572390
2014/02/07,10750,-150,-1.38,10850,10950,10650,58102,623850400,1156403192500,107572390
2014/02/10,10600,-150,-1.40,10750,10750,10350,157723,1666082100,1140267334000,107572390
2014/02/11,10650,50,0.47,10600,10650,10550,17226,182698650,1145645953500,107572390
2014/02/12,10550,-100,-0.94,10650,10700,10500,44982,475273300,1134888714500,107572390
2014/02/13,10450,-100,-0.95,10600,10600,10400,42876,448299500,1124131475500,107572390
2014/02/14,10600,150,1.44,10400,10650,10350,53853,563396300,1140267334000,107572390
2014/02/17,10500,-100,-0.94,10650,10650,10400,52593,549896000,1129510095000,107572390
2014/02/18,10350,-150,-1.43,10450,10450,10250,77344,798262900,1113374236500,107572390
2014/02/19,10250,-100,-0.97,10300,10300,10200,46477,476832250,1102616997500,107572390
2014/02/20,10250,0,0.00,10200,10400,10200,30687,315974750,1102616997500,107572390
2014/02/21,10200,-50,-0.49,10300,10350,10150,74796,762571400,1097238378000,107572390
2014/02/24,10350,150,1.47,10250,10450,10200,60417,624580700,1113374236500,107572390
2014/02/25,10350,0,0.00,10300,10400,10200,136448,1402213050,1113374236500,107572390
2014/02/26,10050,-300,-2.90,10250,10300,10050,142230,1437462000,1081102519500,107572390
2014/02/27,10050,0,0.00,10050,10100,9990,60443,606595250,1081102519500,107572390
2014/02/28,10100,50,0.50,10050,10100,10000,63020,634012250,1086481139000,107572390
2014/03/03,10100,0,0.00,10100,10100,10050,40962,412854700,1086481139000,107572390
2014/03/04,10100,0,0.00,10050,10100,10000,54885,550575500,1086481139000,107572390
2014/03/05,10050,-50,-0.50,10150,10150,10000,55452,557913600,1081102519500,107572390
2014/03/06,10000,-50,-0.50,10050,10050,9970,71323,713499050,1075723900000,107572390
2014/03/07,10050,50,0.50,10000,10050,9980,115526,1155830200,1081102519500,107572390
2014/03/10,10050,0,0.00,10050,10100,9990,64365,645456850,1081102519500,107572390
2014/03/11,10000,-50,-0.50,10050,10100,10000,57043,571969550,1075723900000,107572390
2014/03/12,9990,-10,-0.10,10000,10050,9980,96267,962882130,1074648176100,107572390
2014/03/13,9920,-70,-0.70,9990,10000,9890,114569,1138487280,1067118108800,107572390
2014/03/14,9940,20,0.20,9900,10000,9890,111262,1106732140,1069269556600,107572390
2014/03/17,9850,-90,-0.91,9900,9930,9840,49932,493597150,1059588041500,107572390
2014/03/18,9830,-20,-0.20,9860,9900,9830,72007,710781470,1057436593700,107572390
2014/03/19,9820,-10,-0.10,9850,9880,9780,106996,1050801360,1056360869800,107572390
2014/03/20,9760,-60,-0.61,9820,9850,9760,54808,537935380,1049906526400,107572390
2014/03/21,9870,110,1.13,9800,10050,9720,183642,1820541540,1061739489300,107572390
2014/03/24,9880,10,0.10,9970,9980,9880,43040,426788900,1062815213200,107572390
2014/03/25,9860,-20,-0.20,9880,9970,9860,63022,624931510,1060663765400,107572390
2014/03/26,9920,60,0.61,9890,9950,9870,74759,740797940,1067118108800,107572390
2014/03/27,9880,-40,-0.40,9930,9990,9880,87184,865058070,1062815213200,107572390
2014/03/28,10050,170,1.72,9890,10100,9880,105331,1050505050,1081102519500,107572390
2014/03/31,10200,150,1.49,10050,10200,10000,122119,1237019300,1097238378000,107572390
2014/04/01,10350,150,1.47,10250,10400,10150,193703,1990325200,1113374236500,107572390
2014/04/02,10150,-200,-1.93,10300,10350,10150,138020,1412894050,1091859758500,107572390
2014/04/03,10050,-100,-0.99,10200,10300,10000,201483,2036623650,1081102519500,107572390
2014/04/04,10400,350,3.48,10050,10450,10050,134843,1389855250,1118752856000,107572390
2014/04/07,10200,-200,-1.92,10350,10400,10150,155558,1601582850,1097238378000,107572390
2014/04/08,10150,-50,-0.49,10200,10200,10100,97055,984468250,1091859758500,107572390
2014/04/09,10150,0,0.00,10150,10200,10000,137332,1383645800,1091859758500,107572390
2014/04/10,10100,-50,-0.49,10150,10200,10050,183756,1853740900,1086481139000,107572390
2014/04/11,10250,150,1.49,10050,10250,10000,154629,1570793550,1102616997500,107572390
2014/04/14,10200,-50,-0.49,10200,10300,10100,122528,1248994650,1097238378000,107572390
2014/04/15,10300,100,0.98,10250,10400,10200,180920,1863318900,1107995617000,107572390
2014/04/16,10350,50,0.49,10350,10400,10300,92123,955040050,1113374236500,107572390
2014/04/17,10250,-100,-0.97,10400,10400,10250,107125,1106489750,1102616997500,107572390
2014/04/18,10300,50,0.49,10250,10350,10250,60208,617849350,1107995617000,107572390
2014/04/21,10150,-150,-1.46,10250,10250,10000,195946,1975080150,1091859758500,107572390
2014/04/22,10200,50,0.49,10100,10200,10050,95019,964713900,1097238378000,107572390
2014/04/23,10000,-200,-1.96,10200,10200,9990,158886,1594799650,1075723900000,107572390
2014/04/24,10250,250,2.50,10050,10250,10000,106094,1074827950,1102616997500,107572390
2014/04/25,10050,-200,-1.95,10200,10250,10050,152172,1541949800,1081102519500,107572390
2014/04/28,10050,0,0.00,10050,10100,10000,98953,993712700,1081102519500,107572390
2014/04/29,10050,0,0.00,10100,10150,10000,78899,795210550,1081102519500,107572390
2014/04/30,10050,0,0.00,10150,10200,10050,94412,956626650,1081102519500,107572390
2014/05/02,10150,100,1.00,10100,10200,10050,80454,812671100,1091859758500,107572390
2014/05/07,10100,-50,-0.49,10150,10200,10000,209297,2112453200,1086481139000,107572390
2014/05/08,10000,-100,-0.99,10100,10100,9980,140497,1408903600,1075723900000,107572390
2014/05/09,10150,150,1.50,10000,10200,10000,64474,652614650,1091859758500,107572390
2014/05/12,10000,-150,-1.48,10150,10150,10000,146255,1466849000,1075723900000,107572390
2014/05/13,10100,100,1.00,10100,10150,10000,173998,1756032300,1086481139000,107572390
2014/05/14,10100,0,0.00,10100,10150,10000,284727,2873145200,1086481139000,107572390
2014/05/15,10200,100,0.99,10050,10200,10050,94314,958603800,1097238378000,107572390
2014/05/16,10200,0,0.00,10200,10250,10050,162026,1643275200,1097238378000,107572390
2014/05/19,10150,-50,-0.49,10150,10200,10100,160356,1626214350,1091859758500,107572390
2014/05/20,10150,0,0.00,10200,10200,10100,83532,845819300,1091859758500,107572390
2014/05/21,10150,0,0.00,10150,10150,10050,115911,1169407650,1091859758500,107572390
2014/05/22,10200,50,0.49,10150,10200,10050,244021,2476119700,1097238378000,107572390
2014/05/23,10000,-200,-1.96,10150,10250,10000,528032,5330624100,1075723900000,107572390
2014/05/26,10050,50,0.50,10050,10050,9990,90589,908698300,1081102519500,107572390
2014/05/27,10050,0,0.00,10050,10100,10000,126822,1274255600,1081102519500,107572390
2014/05/28,10050,0,0.00,10050,10100,10000,181478,1820690300,1081102519500,107572390
2014/05/29,9990,-60,-0.60,10050,10050,9950,355594,3551588360,1074648176100,107572390
2014/05/30,10050,60,0.60,10050,10150,10000,333201,3357624550,1081102519500,107572390
2014/06/02,10200,150,1.49,10050,10200,10050,158771,1610411350,1097238378000,107572390
2014/06/03,10100,-100,-0.98,10200,10200,10000,1751506,17434413600,1086481139000,107572390
2014/06/05,10150,50,0.50,10150,10250,10050,314844,3197133150,1091859758500,107572390
2014/06/09,10000,-150,-1.48,10150,10150,10000,276703,2781569250,1075723900000,107572390
2014/06/10,10100,100,1.00,10050,10100,10000,215675,2166260900,1086481139000,107572390
2014/06/11,10200,100,0.99,10100,10300,10050,242041,2471286800,1097238378000,107572390
2014/06/12,10050,-150,-1.47,10150,10150,10050,169926,1711878400,1081102519500,107572390
2014/06/13,10100,50,0.50,10050,10200,10050,261526,2645632400,1086481139000,107572390
2014/06/16,10200,100,0.99,10100,10200,10050,103834,1052403700,1097238378000,107572390
2014/06/17,10000,-200,-1.96,10150,10200,9960,317048,3180524610,1075723900000,107572390
2014/06/18,9940,-60,-0.60,10000,10050,9840,221781,2198171420,1069269556600,107572390
2014/06/19,9940,0,0.00,9970,10050,9850,193979,1926917280,1069269556600,107572390
2014/06/20,9860,-80,-0.80,9950,9950,9760,199471,1962272330,1060663765400,107572390
2014/06/23,9790,-70,-0.71,9860,9930,9480,127371,1247988530,1053133698100,107572390
2014/06/24,9700,-90,-0.92,9750,9800,9630,124144,1201947110,1043452183000,107572390
2014/06/25,9720,20,0.21,9700,9780,9640,140975,1365100880,1045603630800,107572390
2014/06/26,9660,-60,-0.62,9680,9720,9570,147511,1421653570,1039149287400,107572390
2014/06/27,9690,30,0.31,9660,9700,9620,93107,899155350,1042376459100,107572390
2014/06/30,9730,40,0.41,9730,9730,9650,79253,768028550,1046679354700,107572390
2014/07/01,9960,230,2.36,10000,10050,9910,269127,2683233960,1071421004400,107572390
2014/07/02,10000,40,0.40,9960,10100,9950,207861,2079843040,1075723900000,107572390
2014/07/03,10050,50,0.50,10000,10150,9990,282652,2837095380,1081102519500,107572390
2014/07/04,10050,0,0.00,10100,10150,10000,154443,1550913400,1081102519500,107572390
2014/07/07,10050,0,0.00,10050,10050,9990,170873,1710235140,1081102519500,107572390
2014/07/08,10000,-50,-0.50,9980,10050,9980,159561,1596902030,1075723900000,107572390
2014/07/09,9950,-50,-0.50,10000,10000,9900,176834,1761962630,1070345280500,107572390
2014/07/10,10000,50,0.50,9950,10050,9950,142090,1418452600,1075723900000,107572390
2014/07/11,10050,50,0.50,9990,10050,9970,77846,780132980,1081102519500,107572390
2014/07/14,10100,50,0.50,10050,10150,9980,330973,3331309260,1086481139000,107572390
2014/07/15,10100,0,0.00,10100,10200,10050,161786,1638133650,1086481139000,107572390
2014/07/16,10150,50,0.50,10100,10150,10050,209459,2122036500,1091859758500,107572390
2014/07/17,10000,-150,-1.48,10150,10150,10000,282821,2846260400,1075723900000,107572390
2014/07/18,9960,-40,-0.40,10000,10050,9930,186847,1864899450,1071421004400,107572390
2014/07/21,10000,40,0.40,9970,10050,9960,75247,751981000,1075723900000,107572390
2014/07/22,9990,-10,-0.10,9970,10050,9970,191788,1915611240,1074648176100,107572390
2014/07/23,9970,-20,-0.20,10000,10000,9960,147708,1474432550,1072496728300,107572390
2014/07/24,9990,20,0.20,9980,9990,9930,169892,1691606520,1074648176100,107572390
2014/07/25,9980,-10,-0.10,9990,10000,9930,51276,511244310,1073572452200,107572390
2014/07/28,9970,-10,-0.10,9990,9990,9940,133592,1329031190,1072496728300,107572390
2014/07/29,9940,-30,-0.30,9960,10000,9930,262466,2616797700,1069269556600,107572390
2014/07/30,10100,160,1.61,9970,10100,9940,859322,8616192520,1086481139000,107572390
2014/07/31,10050,-50,-0.50,10100,10100,9970,968718,9714066320,1081102519500,107572390
2014/08/01,10000,-50,-0.50,9950,10050,9950,614018,6141765380,1075723900000,107572390
2014/08/04,10100,100,1.00,10050,10100,9980,299668,3004718950,1086481139000,107572390
2014/08/05,10450,350,3.47,10100,10450,10050,732336,7524949800,1124131475500,107572390
2014/08/06,10550,100,0.96,10450,10650,10350,792561,8357717700,1134888714500,107572390
2014/08/07,11000,450,4.27,10550,11100,10550,3286494,34270496800,1183296290000,107572390
2014/08/08,11000,0,0.00,11000,11050,10850,298903,3277050700,1183296290000,107572390
2014/08/11,10850,-150,-1.36,11150,11200,10750,395146,4320092050,1167160431500,107572390
2014/08/12,10900,50,0.46,10900,10950,10600,332663,3600944850,1172539051000,107572390
2014/08/13,11000,100,0.92,10900,11300,10900,710361,7844472650,1183296290000,107572390
2014/08/14,11200,200,1.82,11050,11300,11050,305900,3416013950,1204810768000,107572390
2014/08/18,10950,-250,-2.23,11250,11300,10900,287693,3184532600,1177917670500,107572390
2014/08/19,11150,200,1.83,11050,11200,10950,195673,2171249900,1199432148500,107572390
2014/08/20,11050,-100,-0.90,11150,11150,10950,188868,2092386400,1188674909500,107572390
2014/08/21,11050,0,0.00,11150,11400,11000,407149,4540447050,1188674909500,107572390
2014/08/22,11000,-50,-0.45,11150,11200,11000,324405,3592692900,1183296290000,107572390
2014/08/25,11050,50,0.45,11100,11100,10900,223871,2463305300,1188674909500,107572390
2014/08/26,11200,150,1.36,11050,11200,11000,320837,3561421200,1204810768000,107572390
2014/08/27,11300,100,0.89,11250,11500,11150,372166,4214820000,1215568007000,107572390
2014/08/28,11350,50,0.44,11350,11450,11250,204221,2314219250,1220946626500,107572390
2014/08/29,11400,50,0.44,11350,11550,11350,280595,3221251200,1226325246000,107572390
2014/09/01,11350,-50,-0.44,11400,11500,11250,174457,1978334500,1220946626500,107572390
2014/09/02,11300,-50,-0.44,11300,11350,11150,142395,1600069700,1215568007000,107572390
2014/09/03,11150,-150,-1.33,11350,11350,11050,249386,2782161150,1199432148500,107572390
2014/09/04,11100,-50,-0.45,11150,11250,11050,193121,2148944100,1194053529000,107572390
2014/09/05,11500,400,3.60,11200,11600,11100,300591,3411163850,1237082485000,107572390
2014/09/11,11750,250,2.17,11600,12050,11500,330910,3891439200,1263975582500,107572390
2014/09/12,11800,50,0.43,11750,11850,11450,360901,4199890800,1269354202000,107572390
2014/09/15,11550,-250,-2.12,11800,11800,11550,209851,2435786000,1242461104500,107572390
2014/09/16,11650,100,0.87,11600,11750,11500,331055,3850723700,1253218343500,107572390
2014/09/17,11550,-100,-0.86,11650,11700,11500,157804,1830318800,1242461104500,107572390
2014/09/18,11450,-100,-0.87,11550,11650,11350,421716,4849388710,1231703865500,107572390
2014/09/19,11600,150,1.31,11500,11700,11450,274220,3164454250,1247839724000,107572390
2014/09/22,11650,50,0.43,11650,11850,11550,183150,2133570600,1253218343500,107572390
2014/09/23,11550,-100,-0.86,11600,11700,11500,224408,2596871200,1242461104500,107572390
2014/09/24,11550,0,0.00,11650,11700,11400,356698,4106733100,1242461104500,107572390
2014/09/25,11500,-50,-0.43,11500,11600,11450,130003,1493374050,1237082485000,107572390
2014/09/26,11500,0,0.00,11500,11650,11400,232148,2686101150,1237082485000,107572390
2014/09/29,11550,50,0.43,11500,11600,11450,160601,1846340800,1242461104500,107572390
2014/09/30,11450,-100,-0.87,11550,11550,11400,132145,1516423250,1231703865500,107572390
2014/10/01,11150,-300,-2.62,11450,11500,11100,181578,2043829650,1199432148500,107572390
2014/10/02,11250,100,0.90,11100,11300,10850,126930,1403169150,1210189387500,107572390
2014/10/06,11200,-50,-0.44,11300,11400,11000,123280,1383909300,1204810768000,107572390
2014/10/07,11350,150,1.34,11150,11450,11150,85301,967010050,1220946626500,107572390
2014/10/08,11350,0,0.00,11300,11450,11200,65660,745428350,1220946626500,107572390
2014/10/10,11350,0,0.00,11450,11500,11250,115724,1318289550,1220946626500,107572390
2014/10/13,11250,-100,-0.88,11450,11500,11250,112062,1268853550,1210189387500,107572390
2014/10/14,11450,200,1.78,11200,11550,11200,122054,1398452100,1231703865500,107572390
2014/10/15,11550,100,0.87,11450,11650,11400,164249,1892498900,1242461104500,107572390
2014/10/16,11200,-350,-3.03,11500,11550,11100,160135,1803118400,1204810768000,107572390
2014/10/17,11050,-150,-1.34,11250,11250,10900,154753,1707740400,1188674909500,107572390
2014/10/20,11000,-50,-0.45,11100,11200,10950,111589,1230062825,1183296290000,107572390
2014/10/21,11100,100,0.91,11000,11150,10950,52925,584457350,1194053529000,107572390
2014/10/22,11100,0,0.00,11050,11150,11000,83949,927545600,1194053529000,107572390
2014/10/23,11200,100,0.90,11100,11200,11050,55955,624181050,1204810768000,107572390
2014/10/24,11200,0,0.00,11200,11200,11100,60257,672284850,1204810768000,107572390
2014/10/27,11150,-50,-0.45,11200,11250,10800,430074,4776806900,1199432148500,107572390
2014/10/28,11250,100,0.90,11150,11300,11050,100287,1120534900,1210189387500,107572390
2014/10/29,11200,-50,-0.44,11200,11300,10950,226034,2517484750,1204810768000,107572390
2014/10/30,11350,150,1.34,11300,11500,11150,261899,2969931650,1220946626500,107572390
2014/10/31,11600,250,2.20,11400,11600,11300,119530,1375810750,1247839724000,107572390
2014/11/03,11600,0,0.00,11600,11700,11400,208370,2416673650,1247839724000,107572390
2014/11/04,11500,-100,-0.86,11600,11650,11250,351016,4035600850,1237082485000,107572390
2014/11/05,11500,0,0.00,11550,11650,11450,80985,933858250,1237082485000,107572390
2014/11/06,11550,50,0.43,11500,11600,11250,268449,3065093350,1242461104500,107572390
2014/11/07,11600,50,0.43,11550,11600,11400,113792,1311612150,1247839724000,107572390
2014/11/10,11500,-100,-0.86,11600,11600,11300,272745,3138183050,1237082485000,107572390
2014/11/11,11550,50,0.43,11600,11800,11450,311837,3625674450,1242461104500,107572390
2014/11/12,11900,350,3.03,11600,11900,11550,516392,6053254800,1280111441000,107572390
2014/11/13,11650,-250,-2.10,11800,11900,11600,268489,3138322050,1253218343500,107572390
2014/11/14,11700,50,0.43,11750,11900,11650,245606,2883976650,1258596963000,107572390
2014/11/17,11550,-150,-1.28,11700,11800,11450,171351,1978775650,1242461104500,107572390
2014/11/18,11650,100,0.87,11550,11650,11500,197384,2289680050,1253218343500,107572390
2014/11/19,11400,-250,-2.15,11550,11700,11350,99528,1146082950,1226325246000,107572390
2014/11/20,11300,-100,-0.88,11350,11450,11250,173538,1961386850,1215568007000,107572390
2014/11/21,11400,100,0.88,11300,11400,11250,68405,776056400,1226325246000,107572390
2014/11/24,11400,0,0.00,11400,11450,11250,177395,2018731100,1226325246000,107572390
2014/11/25,11400,0,0.00,11400,11500,11100,348455,3926107800,1226325246000,107572390
2014/11/26,11350,-50,-0.44,11400,11550,11350,296092,3388587500,1220946626500,107572390
2014/11/27,11450,100,0.88,11350,11550,11300,277782,3190201650,1231703865500,107572390
2014/11/28,11500,50,0.44,11400,11500,11100,443120,5008430100,1237082485000,107572390
2014/12/01,11500,0,0.00,11500,11550,11400,241225,2773048650,1237082485000,107572390
2014/12/02,11500,0,0.00,11500,11550,11400,240360,2763125200,1237082485000,107572390
2014/12/03,11250,-250,-2.17,11550,11600,11200,165668,1877146850,1210189387500,107572390
2014/12/04,11050,-200,-1.78,11250,11300,10950,234253,2593197450,1188674909500,107572390
2014/12/05,11050,0,0.00,11000,11150,10950,233594,2579784150,1188674909500,107572390
2014/12/08,11150,100,0.90,11150,11150,10850,265329,2922524150,1199432148500,107572390
2014/12/09,11150,0,0.00,11150,11300,10900,294212,3271895150,1199432148500,107572390
2014/12/10,11150,0,0.00,11250,11250,10950,207661,2303008700,1199432148500,107572390
2014/12/11,11000,-150,-1.35,11100,11200,11000,187320,2082808550,1183296290000,107572390
2014/12/12,11150,150,1.36,11000,11300,10950,239566,2676533200,1199432148500,107572390
2014/12/15,11050,-100,-0.90,11150,11150,11000,104764,1161754650,1188674909500,107572390
2014/12/16,11200,150,1.36,11050,11200,10950,157858,1760628400,1204810768000,107572390
2014/12/17,11200,0,0.00,11200,11250,11100,190651,2133110950,1204810768000,107572390
2014/12/18,11000,-200,-1.79,11250,11250,11000,107710,1194598150,1183296290000,107572390
2014/12/19,10900,-100,-0.91,11000,11150,10850,180903,1978148650,1172539051000,107572390
2014/12/22,10900,0,0.00,11000,11000,10800,173473,1890987400,1172539051000,107572390
2014/12/23,11100,200,1.83,10900,11300,10900,163550,1818051800,1194053529000,107572390
2014/12/24,11000,-100,-0.90,11150,11200,10950,122287,1353421200,1183296290000,107572390
2014/12/26,11050,50,0.45,11050,11100,10850,189388,2083755000,1188674909500,107572390
2014/12/29,11000,-50,-0.45,10800,11100,10600,415646,4528971750,1183296290000,107572390
2014/12/30,10750,-250,-2.27,11050,11050,10750,144711,1568828050,1156403192500,107572390
2015/01/02,10750,0,0.00,10800,10800,10450,223395,2375323200,1156403192500,107572390
2015/01/05,10800,50,0.47,10650,10800,10600,86958,929177300,1161781812000,107572390
2015/01/06,10750,-50,-0.46,10700,10800,10300,382163,4044098900,1156403192500,107572390
2015/01/07,10550,-200,-1.86,10650,10650,10400,291032,3061763900,1134888714500,107572390
2015/01/08,10650,100,0.95,10550,10650,10550,87001,921500900,1145645953500,107572390
2015/01/09,10600,-50,-0.47,10650,10650,10500,95090,1004745300,1140267334000,107572390
2015/01/12,10500,-100,-0.94,10450,10600,10250,298544,3115983650,1129510095000,107572390
2015/01/13,10400,-100,-0.95,10450,10500,10350,106589,1109216950,1118752856000,107572390
2015/01/14,10550,150,1.44,10400,10550,10350,201170,2100549750,1134888714500,107572390
2015/01/15,10700,150,1.42,10450,10700,10400,173327,1838442800,1151024573000,107572390
2015/01/16,10450,-250,-2.34,10650,10750,10400,211622,2225460700,1124131475500,107572390
2015/01/19,10500,50,0.48,10450,10600,10450,88622,931124600,1129510095000,107572390
2015/01/20,10600,100,0.95,10550,10600,10500,74403,785283700,1140267334000,107572390
2015/01/21,10850,250,2.36,10600,10900,10550,159232,1703205500,1167160431500,107572390
2015/01/22,10800,-50,-0.46,10900,10900,10700,162854,1762184850,1161781812000,107572390
2015/01/23,10750,-50,-0.46,10900,10900,10650,105567,1136841400,1156403192500,107572390
2015/01/26,10550,-200,-1.86,10800,10800,10550,43422,460798050,1134888714500,107572390
2015/01/27,10550,0,0.00,10600,10650,10500,64881,684161950,1134888714500,107572390
2015/01/28,10550,0,0.00,10450,10600,10450,91351,961715600,1134888714500,107572390
2015/01/29,10700,150,1.42,10550,10750,10500,128831,1371928500,1151024573000,107572390
2015/01/30,11000,300,2.80,10750,11200,10750,367945,4024798550,1183296290000,107572390
2015/02/02,11250,250,2.27,11050,11300,10850,297366,3283670400,1210189387500,107572390
2015/02/03,11800,550,4.89,11150,12000,11050,657139,7491372650,1269354202000,107572390
2015/02/04,12500,700,5.93,11900,12850,11850,1210500,14999339850,1344654875000,107572390
2015/02/05,11800,-700,-5.60,13200,13450,11600,1782567,21942467550,1269354202000,107572390
2015/02/06,12100,300,2.54,12050,12250,11800,579445,6989673750,1301625919000,107572390
2015/02/09,11500,-600,-4.96,12000,12350,11500,417417,4958985350,1237082485000,107572390
2015/02/10,11750,250,2.17,11300,11800,11300,310040,3588275950,1263975582500,107572390
2015/02/11,12050,300,2.55,11800,12300,11750,539627,6546619050,1296247299500,107572390
2015/02/12,11800,-250,-2.07,12200,12200,11750,335256,3998989200,1269354202000,107572390
2015/02/13,12600,800,6.78,11850,12600,11350,1240862,14974683200,1355412114000,107572390
2015/02/16,11500,-1100,-8.73,12150,12150,11500,911079,10741292000,1237082485000,107572390
2015/02/17,11850,350,3.04,11500,12200,11400,594861,6992490300,1274732821500,107572390
2015/02/23,11800,-50,-0.42,12050,12050,11650,440622,5193339400,1269354202000,107572390
2015/02/24,11800,0,0.00,11700,11800,11600,335593,3918228800,1269354202000,107572390
2015/02/25,11750,-50,-0.42,11850,11900,11650,320753,3760887200,1263975582500,107572390
2015/02/26,11800,50,0.43,11800,11850,11500,536984,6272078850,1269354202000,107572390
2015/02/27,11900,100,0.85,11850,11950,11650,476360,5636996450,1280111441000,107572390
2015/03/02,11750,-150,-1.26,11900,11950,11650,475245,5581735950,1263975582500,107572390
2015/03/03,11750,0,0.00,11700,11800,11650,242447,2842300900,1263975582500,107572390
2015/03/04,11600,-150,-1.28,11750,11800,11600,219022,2556948050,1247839724000,107572390
2015/03/05,11700,100,0.86,11600,11750,11550,159671,1868887300,1258596963000,107572390
2015/03/06,11450,-250,-2.14,11750,11750,11450,227016,2629381850,1231703865500,107572390
2015/03/09,11550,100,0.87,11450,11600,11350,272070,3125614650,1242461104500,107572390
2015/03/10,11400,-150,-1.30,11600,11600,11350,135204,1543669050,1226325246000,107572390
2015/03/11,11500,100,0.88,11400,11750,11250,332013,3829271550,1237082485000,107572390
2015/03/12,11750,250,2.17,11650,11800,11450,309156,3587705650,1263975582500,107572390
2015/03/13,11850,100,0.85,11750,11850,11550,159057,1863266000,1274732821500,107572390
2015/03/16,11800,-50,-0.42,11850,11900,11750,131117,1553310200,1269354202000,107572390
2015/03/17,11800,0,0.00,11900,12000,11750,150113,1780398600,1269354202000,107572390
2015/03/18,11700,-100,-0.85,11800,11850,11700,133786,1572058100,1258596963000,107572390
2015/03/19,11700,0,0.00,11800,11850,11550,242441,2829882600,1258596963000,107572390
2015/03/20,12300,600,5.13,11800,12300,11650,444782,5361286950,1323140397000,107572390
2015/03/23,12050,-250,-2.03,12300,12350,11850,181789,2192212500,1296247299500,107572390
2015/03/24,11800,-250,-2.07,12000,12050,11700,226277,2668946950,1269354202000,107572390
2015/03/25,11800,0,0.00,11800,11900,11700,214073,2527288100,1269354202000,107572390
2015/03/26,11500,-300,-2.54,11800,11800,11450,216427,2507904600,1237082485000,107572390
2015/03/27,11450,-50,-0.43,11500,11650,11350,148574,1704150150,1231703865500,107572390
2015/03/30,11700,250,2.18,11450,11750,11400,107665,1255979500,1258596963000,107572390
2015/03/31,11600,-100,-0.85,11700,11800,11550,220119,2570806950,1247839724000,107572390
2015/04/01,11850,250,2.16,11700,12150,11700,293996,3527166600,1274732821500,107572390
2015/04/02,12100,250,2.11,12050,12200,11900,227626,2734455800,1301625919000,107572390
2015/04/03,12250,150,1.24,12100,12250,12000,191542,2328217600,1317761777500,107572390
2015/04/06,12000,-250,-2.04,12250,12250,12000,108380,1314401950,1290868680000,107572390
2015/04/07,12150,150,1.25,12000,12300,11900,126739,1532555450,1307004538500,107572390
2015/04/08,12550,400,3.29,12250,12600,12150,304544,3796771400,1350033494500,107572390
2015/04/09,12900,350,2.79,12550,13000,12550,449516,5784963250,1387683831000,107572390
2015/04/10,12750,-150,-1.16,13000,13000,12550,230082,2922698350,1371547972500,107572390
2015/04/13,12550,-200,-1.57,12800,12800,12550,244609,3097465100,1350033494500,107572390
2015/04/14,12600,50,0.40,12550,12850,12450,277916,3517848900,1355412114000,107572390
2015/04/15,12600,0,0.00,12600,12700,12550,172478,2177509550,1355412114000,107572390
2015/04/16,12650,50,0.40,12700,12750,12550,190184,2405292800,1360790733500,107572390
2015/04/17,12550,-100,-0.79,12650,12700,12400,351222,4403259650,1350033494500,107572390
2015/04/20,12250,-300,-2.39,12500,12550,12200,392080,4824807250,1317761777500,107572390
2015/04/21,12600,350,2.86,12350,12800,12250,480882,6015093600,1355412114000,107572390
2015/04/22,12700,100,0.79,12600,12800,12350,377519,4732480607,1366169353000,107572390
2015/04/23,13100,400,3.15,12750,13100,12600,402914,5195997250,1409198309000,107572390
2015/04/24,13850,750,5.73,13450,13850,13250,491484,6681038850,1489877601500,107572390
2015/04/27,13650,-200,-1.44,14000,14050,13500,363936,5012900000,1468363123500,107572390
2015/04/28,13650,0,0.00,13600,13800,13350,173844,2373811500,1468363123500,107572390
2015/04/29,13600,-50,-0.37,13600,13700,13400,184078,2494631150,1462984504000,107572390
2015/04/30,14750,1150,8.46,13400,14750,13400,555835,7816588000,1586692752500,107572390
2015/05/04,14050,-700,-4.75,14600,14700,14050,253652,3622776700,1511392079500,107572390
2015/05/06,14200,150,1.07,13850,14600,13850,321263,4589087300,1527527938000,107572390
2015/05/07,14650,450,3.17,14150,14750,13850,400601,5803572050,1575935513500,107572390
2015/05/08,14400,-250,-1.71,14600,14700,14300,139565,2019216900,1549042416000,107572390
2015/05/11,14250,-150,-1.04,14650,14650,14150,140972,2015557350,1532906557500,107572390
2015/05/12,14400,150,1.05,14250,14650,14200,205331,2959535800,1549042416000,107572390
2015/05/13,14750,350,2.43,14300,14800,14250,301243,4416900500,1586692752500,107572390
2015/05/14,14500,-250,-1.69,14750,14800,14400,164561,2399187000,1559799655000,107572390
2015/05/15,14100,-400,-2.76,14500,14600,14050,148678,2115901700,1516770699000,107572390
2015/05/18,14200,100,0.71,13950,14200,13750,161140,2245044900,1527527938000,107572390
2015/05/19,13950,-250,-1.76,14200,14250,13700,144228,2027119350,1500634840500,107572390
2015/05/20,14050,100,0.72,13700,14050,13150,440887,5968152900,1511392079500,107572390
2015/05/21,13600,-450,-3.20,13900,13900,13550,124918,1705206450,1462984504000,107572390
2015/05/22,14000,400,2.94,13500,14100,13500,192827,2676699000,1506013460000,107572390
2015/05/26,14500,500,3.57,14100,14500,14000,211144,3014561050,1559799655000,107572390
2015/05/27,14400,-100,-0.69,14500,14750,13700,409728,5842163700,1549042416000,107572390
2015/05/28,14550,150,1.04,14400,14600,14150,178772,2584256350,1565178274500,107572390
2015/05/29,14450,-100,-0.69,14250,15000,14200,518648,7544949900,1554421035500,107572390
2015/06/01,14700,250,1.73,14450,14750,14350,165173,2411333650,1581314133000,107572390
2015/06/02,14000,-700,-4.76,14550,14650,14000,225039,3197551800,1506013460000,107572390
2015/06/03,14000,0,0.00,13900,14250,13900,123167,1733732400,1506013460000,107572390
2015/06/04,13900,-100,-0.71,14050,14300,13750,122946,1712389400,1495256221000,107572390
2015/06/05,14000,100,0.72,13700,14050,13650,71520,994123100,1506013460000,107572390
2015/06/08,13900,-100,-0.71,13800,13900,13500,87197,1195813250,1495256221000,107572390
2015/06/09,13900,0,0.00,13900,14050,13800,69494,967928900,1495256221000,107572390
2015/06/10,14150,250,1.80,14050,14500,13900,352826,5146169900,1522149318500,107572390
2015/06/11,14300,150,1.06,16250,16250,13400,9350701,143829000250,1538285177000,107572390
2015/06/12,14100,-200,-1.40,14150,14450,13300,1318352,18302689600,1516770699000,107572390
2015/06/15,13700,-400,-2.84,13750,14300,13600,621090,8667665550,1473741743000,107572390
2015/06/16,13900,200,1.46,13750,14150,13550,374238,5181573050,1495256221000,107572390
2015/06/17,13900,0,0.00,14000,14050,13550,361273,4986627300,1495256221000,107572390
2015/06/18,14550,650,4.68,14100,14750,13850,521335,7526978050,1565178274500,107572390
2015/06/19,14750,200,1.37,14550,15250,14300,432354,6451555200,1586692752500,107572390
2015/06/22,14650,-100,-0.68,14650,15150,14350,341912,5025973450,1575935513500,107572390
2015/06/23,15150,500,3.41,14700,15200,14450,306623,4592107450,1629721708500,107572390
2015/06/24,15300,150,0.99,15100,15550,14850,351669,5355511200,1645857567000,107572390
2015/06/25,15150,-150,-0.98,15050,15500,15000,180335,2750257500,1629721708500,107572390
2015/06/26,15350,200,1.32,15150,15550,15100,181542,2798566200,1651236186500,107572390
2015/06/29,14750,-600,-3.91,14950,15200,14650,195475,2916338250,1586692752500,107572390
2015/06/30,15250,500,3.39,14600,15300,14550,159781,2402350250,1640478947500,107572390
2015/07/01,14850,-400,-2.62,15400,15400,14850,162079,2437569300,1597449991500,107572390
2015/07/02,15050,200,1.35,14750,15150,14750,237974,3561861350,1618964469500,107572390
2015/07/03,15000,-50,-0.33,15050,15100,14950,109140,1639487300,1613585850000,107572390
2015/07/06,14400,-600,-4.00,14600,14850,14400,153622,2245373200,1549042416000,107572390
2015/07/07,14750,350,2.43,14450,15100,14450,195348,2894367500,1586692752500,107572390
2015/07/08,14450,-300,-2.03,14700,14950,14400,196108,2864600700,1554421035500,107572390
2015/07/09,14050,-400,-2.77,14300,14400,13850,205830,2908097150,1511392079500,107572390
2015/07/10,14200,150,1.07,14050,14300,14000,91057,1289556550,1527527938000,107572390
2015/07/13,14350,150,1.06,14150,14450,14100,87687,1252169400,1543663796500,107572390
2015/07/14,14350,0,0.00,14200,14500,14000,164943,2338283750,1543663796500,107572390
2015/07/15,13850,-500,-3.48,14250,14450,13800,201610,2826126150,1489877601500,107572390
2015/07/16,14050,200,1.44,13900,14100,13800,69456,973244100,1511392079500,107572390
2015/07/17,13900,-150,-1.07,14150,14150,13850,83962,1172191850,1495256221000,107572390
2015/07/20,13750,-150,-1.08,13650,13900,13550,185313,2537156700,1479120362500,107572390
2015/07/21,14500,750,5.45,14100,14500,14000,205472,2925910450,1559799655000,107572390
2015/07/22,14150,-350,-2.41,14200,14450,14100,167506,2392689750,1522149318500,107572390
2015/07/23,14150,0,0.00,14200,14200,13900,105746,1491519500,1522149318500,107572390
2015/07/24,14100,-50,-0.35,14150,14250,13900,82890,1162602650,1516770699000,107572390
2015/07/27,14200,100,0.71,13950,14200,13850,110655,1558336300,1527527938000,107572390
2015/07/28,14250,50,0.35,14250,14300,13950,93454,1319626250,1532906557500,107572390
2015/07/29,14250,0,0.00,14300,14450,14100,67766,968101200,1532906557500,107572390
2015/07/30,14900,650,4.56,14300,14950,14000,262717,3835222500,1602828611000,107572390
2015/07/31,15250,350,2.35,15000,15250,14650,315437,4759558450,1640478947500,107572390
2015/08/03,14950,-300,-1.97,15200,15400,14900,115697,1753722800,1608207230500,107572390
2015/08/04,14850,-100,-0.67,14950,15100,14800,174634,2606297700,1597449991500,107572390
2015/08/05,14700,-150,-1.01,14950,15100,14650,118518,1757111100,1581314133000,107572390
2015/08/06,14550,-150,-1.02,14700,14850,14550,111725,1638711750,1565178274500,107572390
2015/08/07,14550,0,0.00,14400,14800,14400,74125,1084351750,1565178274500,107572390
2015/08/10,14700,150,1.03,14550,14750,14450,76163,1109352250,1581314133000,107572390
2015/08/11,14550,-150,-1.02,14750,14750,14500,67904,993805900,1565178274500,107572390
2015/08/12,14750,200,1.37,14550,14850,14300,207389,3025181900,1586692752500,107572390
2015/08/13,15400,650,4.41,14800,15850,14750,468028,7215682050,1656614806000,107572390
2015/08/17,15600,200,1.30,15400,15750,15150,349684,5448537650,1678129284000,107572390
2015/08/18,15400,-200,-1.28,15550,15800,15300,164933,2551402300,1656614806000,107572390
2015/08/19,15200,-200,-1.30,15200,15400,14550,240892,3598802650,1635100328000,107572390
2015/08/20,14900,-300,-1.97,14600,15200,14600,186476,2769993400,1602828611000,107572390
2015/08/21,14500,-400,-2.68,14350,14750,14350,247215,3590649600,1559799655000,107572390
2015/08/24,14200,-300,-2.07,14400,14600,13750,207205,2947994900,1527527938000,107572390
2015/08/25,14150,-50,-0.35,14200,14600,14000,190113,2722937450,1522149318500,107572390
2015/08/26,14500,350,2.47,14250,14550,14150,132066,1893579400,1559799655000,107572390
2015/08/27,14950,450,3.10,14750,15100,14350,170317,2509912650,1608207230500,107572390
2015/08/28,14800,-150,-1.00,14950,15000,14650,170644,2519223625,1592071372000,107572390
2015/08/31,15000,200,1.35,14700,15000,14500,117038,1728135100,1613585850000,107572390
2015/09/01,14950,-50,-0.33,15000,15150,14850,119151,1780918800,1608207230500,107572390
2015/09/02,14900,-50,-0.33,14950,14950,14700,135075,2004110050,1602828611000,107572390
2015/09/03,14350,-550,-3.69,14950,14950,14350,205674,3022664125,1543663796500,107572390
2015/09/04,13800,-550,-3.83,14400,14750,13450,317481,4414736800,1484498982000,107572390
2015/09/07,13850,50,0.36,13650,13900,13050,513825,6894853600,1489877601500,107572390
2015/09/08,13850,0,0.00,13300,13900,13200,335341,4565619000,1489877601500,107572390
2015/09/09,14400,550,3.97,14100,14400,13650,195314,2746811800,1549042416000,107572390
2015/09/10,14650,250,1.74,14400,14750,14300,196299,2856219350,1575935513500,107572390
2015/09/11,14400,-250,-1.71,14450,14600,14150,112851,1615741050,1549042416000,107572390
2015/09/14,14750,350,2.43,14500,14750,14400,168690,2458449850,1586692752500,107572390
2015/09/15,14500,-250,-1.69,14600,14850,14400,76539,1117166750,1559799655000,107572390
2015/09/16,14250,-250,-1.72,14500,14550,14050,183407,2607864500,1532906557500,107572390
2015/09/17,14500,250,1.75,14350,14650,14300,150318,2178235800,1559799655000,107572390
2015/09/18,14750,250,1.72,14600,14750,14250,186404,2696694900,1586692752500,107572390
2015/09/21,14650,-100,-0.68,14600,14700,14350,86828,1259271100,1575935513500,107572390
2015/09/22,14450,-200,-1.37,14650,14650,14300,115072,1664604100,1554421035500,107572390
2015/09/23,14400,-50,-0.35,14400,14550,14300,159425,2295332000,1549042416000,107572390
2015/09/24,14350,-50,-0.35,14400,14550,14250,125767,1806754550,1543663796500,107572390
2015/09/25,14200,-150,-1.05,14300,14450,14050,74785,1059468750,1527527938000,107572390
2015/09/30,14200,0,0.00,14150,14500,14100,133057,1907063250,1527527938000,107572390
2015/10/01,14400,200,1.41,14300,14500,14250,86065,1241502300,1549042416000,107572390
2015/10/02,14500,100,0.69,14450,14550,14400,59826,865529550,1559799655000,107572390
2015/10/05,14250,-250,-1.72,14400,14400,14200,46645,667122950,1532906557500,107572390
2015/10/06,14300,50,0.35,14350,14400,14300,59263,850044750,1538285177000,107572390
2015/10/07,14350,50,0.35,14450,14600,14350,86253,1248909850,1543663796500,107572390
2015/10/08,14350,0,0.00,14450,14500,14250,104339,1497059550,1543663796500,107572390
2015/10/12,14000,-350,-2.44,14400,14450,13850,197135,2782297600,1506013460000,107572390
2015/10/13,14300,300,2.14,14000,14300,13950,84161,1189326400,1538285177000,107572390
2015/10/14,14300,0,0.00,14300,14500,14200,75873,1090411100,1538285177000,107572390
2015/10/15,14500,200,1.40,14350,14500,14150,88276,1267418650,1559799655000,107572390
2015/10/16,14150,-350,-2.41,14450,14550,14150,120229,1721602950,1522149318500,107572390
2015/10/19,14150,0,0.00,14250,14300,14100,139779,1978743550,1522149318500,107572390
2015/10/20,14200,50,0.35,14200,14300,14150,87975,1251192800,1527527938000,107572390
2015/10/21,14150,-50,-0.35,14200,14300,14050,107173,1517089850,1522149318500,107572390
2015/10/22,13850,-300,-2.12,14100,14150,13750,183339,2552926050,1489877601500,107572390
2015/10/23,13750,-100,-0.72,13850,14000,13700,114280,1579694150,1479120362500,107572390
2015/10/26,13950,200,1.45,13800,14000,13550,102304,1405214250,1500634840500,107572390
2015/10/27,13900,-50,-0.36,13950,14000,13800,35286,491761450,1495256221000,107572390
2015/10/28,14050,150,1.08,14000,14050,13900,52592,734791100,1511392079500,107572390
2015/10/29,14050,0,0.00,14050,14100,13700,153262,2138246350,1511392079500,107572390
2015/10/30,13950,-100,-0.71,14050,14150,13750,117037,1639195800,1500634840500,107572390
2015/11/02,14000,50,0.36,14000,14050,13750,77037,1073602050,1506013460000,107572390
2015/11/03,14100,100,0.71,13950,14100,13900,155484,2177025200,1516770699000,107572390
2015/11/04,14050,-50,-0.35,14050,14200,13750,209187,2929539700,1511392079500,107572390
2015/11/05,13900,-150,-1.07,13950,14050,13800,47622,660934950,1495256221000,107572390
2015/11/06,13700,-200,-1.44,13800,13900,13550,145427,1994232650,1473741743000,107572390
2015/11/09,13700,0,0.00,13750,13750,13600,80541,1100023350,1473741743000,107572390
2015/11/10,13700,0,0.00,13600,13850,13600,89444,1227922650,1473741743000,107572390
2015/11/11,13450,-250,-1.82,13700,13750,13250,134762,1810934150,1446848645500,107572390
2015/11/12,13600,150,1.12,13500,13750,13400,129371,1758230750,1462984504000,107572390
2015/11/13,13800,200,1.47,13500,13850,13300,147877,2021000600,1484498982000,107572390
2015/11/16,13800,0,0.00,13650,13850,13350,283223,3855475400,1484498982000,107572390
2015/11/17,13650,-150,-1.09,13700,13850,12950,616954,8325752550,1468363123500,107572390
2015/11/18,12750,-900,-6.59,13650,13750,12700,274905,3599893300,1371547972500,107572390
2015/11/19,12800,50,0.39,12800,12950,12600,153003,1944985502,1376926592000,107572390
2015/11/20,12800,0,0.00,12800,12850,12650,95504,1216950850,1376926592000,107572390
2015/11/23,12650,-150,-1.17,12750,12900,12500,218914,2769207000,1360790733500,107572390
2015/11/24,13100,450,3.56,12650,13750,12600,162339,2101094150,1409198309000,107572390
2015/11/25,13250,150,1.15,13200,13350,13050,204778,2703388200,1425334167500,107572390
2015/11/26,13100,-150,-1.13,13250,13250,12950,134570,1760486750,1409198309000,107572390
2015/11/27,13200,100,0.76,13150,13250,12950,154920,2032771850,1419955548000,107572390
2015/11/30,12900,-300,-2.27,13050,13150,12850,155016,2010263100,1387683831000,107572390
2015/12/01,12750,-150,-1.16,12950,13100,12750,181129,2334547300,1371547972500,107572390
2015/12/02,12500,-250,-1.96,12750,12800,12350,240300,3007138650,1344654875000,107572390
2015/12/03,12300,-200,-1.60,12450,12600,12250,123642,1528007050,1323140397000,107572390
2015/12/04,12350,50,0.41,12200,12450,12200,136648,1681606800,1328519016500,107572390
2015/12/07,12250,-100,-0.81,12450,12450,12150,69008,845792750,1317761777500,107572390
2015/12/08,12100,-150,-1.22,12300,12350,12000,94911,1151824800,1301625919000,107572390
2015/12/09,12100,0,0.00,12150,12250,12050,84805,1027064250,1301625919000,107572390
2015/12/10,11950,-150,-1.24,12150,12150,11650,184220,2180385700,1285490060500,107572390
2015/12/11,11500,-450,-3.77,11850,11900,11300,263278,3031521700,1237082485000,107572390
2015/12/14,11500,0,0.00,11300,11650,11300,101927,1169962000,1237082485000,107572390
2015/12/15,11450,-50,-0.43,11500,11550,11150,121246,1376627800,1231703865500,107572390
2015/12/16,11450,0,0.00,11450,11600,11350,148905,1705484850,1231703865500,107572390
2015/12/17,11800,350,3.06,11500,11800,11500,233423,2710139800,1269354202000,107572390
2015/12/18,12000,200,1.69,11750,12000,11700,115242,1368565550,1290868680000,107572390
2015/12/21,11600,-400,-3.33,12000,12000,11550,137680,1606410450,1247839724000,107572390
2015/12/22,11700,100,0.86,11600,11750,11500,69565,810100200,1258596963000,107572390
2015/12/23,11750,50,0.43,11800,11850,11750,46120,544202000,1263975582500,107572390
2015/12/24,12000,250,2.13,11850,12200,11800,99683,1197842250,1290868680000,107572390
2015/12/28,11900,-100,-0.83,12050,12200,11800,189573,2259450800,1280111441000,107572390
2015/12/29,11500,-400,-3.36,11600,11600,11450,59736,688868100,1237082485000,107572390
2015/12/30,11650,150,1.30,11550,11700,11350,57220,660244900,1253218343500,107572390
2016/01/04,11600,-50,-0.43,11700,11700,11500,121023,1402878000,1247839724000,107572390
2016/01/05,11450,-150,-1.29,11500,11600,11350,132042,1513105400,1231703865500,107572390
2016/01/06,11100,-350,-3.06,11500,11500,11100,141347,1586678600,1194053529000,107572390
2016/01/07,11150,50,0.45,11100,11250,10950,69040,763651400,1199432148500,107572390
2016/01/08,11000,-150,-1.35,10950,11100,10650,139012,1514585200,1183296290000,107572390
2016/01/11,10950,-50,-0.45,10900,11100,10800,111054,1219268050,1177917670500,107572390
2016/01/12,10900,-50,-0.46,11000,11100,10800,81604,891432800,1172539051000,107572390
2016/01/13,11050,150,1.38,10950,11050,10900,53462,586968950,1188674909500,107572390
2016/01/14,11000,-50,-0.45,10950,11200,10800,152663,1684128400,1183296290000,107572390
2016/01/15,10800,-200,-1.82,11100,11200,10800,86038,943728100,1161781812000,107572390
2016/01/18,10650,-150,-1.39,10750,10850,10550,128737,1384555300,1145645953500,107572390
2016/01/19,10700,50,0.47,10650,10700,10050,237414,2482799900,1151024573000,107572390
2016/01/20,10000,-700,-6.54,10650,10700,9720,222912,2248836400,1075723900000,107572390
2016/01/21,10100,100,1.00,9920,10100,9840,231151,2303181710,1086481139000,107572390
2016/01/22,10000,-100,-0.99,10100,10150,9940,134246,1342389760,1075723900000,107572390
2016/01/25,10000,0,0.00,9980,10050,9860,193856,1930680080,1075723900000,107572390
2016/01/26,10000,0,0.00,10000,10100,9900,106997,1070447110,1075723900000,107572390
2016/01/27,9880,-120,-1.20,10100,10150,9820,113411,1126824050,1062815213200,107572390
2016/01/28,9940,60,0.61,9850,9960,9830,86454,857725530,1069269556600,107572390
2016/01/29,10200,260,2.62,9970,10500,9940,302571,3098324720,1097238378000,107572390
2016/02/01,10100,-100,-0.98,10250,10350,10000,108179,1095494000,1086481139000,107572390
2016/02/02,10050,-50,-0.50,10000,10200,9970,128930,1300451960,1081102519500,107572390
2016/02/03,11100,1050,10.45,10100,11550,10100,537751,5857898350,1194053529000,107572390
2016/02/04,10600,-500,-4.50,11150,11200,10600,124950,1346624150,1140267334000,107572390
2016/02/05,10750,150,1.42,10650,10850,10600,82870,888478850,1156403192500,107572390
2016/02/11,10750,0,0.00,10450,10800,10400,188268,2013172800,1156403192500,107572390
2016/02/12,10350,-400,-3.72,10750,10750,10300,164896,1725271400,1113374236500,107572390
2016/02/15,10700,350,3.38,10500,10800,10400,61373,652068850,1151024573000,107572390
2016/02/16,10600,-100,-0.93,10700,10700,10500,45719,483209900,1140267334000,107572390
2016/02/17,10750,150,1.42,10600,10900,10550,100911,1087048450,1156403192500,107572390
2016/02/18,10750,0,0.00,10850,10900,10700,87638,944007300,1156403192500,107572390
2016/02/19,10900,150,1.40,10750,11050,10700,80833,879637750,1172539051000,107572390
2016/02/22,10600,-300,-2.75,10850,10900,10550,122456,1309033850,1140267334000,107572390
2016/02/23,10650,50,0.47,10700,10850,10650,62567,670817650,1145645953500,107572390
2016/02/24,10600,-50,-0.47,10700,10700,10450,94175,993399900,1140267334000,107572390
2016/02/25,10600,0,0.00,10600,10650,10500,58894,622189800,1140267334000,107572390
2016/02/26,10450,-150,-1.42,10650,10750,10450,86858,916709250,1124131475500,107572390
2016/02/29,10350,-100,-0.96,10500,10550,10350,151374,1580504550,1113374236500,107572390
2016/03/02,10700,350,3.38,10500,10850,10400,210741,2238005900,1151024573000,107572390
2016/03/03,11400,700,6.54,10800,11400,10650,221983,2478581600,1226325246000,107572390
2016/03/04,11450,50,0.44,11350,11700,11250,147463,1700289650,1231703865500,107572390
2016/03/07,11700,250,2.18,11500,11800,11450,84796,989817650,1258596963000,107572390
2016/03/08,11600,-100,-0.85,11700,11700,11300,113163,1303854450,1247839724000,107572390
2016/03/09,11250,-350,-3.02,11500,11550,11150,119846,1354007300,1210189387500,107572390
2016/03/10,11150,-100,-0.89,11250,11300,11000,93400,1042384600,1199432148500,107572390
2016/03/11,11250,100,0.90,11200,11250,11100,37798,424091300,1210189387500,107572390
2016/03/14,11300,50,0.44,11250,11400,11100,115541,1299108100,1215568007000,107572390
2016/03/15,11200,-100,-0.88,11250,11350,11150,93014,1046114900,1204810768000,107572390
2016/03/16,11550,350,3.13,11200,11650,11200,102032,1163907150,1242461104500,107572390
2016/03/17,11600,50,0.43,11550,11650,11350,154746,1785323850,1247839724000,107572390
2016/03/18,11350,-250,-2.16,11550,11600,11350,88293,1010223350,1220946626500,107572390
2016/03/21,11550,200,1.76,11350,11600,11350,74533,855898200,1242461104500,107572390
2016/03/22,11500,-50,-0.43,11500,11600,11450,52469,605224650,1237082485000,107572390
2016/03/23,11900,400,3.48,11450,11950,11400,168461,1992287500,1280111441000,107572390
2016/03/24,11900,0,0.00,11800,11950,11650,147943,1747282450,1280111441000,107572390
2016/03/25,11800,-100,-0.84,11900,11950,11750,37554,443084450,1269354202000,107572390
2016/03/28,11750,-50,-0.42,11700,11850,11600,27707,326812450,1263975582500,107572390
2016/03/29,11700,-50,-0.43,11750,11900,11600,76649,899121900,1258596963000,107572390
2016/03/30,12000,300,2.56,11700,12050,11600,171804,2044585200,1290868680000,107572390
2016/03/31,11800,-200,-1.67,12050,12050,11700,161311,1907319350,1269354202000,107572390
2016/04/01,11800,0,0.00,11750,11850,11650,82986,975937150,1269354202000,107572390
2016/04/04,12150,350,2.97,11800,12250,11750,131475,1572939800,1307004538500,107572390
2016/04/05,12000,-150,-1.23,12150,12200,11950,80207,968146300,1290868680000,107572390
2016/04/06,11650,-350,-2.92,12000,12050,11600,125743,1476361750,1253218343500,107572390
2016/04/07,11450,-200,-1.72,11650,11700,11250,107915,1236301350,1231703865500,107572390
2016/04/08,10800,-650,-5.68,11350,11350,10650,328552,3572815550,1161781812000,107572390
2016/04/11,10100,-700,-6.48,10750,10800,10050,512003,5256276600,1086481139000,107572390
2016/04/12,10350,250,2.48,10150,10350,10100,291942,2979493600,1113374236500,107572390
2016/04/14,10400,50,0.48,10400,10450,10350,139194,1446641700,1118752856000,107572390
2016/04/15,10500,100,0.96,10400,10550,10350,78183,818706400,1129510095000,107572390
2016/04/18,10450,-50,-0.48,10400,10550,10400,68678,719785450,1124131475500,107572390
2016/04/19,10600,150,1.44,10450,10650,10350,92933,979019550,1140267334000,107572390
2016/04/20,10500,-100,-0.94,10600,10700,10500,143481,1523347200,1129510095000,107572390
2016/04/21,10600,100,0.95,10550,10650,10500,96836,1026228200,1140267334000,107572390
2016/04/22,10450,-150,-1.42,10600,10650,10450,131844,1386214300,1124131475500,107572390
2016/04/25,10450,0,0.00,10450,10550,10350,44041,459180650,1124131475500,107572390
2016/04/26,10800,350,3.35,10500,10850,10450,191263,2052303350,1161781812000,107572390
2016/04/27,10750,-50,-0.46,10800,10800,10600,85566,914191950,1156403192500,107572390
2016/04/28,10700,-50,-0.47,10800,10900,10650,78506,847118400,1151024573000,107572390
2016/04/29,10600,-100,-0.93,10750,10750,10450,221297,2339221600,1140267334000,107572390
2016/05/02,10700,100,0.94,10600,10800,10500,140217,1499117900,1151024573000,107572390
2016/05/03,10800,100,0.93,10800,10850,10700,74288,800533000,1161781812000,107572390
2016/05/04,10850,50,0.46,10700,11000,10700,170873,1857720700,1167160431500,107572390
2016/05/09,10500,-350,-3.23,10800,10900,10450,207515,2189614250,1129510095000,107572390
2016/05/10,10800,300,2.86,10500,10800,10500,148367,1579204600,1161781812000,107572390
2016/05/11,10950,150,1.39,10750,10950,10750,130543,1422473750,1177917670500,107572390
2016/05/12,10700,-250,-2.28,10900,10900,10650,122483,1315989000,1151024573000,107572390
2016/05/13,10950,250,2.34,10700,11050,10700,303545,3324546000,1177917670500,107572390
2016/05/16,11000,50,0.46,11050,11100,10750,164741,1803542850,1183296290000,107572390
2016/05/17,11000,0,0.00,11050,11050,10750,130587,1423480095,1183296290000,107572390
2016/05/18,11050,50,0.45,11000,11050,10850,88321,968003578,1188674909500,107572390
2016/05/19,11100,50,0.45,11000,11200,10900,151941,1685648152,1194053529000,107572390
2016/05/20,10850,-250,-2.25,11000,11050,10800,112743,1233945600,1167160431500,107572390
2016/05/23,10700,-150,-1.38,10850,10900,10650,71609,770439850,1151024573000,107572390
2016/05/24,10650,-50,-0.47,10700,10800,10600,59083,631412230,1145645953500,107572390
2016/05/25,10750,100,0.94,10650,10800,10650,40022,429167800,1156403192500,107572390
2016/05/26,10900,150,1.40,10750,10950,10650,160532,1731612150,1172539051000,107572390
2016/05/27,10850,-50,-0.46,10950,11050,10750,182101,1984227600,1167160431500,107572390
2016/05/30,10700,-150,-1.38,10800,10900,10650,73933,793382050,1151024573000,107572390
2016/05/31,10700,0,0.00,10700,10750,10600,76423,816763650,1151024573000,107572390
2016/06/01,10850,150,1.40,10700,11000,10650,135728,1469575200,1167160431500,107572390
2016/06/02,10900,50,0.46,10850,10950,10850,85631,931514250,1172539051000,107572390
2016/06/03,10950,50,0.46,10900,10950,10800,103970,1133080270,1177917670500,107572390
2016/06/07,11100,150,1.37,10950,11100,10850,176208,1935021486,1194053529000,107572390
2016/06/08,10950,-150,-1.35,11100,11150,10900,178804,1969709850,1177917670500,107572390
2016/06/09,10700,-250,-2.28,10950,11000,10700,150802,1634543150,1151024573000,107572390
2016/06/10,10500,-200,-1.87,10800,10950,10500,197061,2100134650,1129510095000,107572390
2016/06/13,10450,-50,-0.48,10450,10550,10400,74882,783935550,1124131475500,107572390
2016/06/14,10500,50,0.48,10450,10600,10400,119330,1250828500,1129510095000,107572390
2016/06/15,10500,0,0.00,10550,10700,10450,131946,1392294550,1129510095000,107572390
2016/06/16,10500,0,0.00,10550,10600,10400,80529,844301350,1129510095000,107572390
2016/06/17,10700,200,1.90,10500,10700,10500,189721,2013762100,1151024573000,107572390
2016/06/20,10550,-150,-1.40,10700,10700,10500,120414,1274746850,1134888714500,107572390
2016/06/21,10400,-150,-1.42,10500,10550,10300,159450,1656444800,1118752856000,107572390
2016/06/22,10400,0,0.00,10400,10450,10300,116958,1212033400,1118752856000,107572390
2016/06/23,10350,-50,-0.48,10300,10350,10250,156183,1609857450,1113374236500,107572390
2016/06/24,10200,-150,-1.45,10400,10450,10050,239292,2445801200,1097238378000,107572390
2016/06/27,10150,-50,-0.49,10100,10150,9950,261510,2620859650,1091859758500,107572390
2016/06/28,10000,-150,-1.48,10050,10100,9980,204585,2050471420,1075723900000,107572390
2016/06/29,10100,100,1.00,10100,10200,10050,167802,1697047550,1086481139000,107572390
2016/06/30,10150,50,0.50,10200,10200,10050,240067,2427698600,1091859758500,107572390
2016/07/01,10300,150,1.48,10150,10350,10100,120024,1234405750,1107995617000,107572390
2016/07/04,10350,50,0.49,10300,10350,10250,49673,512492300,1113374236500,107572390
2016/07/05,10250,-100,-0.97,10400,10400,10200,115254,1188195600,1102616997500,107572390
2016/07/06,10200,-50,-0.49,10250,10350,10150,65348,667807100,1097238378000,107572390
2016/07/07,10500,300,2.94,10250,10550,10200,182458,1908218350,1129510095000,107572390
2016/07/08,10250,-250,-2.38,10450,10450,10200,121530,1249968900,1102616997500,107572390
2016/07/11,10300,50,0.49,10300,10400,10250,51880,535280700,1107995617000,107572390
2016/07/12,10450,150,1.46,10300,10450,10250,64375,667102700,1124131475500,107572390
2016/07/13,10450,0,0.00,10400,10550,10400,45572,476619700,1124131475500,107572390
2016/07/14,10500,50,0.48,10500,10550,10400,42961,449722550,1129510095000,107572390
2016/07/15,10600,100,0.95,10550,10650,10500,111448,1181276700,1140267334000,107572390
2016/07/18,10450,-150,-1.42,10600,10650,10400,87243,914828950,1124131475500,107572390
2016/07/19,10500,50,0.48,10500,10550,10400,62791,655922450,1129510095000,107572390
2016/07/20,10600,100,0.95,10500,10600,10450,70718,745906050,1140267334000,107572390
2016/07/21,10500,-100,-0.94,10600,10600,10500,44995,474596650,1129510095000,107572390
2016/07/22,10850,350,3.33,10550,10900,10500,169448,1820065600,1167160431500,107572390
2016/07/25,10800,-50,-0.46,10850,10850,10750,55970,603656300,1161781812000,107572390
2016/07/26,10650,-150,-1.39,10750,10850,10650,80106,855458150,1145645953500,107572390
2016/07/27,10500,-150,-1.41,10600,10700,10500,160952,1698855550,1129510095000,107572390
2016/07/28,10600,100,0.95,10550,10600,10450,104846,1102064400,1140267334000,107572390
2016/07/29,10750,150,1.42,10600,10750,10500,140564,1493465900,1156403192500,107572390
2016/08/01,10950,200,1.86,10750,10950,10650,98860,1072763350,1177917670500,107572390
2016/08/02,10850,-100,-0.91,10950,10950,10800,115790,1260355900,1167160431500,107572390
2016/08/03,10700,-150,-1.38,10950,10950,10700,43683,470102150,1151024573000,107572390
2016/08/04,10800,100,0.93,10700,10850,10650,58681,631160800,1161781812000,107572390
2016/08/05,10700,-100,-0.93,10850,10850,10650,71592,766097900,1151024573000,107572390
2016/08/08,10750,50,0.47,10700,10800,10650,34882,374359400,1156403192500,107572390
2016/08/09,10800,50,0.47,10750,10800,10700,31701,340956400,1161781812000,107572390
2016/08/10,10950,150,1.39,10800,11000,10700,121281,1318791500,1177917670500,107572390
2016/08/11,11200,250,2.28,10900,11200,10850,231182,2560067900,1204810768000,107572390
2016/08/12,11200,0,0.00,11250,11350,11050,138207,1548575950,1204810768000,107572390
2016/08/16,11400,200,1.79,11250,11700,11250,163926,1886785300,1226325246000,107572390
2016/08/17,11300,-100,-0.88,11500,11650,11100,222404,2509082400,1215568007000,107572390
2016/08/18,11800,500,4.42,11300,11800,11200,209084,2434384200,1269354202000,107572390
2016/08/19,11800,0,0.00,11850,11950,11650,150652,1773802750,1269354202000,107572390
2016/08/22,11500,-300,-2.54,11700,11700,11350,115882,1330529750,1237082485000,107572390
2016/08/23,11400,-100,-0.87,11450,11500,11300,48680,555333300,1226325246000,107572390
2016/08/24,11450,50,0.44,11400,11550,11350,102182,1172270050,1231703865500,107572390
2016/08/25,11450,0,0.00,11550,11600,11400,144996,1668751650,1231703865500,107572390
2016/08/26,11800,350,3.06,11550,11800,11450,101643,1182151200,1269354202000,107572390
2016/08/29,11650,-150,-1.27,11800,11800,11550,93568,1090823500,1253218343500,107572390
2016/08/30,11650,0,0.00,11750,11800,11650,71777,842326150,1253218343500,107572390
2016/08/31,12050,400,3.43,11600,12100,11600,220464,2639853350,1296247299500,107572390
2016/09/01,11900,-150,-1.24,12100,12200,11850,69395,831774600,1280111441000,107572390
2016/09/02,12100,200,1.68,11900,12350,11900,170353,2072955700,1301625919000,107572390
2016/09/05,11950,-150,-1.24,12100,12200,11850,83312,997714450,1285490060500,107572390
2016/09/06,11950,0,0.00,12000,12050,11750,73748,876629000,1285490060500,107572390
2016/09/07,11950,0,0.00,11950,12000,11850,80172,955700400,1285490060500,107572390
2016/09/08,12000,50,0.42,11950,12100,11900,130258,1559185450,1290868680000,107572390
2016/09/09,11750,-250,-2.08,12000,12000,11750,71581,849963100,1263975582500,107572390
2016/09/12,11650,-100,-0.85,11600,11900,11450,105860,1239377650,1253218343500,107572390
2016/09/13,11550,-100,-0.86,11750,11850,11550,101446,1180813100,1242461104500,107572390
2016/09/19,11900,350,3.03,11650,12350,11650,271047,3225492050,1280111441000,107572390
2016/09/20,12150,250,2.10,11900,12150,11850,55548,665720050,1307004538500,107572390
2016/09/21,12000,-150,-1.23,12150,12150,11850,64953,777813200,1290868680000,107572390
2016/09/22,12200,200,1.67,12050,12200,12000,72996,885078750,1312383158000,107572390
2016/09/23,11900,-300,-2.46,12250,12250,11800,154962,1845606300,1280111441000,107572390
2016/09/26,11750,-150,-1.26,11900,12000,11700,70402,833363900,1263975582500,107572390
2016/09/27,11750,0,0.00,11650,11800,11600,89863,1052244450,1263975582500,107572390
2016/09/28,11550,-200,-1.70,11700,11750,11550,94869,1101827300,1242461104500,107572390
2016/09/29,11600,50,0.43,11550,11650,11450,119454,1375819350,1247839724000,107572390
2016/09/30,11350,-250,-2.16,11400,11500,11250,123533,1407329300,1220946626500,107572390
2016/10/04,11850,500,4.41,11450,11850,11400,135837,1588496950,1274732821500,107572390
2016/10/05,11850,0,0.00,11800,11850,11650,55650,655944100,1274732821500,107572390
2016/10/06,11700,-150,-1.27,11850,11900,11600,45625,532692600,1258596963000,107572390
2016/10/07,11850,150,1.28,11700,11850,11600,46280,543759600,1274732821500,107572390
2016/10/10,12000,150,1.27,11850,12100,11800,135413,1624020000,1290868680000,107572390
2016/10/11,12050,50,0.42,11950,12100,11800,111930,1338386450,1296247299500,107572390
2016/10/12,12000,-50,-0.41,11950,12050,11900,57075,682972350,1290868680000,107572390
2016/10/13,11950,-50,-0.42,12050,12100,11900,76030,912494500,1285490060500,107572390
2016/10/14,12050,100,0.84,11900,12200,11900,91200,1100780250,1296247299500,107572390
2016/10/17,12450,400,3.32,12100,12500,12000,180203,2216851750,1339276255500,107572390
2016/10/18,12650,200,1.61,12500,12700,12250,171384,2152877050,1360790733500,107572390
2016/10/19,12750,100,0.79,12600,12950,12500,86881,1111354450,1371547972500,107572390
2016/10/20,12600,-150,-1.18,12850,12850,12550,75084,954100250,1355412114000,107572390
2016/10/21,12900,300,2.38,12600,12950,12550,218707,2810520400,1387683831000,107572390
2016/10/24,12950,50,0.39,13000,13000,12800,70565,909204850,1393062450500,107572390
2016/10/25,12650,-300,-2.32,12950,12950,12600,79470,1011621500,1360790733500,107572390
2016/10/26,12500,-150,-1.19,12600,12750,12450,50966,640661200,1344654875000,107572390
2016/10/27,11800,-700,-5.60,12400,12500,11200,578013,6746876250,1269354202000,107572390
2016/10/28,11750,-50,-0.42,11700,11950,11400,136950,1600175750,1263975582500,107572390
2016/10/31,12000,250,2.13,11750,12000,11600,113592,1352926150,1290868680000,107572390
2016/11/01,12000,0,0.00,11900,12150,11850,94337,1137123100,1290868680000,107572390
2016/11/02,11850,-150,-1.25,12050,12100,11750,85631,1022703450,1274732821500,107572390
2016/11/03,11700,-150,-1.27,11900,11950,11650,74088,871848250,1258596963000,107572390
2016/11/04,11850,150,1.28,11750,11850,11600,57367,672286200,1274732821500,107572390
2016/11/07,11650,-200,-1.69,11750,11850,11500,90516,1051204000,1253218343500,107572390
2016/11/08,11600,-50,-0.43,12050,12050,11500,90504,1057260350,1247839724000,107572390
2016/11/09,11100,-500,-4.31,11900,11900,11000,187324,2116252200,1194053529000,107572390
2016/11/10,11650,550,4.95,11300,11850,11250,180219,2079631400,1253218343500,107572390
2016/11/11,12450,800,6.87,11900,12850,11700,367793,4579647950,1339276255500,107572390
2016/11/14,12150,-300,-2.41,12600,12600,12100,244388,3001800200,1307004538500,107572390
2016/11/15,12600,450,3.70,12100,12650,11850,174496,2158353950,1355412114000,107572390
2016/11/16,13000,400,3.17,12600,13000,12400,216509,2775502150,1398441070000,107572390
2016/11/17,13100,100,0.77,13000,13500,12800,395840,5227787250,1409198309000,107572390
2016/11/18,13050,-50,-0.38,13200,13250,12950,251482,3299891100,1403819689500,107572390
2016/11/21,13200,150,1.15,13050,13200,12850,224729,2928170100,1419955548000,107572390
2016/11/22,13100,-100,-0.76,13300,13350,12850,197723,2573938400,1409198309000,107572390
2016/11/23,13100,0,0.00,12900,13450,12850,181333,2397556050,1409198309000,107572390
2016/11/24,13150,50,0.38,13100,13300,13000,102540,1343321250,1414576928500,107572390
2016/11/25,13150,0,0.00,13100,13250,12900,90176,1184262350,1414576928500,107572390
2016/11/28,13200,50,0.38,13200,13350,13050,115813,1526824150,1419955548000,107572390
2016/11/29,13300,100,0.76,13100,13350,13000,92928,1231090350,1430712787000,107572390
2016/11/30,12900,-400,-3.01,13400,13400,12900,148546,1930456800,1387683831000,107572390
2016/12/01,13300,400,3.10,12950,13350,12950,110212,1458612050,1430712787000,107572390
2016/12/02,13400,100,0.75,13300,13500,13250,74758,1000531100,1441470026000,107572390
2016/12/05,13500,100,0.75,13400,13650,13250,222795,2992304800,1452227265000,107572390
2016/12/06,13550,50,0.37,13300,13550,13300,71874,969070650,1457605884500,107572390
2016/12/07,13550,0,0.00,13600,13650,13400,90216,1216679200,1457605884500,107572390
2016/12/08,13750,200,1.48,13500,13750,13300,191058,2575128200,1479120362500,107572390
2016/12/09,13250,-500,-3.64,13600,13650,13250,97443,1302194000,1425334167500,107572390
2016/12/12,13650,400,3.02,13250,13650,13250,99249,1336224300,1468363123500,107572390
2016/12/13,13500,-150,-1.10,13650,13750,13450,145614,1981490100,1452227265000,107572390
2016/12/14,13300,-200,-1.48,13550,13600,13250,157372,2107818450,1430712787000,107572390
2016/12/15,13550,250,1.88,13200,13700,12950,283633,3762266050,1457605884500,107572390
2016/12/16,13850,300,2.21,13550,14000,13500,215968,2986538450,1489877601500,107572390
2016/12/19,13950,100,0.72,13950,14000,13700,133257,1854898950,1500634840500,107572390
2016/12/20,13800,-150,-1.08,14000,14000,13700,102267,1411134450,1484498982000,107572390
2016/12/21,13550,-250,-1.81,13800,13850,13500,72288,985021650,1457605884500,107572390
2016/12/22,13700,150,1.11,13550,13700,13250,146920,1979704800,1473741743000,107572390
2016/12/23,13300,-400,-2.92,13550,13550,13150,135720,1807620650,1430712787000,107572390
2016/12/26,13500,200,1.50,13300,13550,13200,137712,1840858900,1452227265000,107572390
2016/12/27,13700,200,1.48,13500,13800,13450,127232,1731313950,1473741743000,107572390
2016/12/28,13200,-500,-3.65,13250,13400,13000,131621,1734054400,1419955548000,107572390
2016/12/29,12700,-500,-3.79,13200,13200,12700,139430,1792935100,1366169353000,107572390
2017/01/02,12600,-100,-0.79,11700,12750,11700,423012,5244806300,1355412114000,107572390
2017/01/03,12300,-300,-2.38,12350,12600,12000,264069,3261558000,1323140397000,107572390
2017/01/04,11800,-500,-4.07,12250,12300,11800,389686,4653637300,1269354202000,107572390
2017/01/05,11150,-650,-5.51,11600,11750,11100,488035,5523545500,1199432148500,107572390
2017/01/06,11150,0,0.00,11200,11350,11050,269612,3005165400,1199432148500,107572390
2017/01/09,11150,0,0.00,11150,11250,11100,227570,2547540200,1199432148500,107572390
2017/01/10,11200,50,0.45,11200,11300,11100,204667,2287482300,1204810768000,107572390
2017/01/11,11000,-200,-1.79,11150,11300,11000,209790,2339129700,1183296290000,107572390
2017/01/12,11100,100,0.91,10900,11100,10700,397485,4317942900,1194053529000,107572390
2017/01/13,10800,-300,-2.70,11000,11100,10750,185084,2008293600,1161781812000,107572390
2017/01/16,10800,0,0.00,10850,10900,10650,125452,1349013600,1161781812000,107572390
2017/01/17,10900,100,0.93,10850,11000,10700,126081,1376226900,1172539051000,107572390
2017/01/18,11050,150,1.38,10900,11050,10800,437466,4771677600,1188674909500,107572390
2017/01/19,10800,-250,-2.26,11050,11200,10800,166131,1821450100,1161781812000,107572390
2017/01/20,10850,50,0.46,10850,10900,10650,63545,686900350,1167160431500,107572390
2017/01/23,10750,-100,-0.92,10800,10950,10650,146398,1580297050,1156403192500,107572390
2017/01/24,10700,-50,-0.47,10700,10800,10450,156917,1664761950,1151024573000,107572390
2017/01/25,10700,0,0.00,10650,10750,10600,45715,487245000,1151024573000,107572390
2017/01/26,10750,50,0.47,10700,10750,10550,49181,524250950,1156403192500,107572390
2017/01/31,10600,-150,-1.40,10750,10750,10500,138829,1471776500,1140267334000,107572390
2017/02/01,10450,-150,-1.42,10600,10700,10400,168018,1762071350,1124131475500,107572390
2017/02/02,10100,-350,-3.35,10400,10400,10050,293895,2998041000,1086481139000,107572390
2017/02/03,10450,350,3.47,10100,10750,10050,345842,3603661900,1124131475500,107572390
2017/02/06,10500,50,0.48,10350,10600,10350,181169,1901738450,1129510095000,107572390
2017/02/07,10350,-150,-1.43,10600,10600,10250,162017,1683096500,1113374236500,107572390
2017/02/08,10550,200,1.93,10350,10600,10350,106414,1116768450,1134888714500,107572390
2017/02/09,10750,200,1.90,10450,10750,10400,122291,1292692800,1156403192500,107572390
2017/02/10,10800,50,0.47,10650,10850,10600,133203,1431866600,1161781812000,107572390
2017/02/13,11000,200,1.85,10900,11000,10550,137640,1492981600,1183296290000,107572390
2017/02/14,10850,-150,-1.36,10850,11000,10800,111120,1213639950,1167160431500,107572390
2017/02/15,10700,-150,-1.38,10900,10950,10650,240926,2582653250,1151024573000,107572390
2017/02/16,10600,-100,-0.93,10650,10700,10500,136235,1445420900,1140267334000,107572390
2017/02/17,10500,-100,-0.94,10600,10600,10500,35920,378842600,1129510095000,107572390
2017/02/20,10650,150,1.43,10550,10700,10550,62386,661476050,1145645953500,107572390
2017/02/21,10550,-100,-0.94,10650,10700,10550,52589,558414850,1134888714500,107572390
2017/02/22,10650,100,0.95,10600,10700,10600,30835,328097850,1145645953500,107572390
2017/02/23,10650,0,0.00,10650,10700,10550,94659,1006498950,1145645953500,107572390
2017/02/24,10600,-50,-0.47,10600,10750,10600,168566,1794519250,1140267334000,107572390
2017/02/27,10500,-100,-0.94,10650,10700,10450,93940,988718800,1129510095000,107572390
2017/02/28,10550,50,0.48,10500,10700,10450,124722,1322684800,1134888714500,107572390
2017/03/02,10800,250,2.37,10700,11150,10600,266875,2908000100,1161781812000,107572390
2017/03/03,10950,150,1.39,10850,11150,10800,143430,1567535900,1177917670500,107572390
2017/03/06,10900,-50,-0.46,10950,11100,10800,131649,1442379050,1172539051000,107572390
2017/03/07,11100,200,1.83,10900,11150,10850,87919,972255100,1194053529000,107572390
2017/03/08,11100,0,0.00,11150,11150,10950,83939,926019850,1194053529000,107572390
2017/03/09,11000,-100,-0.90,11100,11100,10850,166273,1818216400,1183296290000,107572390
2017/03/10,10850,-150,-1.36,10900,10950,10700,151765,1635000500,1167160431500,107572390
2017/03/13,10700,-150,-1.38,10850,10900,10700,85596,919099600,1151024573000,107572390
2017/03/14,10550,-150,-1.40,10750,10800,10550,134041,1422933850,1134888714500,107572390
2017/03/15,10300,-250,-2.37,10500,10600,10250,209573,2175762350,1107995617000,107572390
2017/03/16,10550,250,2.43,10400,10550,10350,135161,1410128150,1134888714500,107572390
2017/03/17,10650,100,0.95,10550,10650,10400,106736,1126744850,1145645953500,107572390
2017/03/20,10400,-250,-2.35,10550,10650,10300,172689,1796799250,1118752856000,107572390
2017/03/21,10400,0,0.00,10400,10500,10300,174168,1810847900,1118752856000,107572390
2017/03/22,10400,0,0.00,10400,10450,10300,231567,2394063250,1118752856000,107572390
2017/03/23,10300,-100,-0.96,10450,10450,10300,178011,1843802000,1107995617000,107572390
2017/03/24,10350,50,0.49,10350,10400,10300,143378,1481761245,1113374236500,107572390
2017/03/27,10200,-150,-1.45,10300,10350,10200,84297,863233450,1097238378000,107572390
2017/03/28,10300,100,0.98,10200,10350,10150,117756,1206826150,1107995617000,107572390
2017/03/29,10200,-100,-0.97,10300,10300,10150,123959,1265165650,1097238378000,107572390
2017/03/30,10300,100,0.98,10250,10350,10200,117114,1201511550,1107995617000,107572390
2017/03/31,10250,-50,-0.49,10300,10350,10250,463608,4769659277,1102616997500,107572390
2017/04/03,10450,200,1.95,10300,10500,10250,155219,1615782800,1124131475500,107572390
2017/04/04,10550,100,0.96,10500,10700,10400,187959,1989435600,1134888714500,107572390
2017/04/05,10400,-150,-1.42,10550,10650,10300,247208,2584479910,1118752856000,107572390
2017/04/06,10500,100,0.96,10400,10550,10350,123224,1290885800,1129510095000,107572390
2017/04/07,10500,0,0.00,10500,10550,10450,57700,607316926,1129510095000,107572390
2017/04/10,10300,-200,-1.90,10550,10550,10250,150491,1551399250,1107995617000,107572390
2017/04/11,10150,-150,-1.46,10300,10300,10150,274600,2802098740,1637789637750,161358585
2017/04/12,10050,-100,-0.99,10150,10200,10050,218251,2210646500,1621653779250,161358585
2017/04/13,10150,100,1.00,10100,10200,9990,257580,2595278660,1637789637750,161358585
2017/04/14,10200,50,0.49,10150,10200,10100,34003,345295350,1645857567000,161358585
2017/04/17,10150,-50,-0.49,10200,10300,10150,138283,1411520000,1637789637750,161358585
2017/04/18,10100,-50,-0.49,10200,10250,10100,163787,1658402900,1629721708500,161358585
2017/04/19,10100,0,0.00,10050,10150,10050,122752,1237560500,1629721708500,161358585
2017/04/20,10050,-50,-0.50,10100,10150,10050,67256,677674300,1621653779250,161358585
2017/04/21,10050,0,0.00,10100,10100,10050,78542,790452400,1621653779250,161358585
2017/04/24,9860,-190,-1.89,10050,10100,9850,390651,3878516970,1590995648100,161358585
2017/04/25,9930,70,0.71,9860,9930,9810,230882,2274235620,1602290749050,161358585
2017/04/26,10150,220,2.22,9930,10150,9920,174106,1748299720,1637789637750,161358585
2017/04/27,10050,-100,-0.99,10150,10150,10050,129916,1312113750,1621653779250,161358585
2017/04/28,10050,0,0.00,10100,10100,10000,183851,1846190400,1621653779250,161358585
2017/05/02,9990,-60,-0.60,10050,10100,9980,189178,1892179770,1611972264150,161358585
2017/05/04,9840,-150,-1.50,9990,9990,9840,388498,3850963670,1587768476400,161358585
2017/05/08,9850,10,0.10,9850,9900,9820,257997,2542031490,1589382062250,161358585
2017/05/10,9900,50,0.51,9880,10050,9860,356607,3551132050,1597449991500,161358585
2017/05/11,9950,50,0.51,9900,9960,9870,225376,2233567250,1605517920750,161358585
2017/05/12,9910,-40,-0.40,9950,9960,9890,59808,592778310,1599063577350,161358585
2017/05/15,9860,-50,-0.50,9910,9930,9850,158958,1569835690,1590995648100,161358585
2017/05/16,10150,290,2.94,10050,10150,10000,448999,4530120850,1637789637750,161358585
2017/05/17,10100,-50,-0.49,10150,10200,10000,165785,1672413450,1629721708500,161358585
2017/05/18,9970,-130,-1.29,10050,10100,9960,225462,2250975850,1608745092450,161358585
2017/05/19,9940,-30,-0.30,10050,10050,9920,232325,2316847110,1603904334900,161358585
2017/05/22,9920,-20,-0.20,9970,9980,9860,235196,2327982020,1600677163200,161358585
2017/05/23,10050,130,1.31,9940,10100,9860,318083,3179696230,1621653779250,161358585
2017/05/24,10050,0,0.00,10100,10100,10000,154956,1558473450,1621653779250,161358585
2017/05/25,10150,100,1.00,10100,10200,10050,258249,2614555150,1637789637750,161358585
2017/05/26,10950,800,7.88,10200,11000,10200,1406630,15069245850,1766876505750,161358585
2017/05/29,11000,50,0.46,10950,11050,10750,420059,4584525800,1774944435000,161358585
2017/05/30,10850,-150,-1.36,11000,11050,10800,187153,2040796900,1750740647250,161358585
2017/05/31,10800,-50,-0.46,10850,10900,10750,146114,1583599750,1742672718000,161358585
2017/06/01,10850,50,0.46,10800,10900,10800,182550,1978406450,1750740647250,161358585
2017/06/02,10900,50,0.46,10850,10900,10800,126632,1374740850,1758808576500,161358585
2017/06/05,10600,-300,-2.75,10850,10850,10500,362610,3849425450,1710401001000,161358585
2017/06/07,10650,50,0.47,10550,10650,10450,167615,1774578250,1718468930250,161358585
2017/06/08,10500,-150,-1.41,10600,10650,10450,321869,3382562350,1694265142500,161358585
2017/06/09,10550,50,0.48,10500,10600,10450,289505,3046721700,1702333071750,161358585
2017/06/12,10600,50,0.47,10550,10750,10500,248432,2642847050,1710401001000,161358585
2017/06/13,10700,100,0.94,10650,10850,10650,229874,2468235750,1726536859500,161358585
2017/06/14,10550,-150,-1.40,10750,10750,10550,264590,2820945850,1702333071750,161358585
2017/06/15,10450,-100,-0.95,10500,10600,10400,274948,2888280800,1686197213250,161358585
2017/06/16,9950,-500,-4.78,10400,10450,9840,1374821,13708876920,1605517920750,161358585
2017/06/19,10000,50,0.50,9950,10050,9910,400799,3997759050,1613585850000,161358585
2017/06/20,9860,-140,-1.40,10050,10050,9860,757880,7533816430,1590995648100,161358585
2017/06/21,9900,40,0.41,9900,9920,9820,234967,2317148800,1597449991500,161358585
2017/06/22,9840,-60,-0.61,9880,9880,9830,176549,1739183300,1587768476400,161358585
2017/06/23,9840,0,0.00,9850,9880,9820,201160,1979072400,1587768476400,161358585
2017/06/26,9840,0,0.00,9850,9870,9800,108260,1064083840,1587768476400,161358585
2017/06/27,9920,80,0.81,9840,9950,9810,161119,1588701620,1600677163200,161358585
2017/06/28,9830,-90,-0.91,9890,9890,9790,192623,1892071920,1586154890550,161358585
2017/06/29,9920,90,0.92,9850,9930,9820,182998,1802152260,1600677163200,161358585
2017/06/30,9990,70,0.71,9900,9990,9870,120843,1200431540,1611972264150,161358585
2017/07/03,10000,10,0.10,9990,10100,9920,279857,2794207550,1613585850000,161358585
2017/07/04,9940,-60,-0.60,10050,10050,9890,142379,1415185950,1603904334900,161358585
2017/07/05,9900,-40,-0.40,9960,9960,9850,156401,1546200400,1597449991500,161358585
2017/07/06,9900,0,0.00,9930,9930,9810,129925,1280608030,1597449991500,161358585
2017/07/07,9980,80,0.81,9860,10050,9860,268131,2667394120,1610358678300,161358585
2017/07/10,10100,120,1.20,9930,10150,9930,496491,4967866090,1629721708500,161358585
2017/07/11,10250,150,1.49,10150,10300,10050,264610,2682509850,1653925496250,161358585
2017/07/12,10150,-100,-0.98,10250,10300,10050,237432,2411892700,1637789637750,161358585
2017/07/13,10100,-50,-0.49,10150,10200,9870,456975,4572557440,1629721708500,161358585
2017/07/14,10000,-100,-0.99,10050,10100,9980,74837,749387830,1613585850000,161358585
2017/07/17,10100,100,1.00,10050,10150,9940,183950,1841502610,1629721708500,161358585
2017/07/18,9990,-110,-1.09,10100,10100,9960,117231,1170868610,1611972264150,161358585
2017/07/19,9930,-60,-0.60,9990,10050,9890,173198,1721492690,1602290749050,161358585
2017/07/20,9900,-30,-0.30,9930,9970,9860,210078,2080191930,1597449991500,161358585
2017/07/21,9920,20,0.20,9910,9970,9890,153791,1524350090,1600677163200,161358585
2017/07/24,9920,0,0.00,9920,9940,9890,131963,1306949870,1600677163200,161358585
2017/07/25,9940,20,0.20,9920,9960,9870,123554,1225181560,1603904334900,161358585
2017/07/26,9880,-60,-0.60,9940,9990,9880,166407,1649753940,1594222819800,161358585
2017/07/27,9880,0,0.00,9910,9910,9860,125932,1244289810,1594222819800,161358585
2017/07/28,9890,10,0.10,9870,9950,9860,129851,1282686330,1595836405650,161358585
2017/07/31,9730,-160,-1.62,9900,9900,9680,328305,3200272760,1570019032050,161358585
2017/08/01,9830,100,1.03,9740,9870,9680,228275,2235210500,1586154890550,161358585
2017/08/02,9830,0,0.00,9830,9840,9790,137016,1344002100,1586154890550,161358585
2017/08/03,9510,-320,-3.26,9810,9820,9450,263538,2527160510,1534520143350,161358585
2017/08/04,9530,20,0.21,9480,9600,9480,126398,1203410480,1537747315050,161358585
2017/08/07,9570,40,0.42,9550,9600,9520,78517,750546610,1544201658450,161358585
2017/08/08,9590,20,0.21,9590,9590,9480,90986,867643840,1547428830150,161358585
2017/08/09,9480,-110,-1.15,9580,9580,9480,98281,934168720,1529679385800,161358585
2017/08/10,9440,-40,-0.42,9500,9560,9310,348309,3273719570,1523225042400,161358585
2017/08/11,9390,-50,-0.53,9380,9390,9350,150385,1408884680,1515157113150,161358585
2017/08/14,9520,130,1.38,9390,9520,9370,107402,1014483890,1536133729200,161358585
2017/08/16,9410,-110,-1.16,9450,9510,9410,181177,1710964650,1518384284850,161358585
2017/08/17,9390,-20,-0.21,9440,9440,9340,135482,1270982010,1515157113150,161358585
2017/08/18,9380,-10,-0.11,9360,9390,9330,90026,842503910,1513543527300,161358585
2017/08/21,9210,-170,-1.81,9420,9420,9180,217455,2012681420,1486112567850,161358585
2017/08/22,9190,-20,-0.22,9200,9210,9170,76453,702097740,1482885396150,161358585
2017/08/23,9170,-20,-0.22,9200,9310,9160,114996,1057006900,1479658224450,161358585
2017/08/24,9180,10,0.11,9180,9260,9150,108605,999182320,1481271810300,161358585
2017/08/25,9150,-30,-0.33,9180,9240,9140,233551,2123407260,1476431052750,161358585
2017/08/28,9070,-80,-0.87,9150,9230,9040,178607,1624162390,1463522365950,161358585
2017/08/29,9110,40,0.44,9070,9120,9000,76016,687806670,1469976709350,161358585
2017/08/30,9200,90,0.99,9110,9210,9070,96441,884970200,1484498982000,161358585
2017/08/31,9170,-30,-0.33,9220,9220,9080,112263,1025756520,1479658224450,161358585
2017/09/01,9050,-120,-1.31,9140,9170,9000,202892,1837589110,1460295194250,161358585
2017/09/04,8990,-60,-0.66,8910,9050,8890,164918,1481782730,1450613679150,161358585
2017/09/05,8660,-330,-3.67,8990,9030,8630,376064,3296987960,1397365346100,161358585
2017/09/06,8530,-130,-1.50,8660,8710,8410,261596,2221709990,1376388730050,161358585
2017/09/07,8600,70,0.82,8530,8750,8430,216774,1869222080,1387683831000,161358585
2017/09/08,8510,-90,-1.05,8530,8670,8480,81953,698392840,1373161558350,161358585
2017/09/11,8340,-170,-2.00,8500,8540,8310,130284,1095203700,1345730598900,161358585
2017/09/12,8420,80,0.96,8350,8420,8340,62518,524492170,1358639285700,161358585
2017/09/13,8340,-80,-0.95,8430,8430,8260,109217,907979580,1345730598900,161358585
2017/09/14,8300,-40,-0.48,8350,8350,8240,147130,1217580610,1339276255500,161358585
2017/09/15,8320,20,0.24,8290,8320,8240,79997,662272500,1342503427200,161358585
2017/09/18,8140,-180,-2.16,8330,8370,8120,195351,1599479980,1313458881900,161358585
2017/09/19,8080,-60,-0.74,8140,8180,7930,225118,1804367320,1303777366800,161358585
2017/09/20,8070,-10,-0.12,8030,8080,7910,180139,1441693170,1302163780950,161358585
2017/09/21,8030,-40,-0.50,8090,8090,7980,79219,633745650,1295709437550,161358585
2017/09/22,7990,-40,-0.50,8090,8100,7930,107180,854349760,1289255094150,161358585
2017/09/25,7750,-240,-3.00,8010,8010,7750,121106,946468370,1250529033750,161358585
2017/09/26,7820,70,0.90,7800,7820,7690,112234,869443390,1261824134700,161358585
2017/09/27,7670,-150,-1.92,7860,7860,7640,131534,1010640610,1237620346950,161358585
2017/09/28,7580,-90,-1.17,7700,7720,7570,227425,1728689880,1223098074300,161358585
2017/09/29,7650,70,0.92,7600,7650,7440,308800,2328932680,1234393175250,161358585
2017/10/10,7730,80,1.05,7650,7770,7550,263218,2016577570,1247301862050,161358585
2017/10/11,8030,300,3.88,7750,8040,7650,258737,2038337370,1295709437550,161358585
2017/10/12,8180,150,1.87,8030,8180,8000,255393,2069495510,1319913225300,161358585
2017/10/13,7940,-240,-2.93,8180,8180,7850,254054,2011615900,1281187164900,161358585
2017/10/16,7860,-80,-1.01,7940,7940,7720,131536,1025160690,1268278478100,161358585
2017/10/17,7760,-100,-1.27,7880,7880,7700,124489,964692750,1252142619600,161358585
2017/10/18,7780,20,0.26,7760,7820,7700,100041,776027770,1255369791300,161358585
2017/10/19,7780,0,0.00,7780,7810,7730,118189,916356260,1255369791300,161358585
2017/10/20,7740,-40,-0.51,7780,7870,7670,669104,5192640940,1248915447900,161358585
2017/10/23,7820,80,1.03,7750,7930,7710,203712,1589841190,1261824134700,161358585
2017/10/24,7860,40,0.51,7850,7890,7780,127875,1000758760,1268278478100,161358585
2017/10/25,8000,140,1.78,7860,8160,7820,598342,4798734970,1290868680000,161358585
2017/10/26,8520,520,6.50,8010,8600,8000,1105873,9298843860,1374775144200,161358585
2017/10/27,8520,0,0.00,8520,8680,8450,880967,7536753250,1374775144200,161358585
2017/10/30,8650,130,1.53,8540,8720,8510,426188,3681055350,1395751760250,161358585
2017/10/31,8860,210,2.43,8690,9000,8640,877855,7798755210,1429637063100,161358585
2017/11/01,8840,-20,-0.23,8930,9040,8730,568803,5056309730,1426409891400,161358585
2017/11/02,8860,20,0.23,8840,8960,8660,376823,3337675090,1429637063100,161358585
2017/11/03,8800,-60,-0.68,8860,9010,8780,370227,3292542920,1419955548000,161358585
2017/11/06,8680,-120,-1.36,8740,8890,8640,268368,2342094400,1400592517800,161358585
2017/11/07,8830,150,1.73,8680,8910,8660,403372,3564810260,1424796305550,161358585
2017/11/08,8670,-160,-1.81,8800,8840,8660,397521,3474527590,1398978931950,161358585
2017/11/09,8580,-90,-1.04,8780,8810,8520,260933,2263595370,1384456659300,161358585
2017/11/10,8670,90,1.05,8580,8750,8580,210713,1828550380,1398978931950,161358585
2017/11/13,8620,-50,-0.58,8670,8720,8580,182683,1576901950,1390911002700,161358585
2017/11/14,8450,-170,-1.97,8600,8700,8400,243091,2066426130,1363480043250,161358585
2017/11/15,8460,10,0.12,8460,8500,8330,216841,1820164950,1365093629100,161358585
2017/11/16,8420,-40,-0.47,8460,8560,8400,139847,1182377390,1358639285700,161358585
2017/11/17,8410,-10,-0.12,8430,8530,8400,137041,1156757580,1357025699850,161358585
2017/11/20,8300,-110,-1.31,8410,8430,8240,260296,2170224410,1339276255500,161358585
2017/11/21,8110,-190,-2.29,8300,8300,8100,365294,2987452120,1308618124350,161358585
2017/11/22,8050,-60,-0.74,8120,8160,7980,240075,1934122640,1298936609250,161358585
2017/11/23,8080,30,0.37,8050,8170,7980,328030,2643861970,1303777366800,161358585
2017/11/24,8120,40,0.50,8080,8230,8010,193822,1572764380,1310231710200,161358585
2017/11/27,8180,60,0.74,8140,8280,8130,193287,1586075010,1319913225300,161358585
2017/11/28,8140,-40,-0.49,8200,8210,8100,117069,951745710,1313458881900,161358585
2017/11/29,8100,-40,-0.49,8080,8160,8050,108705,879549710,1307004538500,161358585
2017/11/30,8120,20,0.25,8130,8200,8070,384282,3114007240,1310231710200,161358585
2017/12/01,7860,-260,-3.20,8140,8150,7840,327559,2596963530,1268278478100,161358585
2017/12/04,8020,160,2.04,7900,8030,7860,68257,542766670,1294095851700,161358585
2017/12/05,8100,80,1.00,8030,8120,7990,85587,690113720,1307004538500,161358585
2017/12/06,8020,-80,-0.99,8140,8140,7970,209841,1686244540,1294095851700,161358585
2017/12/07,7900,-120,-1.50,8060,8080,7900,142017,1128455880,1274732821500,161358585
2017/12/08,7870,-30,-0.38,7900,7930,7860,117715,927802460,1269892063950,161358585
2017/12/11,7950,80,1.02,7900,7980,7870,177798,1408362570,1282800750750,161358585
2017/12/12,7920,-30,-0.38,7950,7950,7860,135125,1067031660,1277959993200,161358585
2017/12/13,7850,-70,-0.88,7940,7940,7820,252111,1979120490,1266664892250,161358585
2017/12/14,7860,10,0.13,7900,7900,7770,198500,1551717890,1268278478100,161358585
2017/12/15,7900,40,0.51,7880,7900,7790,213518,1672426490,1274732821500,161358585
2017/12/18,7880,-20,-0.25,7940,7960,7840,89973,707930960,1271505649800,161358585
2017/12/19,7820,-60,-0.76,7890,7900,7800,107424,842067100,1261824134700,161358585
2017/12/20,7900,80,1.02,7850,7910,7790,96829,760516010,1274732821500,161358585
2017/12/21,7850,-50,-0.63,7900,7910,7810,167105,1309787870,1266664892250,161358585
2017/12/22,7930,80,1.02,7840,7930,7800,108499,856313270,1279573579050,161358585
2017/12/26,8040,110,1.39,7940,8060,7940,278614,2232992650,1297323023400,161358585
2017/12/27,7660,-380,-4.73,7770,7850,7660,244514,1880865810,1236006761100,161358585
2017/12/28,7600,-60,-0.78,7700,7720,7580,135419,1034050980,1226325246000,161358585
2018/01/02,7540,-60,-0.79,7550,7600,7530,98314,742540860,1216643730900,161358585
2018/01/03,7550,10,0.13,7560,7600,7510,109593,827253910,1218257316750,161358585
2018/01/04,7450,-100,-1.32,7560,7580,7420,201509,1505837790,1202121458250,161358585
2018/01/05,7370,-80,-1.07,7420,7460,7310,291653,2147490370,1189212771450,161358585
2018/01/08,7300,-70,-0.95,7370,7470,7280,226910,1662155860,1177917670500,161358585
2018/01/09,7340,40,0.55,7290,7360,7280,217355,1588556130,1184372013900,161358585
2018/01/10,7480,140,1.91,7360,7550,7350,217975,1619082620,1206962215800,161358585
2018/01/11,7540,60,0.80,7500,7540,7390,140958,1048635770,1216643730900,161358585
2018/01/12,7410,-130,-1.72,7540,7550,7390,152798,1136646670,1195667114850,161358585
2018/01/15,7450,40,0.54,7420,7520,7400,236464,1755259510,1202121458250,161358585
2018/01/16,7420,-30,-0.40,7480,7480,7340,169353,1251056170,1197280700700,161358585
2018/01/17,7430,10,0.13,7420,7470,7360,146975,1086924150,1198894286550,161358585
2018/01/18,7410,-20,-0.27,7480,7480,7370,126269,934881150,1195667114850,161358585
2018/01/19,7470,60,0.81,7430,7530,7400,255995,1908841330,1205348629950,161358585
2018/01/22,7440,-30,-0.40,7470,7530,7400,163921,1220998390,1200507872400,161358585
2018/01/23,7460,20,0.27,7470,7480,7430,259858,1933420890,1203735044100,161358585
2018/01/24,7700,240,3.22,7470,7760,7430,432252,3279583680,1242461104500,161358585
2018/01/25,7870,170,2.21,7710,7890,7660,288846,2251795940,1269892063950,161358585
2018/01/26,7730,-140,-1.78,7870,7880,7660,325915,2515540960,1247301862050,161358585
2018/01/29,7820,90,1.16,7740,7860,7640,231781,1805447380,1261824134700,161358585
2018/01/30,7800,-20,-0.26,7820,7860,7760,122625,954958740,1258596963000,161358585
2018/01/31,7870,70,0.90,7770,7870,7680,222125,1732831840,1269892063950,161358585
2018/02/01,7990,120,1.52,7870,8030,7860,298973,2376034410,1289255094150,161358585
2018/02/02,7980,-10,-0.13,8030,8060,7900,207988,1660988800,1287641508300,161358585
2018/02/05,7800,-180,-2.26,7870,7870,7720,183424,1430339630,1258596963000,161358585
2018/02/06,7620,-180,-2.31,7610,7640,7520,279377,2115624300,1229552417700,161358585
2018/02/07,7800,180,2.36,7800,8130,7790,560583,4443636110,1258596963000,161358585
2018/02/08,7850,50,0.64,7910,8040,7850,309817,2460469010,1266664892250,161358585
2018/02/09,7590,-260,-3.31,7700,7830,7580,331543,2537447500,1224711660150,161358585
2018/02/12,7560,-30,-0.40,7620,7720,7530,164128,1242321190,1219870902600,161358585
2018/02/13,7500,-60,-0.79,7600,7610,7480,176850,1329789600,1210189387500,161358585
2018/02/14,7450,-50,-0.67,7510,7520,7380,200441,1490399540,1202121458250,161358585
2018/02/19,7530,80,1.07,7460,7550,7460,153231,1150712400,1215030145050,161358585
2018/02/20,7560,30,0.40,7530,7570,7510,100484,757491840,1219870902600,161358585
2018/02/21,7540,-20,-0.26,7560,7570,7490,107987,814240010,1216643730900,161358585
2018/02/22,7590,50,0.66,7560,7650,7520,111054,840293550,1224711660150,161358585
2018/02/23,7590,0,0.00,7610,7620,7530,143760,1088230100,1224711660150,161358585
2018/02/26,7350,-240,-3.16,7500,7520,7340,285851,2112767960,1185985599750,161358585
2018/02/27,7230,-120,-1.63,7370,7380,7200,314861,2284757070,1166622569550,161358585
2018/02/28,7190,-40,-0.55,7110,7250,7110,304023,2176184010,1160168226150,161358585
2018/03/02,7130,-60,-0.83,7190,7220,7050,242023,1715606160,1150486711050,161358585
2018/03/05,7050,-80,-1.12,7030,7090,7010,212670,1496767980,1137578024250,161358585
2018/03/06,7130,80,1.13,7060,7190,7060,162934,1160315670,1150486711050,161358585
2018/03/07,6990,-140,-1.96,7090,7130,6950,205090,1440663240,1127896509150,161358585
2018/03/08,7230,240,3.43,7010,7270,7010,234926,1684273850,1166622569550,161358585
2018/03/09,7200,-30,-0.41,7190,7300,7130,216544,1559221130,1161781812000,161358585
2018/03/12,7430,230,3.19,7230,7440,7210,193410,1422420320,1198894286550,161358585
2018/03/13,7440,10,0.13,7430,7470,7350,127263,943581010,1200507872400,161358585
2018/03/14,7300,-140,-1.88,7410,7410,7250,56759,415824270,1177917670500,161358585
2018/03/15,7350,50,0.68,7290,7350,7250,143731,1048406890,1185985599750,161358585
2018/03/16,7290,-60,-0.82,7350,7360,7270,99206,724219780,1176304084650,161358585
2018/03/19,7350,60,0.82,7270,7390,7270,67371,494133800,1185985599750,161358585
2018/03/20,7270,-80,-1.09,7320,7350,7230,67412,490955460,1173076912950,161358585
2018/03/21,7350,80,1.10,7270,7370,7270,56089,411374330,1185985599750,161358585
2018/03/22,7410,60,0.82,7370,7450,7360,106853,790539580,1195667114850,161358585
2018/03/23,7310,-100,-1.35,7350,7360,7280,143584,1050423060,1179531256350,161358585
2018/03/26,7370,60,0.82,7290,7410,7290,115513,847741000,1189212771450,161358585
2018/03/27,7530,160,2.17,7370,7530,7370,150413,1124019230,1215030145050,161358585
2018/03/28,7410,-120,-1.59,7510,7530,7410,93545,697699620,1195667114850,161358585
2018/03/29,7390,-20,-0.27,7380,7460,7360,101831,752563850,1192439943150,161358585
2018/03/30,7440,50,0.68,7390,7500,7380,89087,664638250,1200507872400,161358585
2018/04/02,7570,130,1.75,7480,7580,7440,95923,722152220,1221484488450,161358585
2018/04/03,7600,30,0.40,7530,7610,7530,168609,1277141200,1226325246000,161358585
2018/04/04,7910,310,4.08,7610,7920,7610,610341,4764583620,1276346407350,161358585
2018/04/05,8060,150,1.90,7910,8120,7910,366278,2939382290,1300550195100,161358585
2018/04/06,7980,-80,-0.99,7960,8040,7900,306822,2440679450,1287641508300,161358585
2018/04/09,8000,20,0.25,7950,8000,7900,188893,1502032820,1290868680000,161358585
2018/04/10,8040,40,0.50,7970,8080,7970,177073,1419890580,1297323023400,161358585
2018/04/11,8250,210,2.61,8130,8300,8090,298148,2455566250,1331208326250,161358585
2018/04/12,8290,40,0.48,8250,8330,8100,234570,1939669440,1337662669650,161358585
2018/04/13,8300,10,0.12,8290,8360,8240,196927,1632949490,1339276255500,161358585
2018/04/16,8340,40,0.48,8330,8350,8240,256845,2129879880,1345730598900,161358585
2018/04/17,8460,120,1.44,8360,8530,8300,425645,3585092730,1365093629100,161358585
2018/04/18,8770,310,3.66,8570,8830,8500,699296,6113719610,1415114790450,161358585
2018/04/19,8580,-190,-2.17,8770,8770,8510,249079,2143807160,1384456659300,161358585
2018/04/20,8320,-260,-3.03,8530,8530,8280,277719,2328123370,1342503427200,161358585
2018/04/23,8250,-70,-0.84,8250,8340,8080,237969,1951511310,1331208326250,161358585
2018/04/24,8410,160,1.94,8250,8480,8250,158520,1334663210,1357025699850,161358585
2018/04/25,8420,10,0.12,8400,8490,8250,181685,1529370470,1358639285700,161358585
2018/04/26,8430,10,0.12,8450,8470,8310,104694,880470960,1360252871550,161358585
2018/04/27,8320,-110,-1.30,8460,8500,8320,77667,652807940,1342503427200,161358585
2018/04/30,8240,-80,-0.96,8300,8320,8170,99530,816822530,1329594740400,161358585
2018/05/02,7950,-290,-3.52,8240,8240,7900,309331,2476132810,1282800750750,161358585
2018/05/03,8120,170,2.14,7970,8140,7960,104207,842801520,1310231710200,161358585
2018/05/04,8100,-20,-0.25,8120,8190,7980,87792,707824360,1307004538500,161358585
2018/05/08,7640,-460,-5.68,8230,8230,7550,539478,4183670590,1232779589400,161358585
2018/05/09,7520,-120,-1.57,7600,7690,7420,249044,1866057300,1213416559200,161358585
2018/05/10,7660,140,1.86,7520,7660,7400,208669,1557922070,1236006761100,161358585
2018/05/11,7700,40,0.52,7570,7710,7510,211366,1602459860,1242461104500,161358585
2018/05/14,7580,-120,-1.56,7700,7700,7530,177525,1343794690,1223098074300,161358585
2018/05/15,7430,-150,-1.98,7560,7560,7430,183210,1368695680,1198894286550,161358585
2018/05/16,7520,90,1.21,7450,7570,7400,733203,5527361860,1213416559200,161358585
2018/05/17,7540,20,0.27,7540,7560,7480,58897,441948420,1216643730900,161358585
2018/05/18,7550,10,0.13,7510,7570,7450,78539,588470360,1218257316750,161358585
2018/05/21,7580,30,0.40,7550,7590,7520,40846,308934770,1223098074300,161358585
2018/05/23,7530,-50,-0.66,7580,7580,7510,82462,621945060,1215030145050,161358585
2018/05/24,7420,-110,-1.46,7530,7530,7410,91329,680262070,1197280700700,161358585
2018/05/25,7300,-120,-1.62,7430,7430,7210,236271,1719843210,1177917670500,161358585
2018/05/28,7290,-10,-0.14,7310,7330,7200,58451,424286040,1176304084650,161358585
2018/05/29,7270,-20,-0.27,7300,7350,7210,60191,437117820,1173076912950,161358585
2018/05/30,7250,-20,-0.28,7270,7320,7130,79012,568747280,1169849741250,161358585
2018/05/31,7120,-130,-1.79,7260,7260,7080,153141,1093007570,1148873125200,161358585
2018/06/01,7160,40,0.56,7110,7210,7080,83626,596531660,1155327468600,161358585
2018/06/04,7190,30,0.42,7170,7240,7090,60638,434988540,1160168226150,161358585
2018/06/05,7120,-70,-0.97,7210,7210,7110,90786,647493420,1148873125200,161358585
2018/06/07,7210,90,1.26,7120,7210,7110,81073,581430220,1163395397850,161358585
2018/06/08,7140,-70,-0.97,7230,7230,7070,200730,1428983260,1152100296900,161358585
2018/06/11,7150,10,0.14,7170,7210,7140,78419,562266850,1153713882750,161358585
2018/06/12,7170,20,0.28,7190,7230,7120,112290,803640860,1156941054450,161358585
2018/06/14,7340,170,2.37,7200,7350,7130,179585,1302296500,1184372013900,161358585
2018/06/15,7490,150,2.04,7280,7490,7190,383815,2834415050,1208575801650,161358585
2018/06/18,7690,200,2.67,7420,7690,7380,640007,4845560240,1240847518650,161358585
2018/06/19,8270,580,7.54,7630,8270,7580,1063708,8600688130,1334435497950,161358585
2018/06/20,7880,-390,-4.72,8150,8180,7800,232566,1843499760,1271505649800,161358585
2018/06/21,7650,-230,-2.92,7830,7890,7620,136369,1052684820,1234393175250,161358585
2018/06/22,7470,-180,-2.35,7600,7630,7450,126205,945481270,1205348629950,161358585
2018/06/25,7500,30,0.40,7460,7520,7320,45829,341673900,1210189387500,161358585
2018/06/26,7470,-30,-0.40,7500,7600,7430,36082,270494020,1205348629950,161358585
2018/06/27,7470,0,0.00,7450,7540,7450,35661,266790960,1205348629950,161358585
2018/06/28,7450,-20,-0.27,7490,7560,7450,33897,253221480,1202121458250,161358585
2018/06/29,7390,-60,-0.81,7550,7550,7390,67158,499741750,1192439943150,161358585
2018/07/02,7370,-20,-0.27,7430,7550,7370,76966,574718480,1189212771450,161358585
2018/07/03,7340,-30,-0.41,7380,7420,7310,37436,274890300,1184372013900,161358585
2018/07/04,7430,90,1.23,7350,7430,7240,36822,271771400,1198894286550,161358585
2018/07/05,7400,-30,-0.40,7430,7510,7380,38230,285123850,1194053529000,161358585
2018/07/06,7400,0,0.00,7430,7560,7320,65437,485126580,1194053529000,161358585
2018/07/09,7400,0,0.00,7400,7470,7290,39301,288560280,1194053529000,161358585
2018/07/10,7310,-90,-1.22,7450,7460,7280,56898,417184430,1179531256350,161358585
2018/07/11,7350,40,0.55,7300,7380,7240,62018,454150850,1185985599750,161358585
2018/07/12,7350,0,0.00,7360,7380,7300,19579,143707500,1185985599750,161358585
2018/07/13,7380,30,0.41,7360,7420,7290,26360,193781340,1190826357300,161358585
2018/07/16,7360,-20,-0.27,7420,7420,7290,36856,269972380,1187599185600,161358585
2018/07/17,7370,10,0.14,7360,7390,7300,9963,73087030,1189212771450,161358585
2018/07/18,7360,-10,-0.14,7400,7420,7290,35473,260220320,1187599185600,161358585
2018/07/19,7220,-140,-1.90,7410,7410,7220,27583,200887100,1165008983700,161358585
2018/07/20,7230,10,0.14,7240,7250,7080,48985,350519000,1166622569550,161358585
2018/07/23,7160,-70,-0.97,7260,7310,7160,32424,233654260,1155327468600,161358585
2018/07/24,7450,290,4.05,7270,7510,7100,131294,973000600,1202121458250,161358585
2018/07/25,7430,-20,-0.27,7390,7500,7330,73899,546167130,1198894286550,161358585
2018/07/26,7510,80,1.08,7430,7520,7420,60597,452270420,1211802973350,161358585
2018/07/27,7560,50,0.67,7470,7570,7470,41293,311126620,1219870902600,161358585
2018/07/30,7610,50,0.66,7580,7610,7440,42833,321524680,1227938831850,161358585
2018/07/31,7410,-200,-2.63,7600,7600,7410,77675,578666850,1195667114850,161358585
2018/08/01,7600,190,2.56,7440,7600,7400,50627,380742880,1226325246000,161358585
2018/08/02,7370,-230,-3.03,7600,7600,7290,57200,421233670,1189212771450,161358585
2018/08/03,7390,20,0.27,7450,7460,7300,35031,257970200,1192439943150,161358585
2018/08/06,7460,70,0.95,7450,7480,7230,46678,347238130,1203735044100,161358585
2018/08/07,7410,-50,-0.67,7460,7490,7380,28745,213412720,1195667114850,161358585
2018/08/08,7490,80,1.08,7420,7490,7310,29151,216186640,1208575801650,161358585
2018/08/09,7400,-90,-1.20,7520,7520,7330,43853,323112910,1194053529000,161358585
2018/08/10,7360,-40,-0.54,7350,7380,7290,70008,512536240,1187599185600,161358585
2018/08/13,7220,-140,-1.90,7360,7360,7210,33722,245044540,1165008983700,161358585
2018/08/14,7200,-20,-0.28,7250,7250,7120,56000,402822340,1161781812000,161358585
2018/08/16,7090,-110,-1.53,7180,7180,6730,67665,473194490,1144032367650,161358585
2018/08/17,6910,-180,-2.54,7010,7080,6900,82026,570221000,1114987822350,161358585
2018/08/20,6750,-160,-2.32,6910,6950,6720,120223,818359530,1089170448750,161358585
2018/08/21,6830,80,1.19,6750,6830,6730,75419,510120770,1102079135550,161358585
2018/08/22,6710,-120,-1.76,6830,6830,6700,106069,715626850,1082716105350,161358585
2018/08/23,6600,-110,-1.64,6740,6750,6480,231765,1520853200,1064966661000,161358585
2018/08/24,6540,-60,-0.91,6590,6620,6500,98732,644447120,1055285145900,161358585
2018/08/27,6570,30,0.46,6550,6580,6500,69689,454685620,1060125903450,161358585
2018/08/28,6620,50,0.76,6570,6620,6520,81582,535649330,1068193832700,161358585
2018/08/29,6590,-30,-0.45,6620,6630,6540,60560,397636130,1063353075150,161358585
2018/08/30,6560,-30,-0.46,6590,6600,6550,45504,298533350,1058512317600,161358585
2018/08/31,6570,10,0.15,6560,6610,6530,67350,442097700,1060125903450,161358585
2018/09/03,6470,-100,-1.52,6550,6570,6450,110074,714976470,1043990044950,161358585
2018/09/04,6300,-170,-2.63,6500,6500,6270,225716,1429161070,1016559085500,161358585
2018/09/05,6330,30,0.48,6280,6360,6270,96955,610695480,1021399843050,161358585
2018/09/06,6250,-80,-1.26,6340,6350,6190,129719,807661140,1008491156250,161358585
2018/09/07,6210,-40,-0.64,6260,6260,6160,66448,411558410,1002036812850,161358585
2018/09/10,6260,50,0.81,6190,6270,6160,77727,481621240,1010104742100,161358585
2018/09/11,6250,-10,-0.16,6220,6280,6190,50895,316315080,1008491156250,161358585
2018/09/12,6240,-10,-0.16,6220,6280,6200,46981,292754400,1006877570400,161358585
2018/09/13,6270,30,0.48,6200,6270,6170,69059,429940450,1011718327950,161358585
2018/09/14,6340,70,1.12,6270,6340,6230,56606,356398740,1023013428900,161358585
2018/09/17,6340,0,0.00,6340,6400,6310,35344,223992140,1023013428900,161358585
2018/09/18,6280,-60,-0.95,6340,6340,6260,45775,287694230,1013331913800,161358585
2018/09/19,6250,-30,-0.48,6310,6320,6220,30865,193268630,1008491156250,161358585
2018/09/20,6160,-90,-1.44,6250,6250,6080,115277,706609560,993968883600,161358585
2018/09/21,6300,140,2.27,6160,6300,6160,103971,649238300,1016559085500,161358585
2018/09/27,6420,120,1.90,6310,6420,6260,131749,837414600,1035922115700,161358585
2018/09/28,6390,-30,-0.47,6410,6450,6360,59588,381638480,1031081358150,161358585
2018/10/01,6440,50,0.78,6420,6440,6330,63061,403022470,1039149287400,161358585
2018/10/02,6320,-120,-1.86,6350,6430,6300,75385,477872780,1019786257200,161358585
2018/10/04,6210,-110,-1.74,6330,6350,6200,51098,319193040,1002036812850,161358585
2018/10/05,6230,20,0.32,6300,6300,6180,71313,443375530,1005263984550,161358585
2018/10/08,6340,110,1.77,6230,6400,6220,59933,378281680,1023013428900,161358585
2018/10/10,6360,20,0.32,6310,6360,6090,92169,576191070,1026240600600,161358585
2018/10/11,6000,-360,-5.66,6150,6280,5990,142766,866681370,968151510000,161358585
2018/10/12,6100,100,1.67,5990,6100,5930,64781,390005730,984287368500,161358585
2018/10/15,6170,70,1.15,6100,6170,5970,97750,594064510,995582469450,161358585
2018/10/16,6150,-20,-0.32,6150,6180,6030,50154,305462000,992355297750,161358585
2018/10/17,6140,-10,-0.16,6150,6210,6070,13614,83888520,990741711900,161358585
2018/10/18,6060,-80,-1.30,6170,6190,6010,33204,201828790,977833025100,161358585
2018/10/19,6010,-50,-0.83,6060,6070,5930,334124,1996018560,969765095850,161358585
2018/10/22,6010,0,0.00,6010,6030,5950,22429,134475850,969765095850,161358585
2018/10/23,5780,-230,-3.83,6000,6000,5700,92622,539105480,932652621300,161358585
2018/10/24,5840,60,1.04,5790,5890,5760,55517,323131360,942334136400,161358585
2018/10/25,6100,260,4.45,5840,6290,5630,165262,980775840,984287368500,161358585
2018/10/26,6060,-40,-0.66,6040,6200,5900,53093,322681480,977833025100,161358585
2018/10/29,5850,-210,-3.47,6050,6050,5750,50803,300707790,943947722250,161358585
2018/10/30,5760,-90,-1.54,5720,5830,5670,111019,635428790,929425449600,161358585
2018/10/31,5650,-110,-1.91,5760,5890,5650,76733,437115410,911676005250,161358585
2018/11/01,5660,10,0.18,5790,5800,5650,48644,277752180,913289591100,161358585
2018/11/02,5830,170,3.00,5720,5860,5700,46457,270128210,940720550550,161358585
2018/11/05,5830,0,0.00,5800,5830,5750,20708,119956750,940720550550,161358585
2018/11/06,5870,40,0.69,5820,5900,5810,28800,168471600,947174893950,161358585
2018/11/07,5940,70,1.19,5890,5960,5850,24198,143169330,958469994900,161358585
2018/11/08,5940,0,0.00,5990,6090,5860,92982,556776620,958469994900,161358585
2018/11/09,5980,40,0.67,5980,5990,5790,146900,865876820,964924338300,161358585
2018/11/12,5960,-20,-0.33,5950,5980,5800,169275,994920400,961697166600,161358585
2018/11/13,5970,10,0.17,5850,6070,5790,199664,1182857350,963310752450,161358585
2018/11/14,5990,20,0.34,5920,6000,5870,35382,210957040,966537924150,161358585
2018/11/15,5870,-120,-2.00,5950,5980,5800,76601,447439260,947174893950,161358585
2018/11/16,5900,30,0.51,5870,5940,5840,31938,188103840,952015651500,161358585
2018/11/19,5870,-30,-0.51,5950,5950,5790,73046,426137650,947174893950,161358585
2018/11/20,5810,-60,-1.02,5800,5930,5770,97990,571968560,937493378850,161358585
2018/11/21,5830,20,0.34,5760,5830,5700,28243,163312710,940720550550,161358585
2018/11/22,5710,-120,-2.06,5830,5870,5660,77499,442770140,921357520350,161358585
2018/11/23,5630,-80,-1.40,5720,5750,5620,42714,241877840,908448833550,161358585
2018/11/26,5540,-90,-1.60,5650,5670,5480,135943,751784680,893926560900,161358585
2018/11/27,5550,10,0.18,5560,5580,5530,48228,267705240,895540146750,161358585
2018/11/28,5480,-70,-1.26,5580,5580,5420,133553,732629410,884245045800,161358585
2018/11/29,5470,-10,-0.18,5500,5520,5440,96286,526450160,882631459950,161358585
2018/11/30,5520,50,0.91,5460,5570,5460,172604,953812850,890699389200,161358585
2018/12/03,5720,200,3.62,5530,5730,5530,154522,872696030,922971106200,161358585
2018/12/04,5890,170,2.97,5680,5930,5630,177091,1029850940,950402065650,161358585
2018/12/05,5760,-130,-2.21,5810,5970,5740,222278,1305631430,929425449600,161358585
2018/12/06,5530,-230,-3.99,5800,5800,5520,160446,902935000,892312975050,161358585
2018/12/07,5340,-190,-3.44,5560,5590,5310,212792,1146338570,861654843900,161358585
2018/12/10,5280,-60,-1.12,5340,5340,5270,72235,382238640,851973328800,161358585
2018/12/11,5290,10,0.19,5310,5320,5280,44724,236573660,853586914650,161358585
2018/12/12,5370,80,1.51,5340,5400,5270,84944,454540230,866495601450,161358585
2018/12/13,5460,90,1.68,5380,5460,5340,92812,501656210,881017874100,161358585
2018/12/14,5270,-190,-3.48,5460,5470,5270,338703,1799840550,850359742950,161358585
2018/12/17,4915,-355,-6.74,5280,5320,4755,623230,3152252340,793077445275,161358585
2018/12/18,4675,-240,-4.88,4920,4925,4500,1722249,7918172750,754351384875,161358585
2018/12/19,4800,125,2.67,4660,4805,4635,304180,1441773965,774521208000,161358585
2018/12/20,4845,45,0.94,4760,4845,4750,178579,857581545,781782344325,161358585
2018/12/21,4820,-25,-0.52,4845,4860,4805,113531,548721110,777748379700,161358585
2018/12/24,4945,125,2.59,4815,4955,4810,246734,1212354530,797918202825,161358585
2018/12/26,4845,-100,-2.02,4885,4885,4780,213371,1029457150,781782344325,161358585
2018/12/27,4790,-55,-1.14,4750,4790,4715,100564,478111300,772907622150,161358585
2018/12/28,4770,-20,-0.42,4785,4790,4740,45201,215522560,769680450450,161358585
2019/01/02,4675,-95,-1.99,4785,4785,4440,119183,555979240,754351384875,161358585
2019/01/03,4695,20,0.43,4690,4725,4650,105852,496692210,757578556575,161358585
2019/01/04,4640,-55,-1.17,4605,4685,4585,117054,541733270,748703834400,161358585
2019/01/07,4760,120,2.59,4705,4765,4670,81581,385317135,768066864600,161358585
2019/01/08,4730,-30,-0.63,4770,4790,4705,40844,194279710,763226107050,161358585
2019/01/09,4780,50,1.06,4770,4780,4715,91925,435135880,771294036300,161358585
2019/01/10,4835,55,1.15,4790,4860,4755,103747,499689225,780168758475,161358585
2019/01/11,4880,45,0.93,4850,4900,4800,69208,336606640,787429894800,161358585
2019/01/14,4880,0,0.00,4880,4895,4805,72870,353931085,787429894800,161358585
2019/01/15,4915,35,0.72,4875,4930,4850,79444,389698405,793077445275,161358585
2019/01/16,4800,-115,-2.34,4910,4960,4800,249587,1210553575,774521208000,161358585
2019/01/17,4970,170,3.54,4825,4995,4825,124554,615823540,801952167450,161358585
2019/01/18,4980,10,0.20,4970,5020,4920,36956,184184230,803565753300,161358585
2019/01/21,4820,-160,-3.21,5000,5010,4805,200340,969214280,777748379700,161358585
2019/01/22,4855,35,0.73,4785,4860,4780,124261,599970720,783395930175,161358585
2019/01/23,4890,35,0.72,4845,4905,4820,56356,274441370,789043480650,161358585
2019/01/24,4915,25,0.51,4905,4930,4885,57521,282105670,793077445275,161358585
2019/01/25,5060,145,2.95,4930,5070,4915,167335,839089700,816474440100,161358585
2019/01/28,5040,-20,-0.40,5070,5110,4985,78910,396042685,813247268400,161358585
2019/01/29,5050,10,0.20,5030,5070,4935,200415,994897040,814860854250,161358585
2019/01/30,4980,-70,-1.39,5010,5050,4970,63635,317427540,803565753300,161358585
2019/01/31,4910,-70,-1.41,4985,5040,4910,124791,619848635,792270652350,161358585
2019/02/01,4995,85,1.73,4930,5020,4930,39898,199355915,805986132075,161358585
2019/02/07,5130,135,2.70,5020,5220,5000,139444,712501315,827769541050,161358585
2019/02/08,5160,30,0.58,5130,5180,5090,85923,442342820,832610298600,161358585
2019/02/11,5110,-50,-0.97,5180,5180,5040,52168,266076400,824542369350,161358585
2019/02/12,5070,-40,-0.78,5120,5120,5040,58055,293464460,818088025950,161358585
2019/02/13,5110,40,0.79,5050,5140,5010,72737,371285660,824542369350,161358585
2019/02/14,5110,0,0.00,5140,5140,5000,80472,406398230,824542369350,161358585
2019/02/15,5030,-80,-1.57,5080,5090,5000,72342,363793280,811633682550,161358585
2019/02/18,5130,100,1.99,5040,5160,5020,252308,1285076050,827769541050,161358585
2019/02/19,5070,-60,-1.17,5130,5130,5070,22013,111975490,818088025950,161358585
2019/02/20,5030,-40,-0.79,5090,5090,5000,79740,401017130,811633682550,161358585
2019/02/21,4980,-50,-0.99,5030,5050,4970,60209,300899170,803565753300,161358585
2019/02/22,4950,-30,-0.60,4985,5030,4935,61816,307051395,798724995750,161358585
2019/02/25,5000,50,1.01,4975,5010,4940,43104,215034125,806792925000,161358585
2019/02/26,4985,-15,-0.30,5010,5030,4960,83442,416793195,804372546225,161358585
2019/02/27,5020,35,0.70,5010,5050,4995,32399,162590105,810020096700,161358585
2019/02/28,4825,-195,-3.88,5030,5030,4825,135441,669183170,778555172625,161358585
2019/03/04,4940,115,2.38,4900,5050,4850,114834,570845655,797111409900,161358585
2019/03/05,4840,-100,-2.02,4890,4930,4830,129074,626217850,780975551400,161358585
2019/03/06,4790,-50,-1.03,4840,4840,4780,59685,286644905,772907622150,161358585
2019/03/07,4810,20,0.42,4750,4880,4750,86623,416300695,776134793850,161358585
2019/03/08,4805,-5,-0.10,4800,4830,4765,73653,353242390,775328000925,161358585
2019/03/11,4765,-40,-0.83,4805,4820,4695,83189,394296450,768873657525,161358585
2019/03/12,4710,-55,-1.15,4720,4765,4705,174315,822429615,759998935350,161358585
2019/03/13,4750,40,0.85,4700,4795,4690,145767,692176710,766453278750,161358585
2019/03/14,4785,35,0.74,4780,4815,4745,85879,410771510,772100829225,161358585
2019/03/15,4710,-75,-1.57,4785,4815,4710,477538,2280801905,759998935350,161358585
2019/03/18,4745,35,0.74,4745,4780,4720,67279,319574435,765646485825,161358585
2019/03/19,4790,45,0.95,4745,4830,4735,102308,491267890,772907622150,161358585
2019/03/20,4775,-15,-0.31,4800,4805,4750,82637,394373770,770487243375,161358585
2019/03/21,4730,-45,-0.94,4770,4775,4690,104260,493282765,763226107050,161358585
2019/03/22,4760,30,0.63,4740,4805,4730,89743,427321850,768066864600,161358585
2019/03/25,4615,-145,-3.05,4710,4740,4560,112798,522347315,744669869775,161358585
2019/03/26,4575,-40,-0.87,4600,4615,4575,90905,417223940,738215526375,161358585
2019/03/27,4545,-30,-0.66,4585,4590,4475,118815,537061540,733374768825,161358585
2019/03/28,4555,10,0.22,4580,4580,4510,58023,263433650,734988354675,161358585
2019/03/29,4595,40,0.88,4520,4595,4520,94140,428458840,741442698075,161358585
2019/04/01,4590,-5,-0.11,4595,4630,4550,106128,486093755,740635905150,161358585
2019/04/02,4590,0,0.00,4590,4590,4545,41258,188987390,740635905150,161358585
2019/04/03,4580,-10,-0.22,4580,4590,4540,106554,487263992,739022319300,161358585
2019/04/04,4550,-30,-0.66,4550,4580,4545,89630,409022375,734181561750,161358585
2019/04/05,4520,-30,-0.66,4580,4580,4515,80472,365413565,729340804200,161358585
2019/04/08,4515,-5,-0.11,4530,4545,4500,71140,321325350,728534011275,161358585
2019/04/09,4505,-10,-0.22,4520,4525,4480,122918,552771435,726920425425,161358585
2019/04/10,4500,-5,-0.11,4505,4510,4440,177653,794545585,726113632500,161358585
2019/04/11,4500,0,0.00,4500,4500,4480,154660,694797770,726113632500,161358585
2019/04/12,4575,75,1.67,4510,4600,4475,180688,821633640,738215526375,161358585
2019/04/15,4700,125,2.73,4590,4700,4575,161226,752150930,758385349500,161358585
2019/04/16,4625,-75,-1.60,4695,4700,4600,108737,502278850,746283455625,161358585
2019/04/17,4575,-50,-1.08,4635,4635,4575,83409,383031150,738215526375,161358585
2019/04/18,4505,-70,-1.53,4575,4585,4465,172023,779362395,726920425425,161358585
2019/04/19,4530,25,0.55,4535,4540,4485,45370,204867720,730954390050,161358585
2019/04/22,4525,-5,-0.11,4530,4540,4510,25902,117157280,730147597125,161358585
2019/04/23,4535,10,0.22,4535,4535,4485,46815,211111075,731761182975,161358585
2019/04/24,4490,-45,-0.99,4570,4570,4490,53339,240522255,724500046650,161358585
2019/04/25,4475,-15,-0.33,4530,4530,4470,51286,230041360,722079667875,161358585
2019/04/26,4500,25,0.56,4475,4500,4450,175068,784894295,726113632500,161358585
2019/04/29,4495,-5,-0.11,4520,4525,4480,36241,162965390,725306839575,161358585
2019/04/30,4535,40,0.89,4520,4590,4500,138127,630276555,731761182975,161358585
2019/05/02,4570,35,0.77,4585,4585,4490,115331,521241710,737408733450,161358585
2019/05/03,4530,-40,-0.88,4595,4595,4500,60270,273957880,730954390050,161358585
2019/05/07,4405,-125,-2.76,4500,4555,4390,263225,1168462825,710784566925,161358585
2019/05/08,4410,5,0.11,4390,4450,4345,97911,431773590,711591359850,161358585
2019/05/09,4375,-35,-0.79,4430,4440,4315,169557,741683815,705943809375,161358585
2019/05/10,4295,-80,-1.83,4330,4370,4225,116575,499629985,693035122575,161358585
2019/05/13,4150,-145,-3.38,4290,4290,4115,221452,920737575,669638127750,161358585
2019/05/14,4130,-20,-0.48,4075,4180,4075,82130,338500910,666410956050,161358585
2019/05/15,4240,110,2.66,4140,4245,4140,95533,402140195,684160400400,161358585
2019/05/16,4205,-35,-0.83,4325,4325,4160,57635,243073355,678512849925,161358585
2019/05/17,4165,-40,-0.95,4250,4270,4165,71488,300472095,672058506525,161358585
2019/05/20,4240,75,1.80,4205,4255,4170,114510,482171475,684160400400,161358585
2019/05/21,4265,25,0.59,4250,4265,4195,94767,398708020,688194365025,161358585
2019/05/22,4170,-95,-2.23,4260,4265,4170,26178,109899820,672865299450,161358585
2019/05/23,4235,65,1.56,4170,4265,4115,71176,298436285,683353607475,161358585
2019/05/24,4175,-60,-1.42,4230,4240,4165,26748,112443530,673672092375,161358585
2019/05/27,4165,-10,-0.24,4220,4240,4155,26855,112392995,672058506525,161358585
2019/05/28,4160,-5,-0.12,4175,4190,4155,34645,144295585,671251713600,161358585
2019/05/29,4100,-60,-1.44,4180,4180,4080,81938,337328095,661570198500,161358585
2019/05/30,4030,-70,-1.71,4125,4125,4025,59045,238466740,650275097550,161358585
2019/05/31,3980,-50,-1.24,4055,4060,3975,141685,566126320,642207168300,161358585
2019/06/03,4025,45,1.13,3970,4035,3925,90025,356426955,649468304625,161358585
2019/06/04,4035,10,0.25,3960,4055,3960,60753,244513990,651081890475,161358585
2019/06/05,4000,-35,-0.87,4045,4080,3970,46709,188099885,645434340000,161358585
2019/06/07,3910,-90,-2.25,4005,4005,3895,144394,566197610,630912067350,161358585
2019/06/10,3890,-20,-0.51,3915,3930,3885,175416,683513250,627684895650,161358585
2019/06/11,3950,60,1.54,3905,3980,3890,172075,675089625,637366410750,161358585
2019/06/12,4045,95,2.41,3970,4055,3950,152706,614779775,652695476325,161358585
2019/06/13,3975,-70,-1.73,4060,4065,3970,174727,697211305,641400375375,161358585
2019/06/14,4010,35,0.88,4010,4025,3955,88511,352545720,647047925850,161358585
2019/06/17,4000,-10,-0.25,4030,4045,4000,50599,203179985,645434340000,161358585
2019/06/18,3990,-10,-0.25,3985,4030,3985,58614,234791290,643820754150,161358585
2019/06/19,4015,25,0.63,4005,4075,4005,43633,176256000,647854718775,161358585
2019/06/20,4265,250,6.23,4080,4645,4070,877607,3816175905,688194365025,161358585
2019/06/21,4125,-140,-3.28,4260,4265,4125,380369,1588660010,665604163125,161358585
2019/06/24,4150,25,0.61,4130,4220,4125,87539,364666280,669638127750,161358585
2019/06/25,4185,35,0.84,4170,4235,4150,106548,447603000,675285678225,161358585
2019/06/26,4330,145,3.46,4205,4340,4175,138865,593514315,698682673050,161358585
2019/06/27,4390,60,1.39,4350,4400,4275,81117,352337365,708364188150,161358585
2019/06/28,4365,-25,-0.57,4415,4415,4320,111391,487139490,704330223525,161358585
2019/07/01,4400,35,0.80,4335,4405,4315,61959,270073750,709977774000,161358585
2019/07/02,4445,45,1.02,4405,4470,4345,80425,354425195,717238910325,161358585
2019/07/03,4390,-55,-1.24,4445,4500,4325,81195,356653340,708364188150,161358585
2019/07/04,4390,0,0.00,4355,4430,4350,40646,178324210,708364188150,161358585
2019/07/05,4420,30,0.68,4390,4425,4390,32438,142983145,713204945700,161358585
2019/07/08,4275,-145,-3.28,4420,4425,4245,63737,274633145,689807950875,161358585
2019/07/09,4295,20,0.47,4275,4315,4270,52373,225011585,693035122575,161358585
2019/07/10,4290,-5,-0.12,4305,4320,4220,27355,116794535,692228329650,161358585
2019/07/11,4305,15,0.35,4270,4340,4245,37459,160929900,694648708425,161358585
2019/07/12,4310,5,0.12,4300,4320,4255,51731,221821015,695455501350,161358585
2019/07/15,4320,10,0.23,4315,4345,4270,19375,83422895,697069087200,161358585
2019/07/16,4285,-35,-0.81,4295,4330,4220,62209,265552970,691421536725,161358585
2019/07/17,4205,-80,-1.87,4270,4355,4000,53431,223995480,678512849925,161358585
2019/07/18,4295,90,2.14,4205,4295,4170,45161,190714965,693035122575,161358585
2019/07/19,4270,-25,-0.58,4270,4300,4250,10125,43249860,689001157950,161358585
2019/07/22,4260,-10,-0.23,4270,4290,4190,29165,123715175,687387572100,161358585
2019/07/23,4255,-5,-0.12,4260,4315,4225,19118,81584930,686580779175,161358585
2019/07/24,4180,-75,-1.76,4260,4270,4110,39173,164917330,674478885300,161358585
2019/07/25,4100,-80,-1.91,4180,4185,4080,18556,76284115,661570198500,161358585
2019/07/26,4030,-70,-1.71,4080,4120,4015,39361,158967025,650275097550,161358585
2019/07/29,3935,-95,-2.36,4025,4050,3875,89054,350435755,634946031975,161358585
2019/07/30,3900,-35,-0.89,3940,3940,3895,43152,168894785,629298481500,161358585
2019/07/31,3875,-25,-0.64,3905,3950,3875,61323,238662160,625264516875,161358585
2019/08/01,3775,-100,-2.58,3875,3880,3775,62642,239910610,609128658375,161358585
2019/08/02,3670,-105,-2.78,3750,3770,3650,78346,288203095,592186006950,161358585
2019/08/05,3390,-280,-7.63,3610,3670,3385,150215,519625790,547005603150,161358585
2019/08/06,3460,70,2.06,3315,3580,3270,179194,610478105,558300704100,161358585
2019/08/07,3400,-60,-1.73,3405,3510,3395,39473,135185145,548619189000,161358585
2019/08/08,3545,145,4.26,3380,3625,3380,136439,476598745,572016183825,161358585
2019/08/09,3570,25,0.71,3580,3595,3545,38597,137630560,576050148450,161358585
2019/08/12,3635,65,1.82,3555,3650,3515,36583,131818810,586538456475,161358585
2019/08/13,3600,-35,-0.96,3635,3645,3570,46836,168837755,580890906000,161358585
2019/08/14,3540,-60,-1.67,3600,3650,3540,44586,159761050,571209390900,161358585
2019/08/16,3475,-65,-1.84,3500,3560,3460,41936,146868375,560721082875,161358585
2019/08/19,3500,25,0.72,3445,3525,3440,56510,196882495,564755047500,161358585
2019/08/20,3610,110,3.14,3505,3620,3505,40009,142390325,582504491850,161358585
2019/08/21,3680,70,1.94,3610,3680,3555,62171,226351960,593799592800,161358585
2019/08/22,3690,10,0.27,3665,3690,3645,40939,150241025,595413178650,161358585
2019/08/23,3635,-55,-1.49,3665,3845,3575,273443,1018261085,586538456475,161358585
2019/08/26,3585,-50,-1.38,3630,3700,3565,56246,202564225,578470527225,161358585
2019/08/27,3540,-45,-1.26,3600,3610,3515,49707,176783415,571209390900,161358585
2019/08/28,3575,35,0.99,3545,3585,3525,27319,97075725,576856941375,161358585
2019/08/29,3600,25,0.70,3580,3625,3565,24935,89474135,580890906000,161358585
2019/08/30,3670,70,1.94,3600,3705,3595,62134,227712085,592186006950,161358585
2019/09/02,3730,60,1.63,3675,3900,3670,145832,548423400,601867522050,161358585
2019/09/03,3730,0,0.00,3720,3765,3690,46389,173379445,601867522050,161358585
2019/09/04,3710,-20,-0.54,3730,3800,3700,72248,268727550,598640350350,161358585
2019/09/05,3660,-50,-1.35,3730,3760,3650,106000,391796095,590572421100,161358585
2019/09/06,3625,-35,-0.96,3680,3700,3625,52312,190088260,584924870625,161358585
2019/09/09,3700,75,2.07,3630,3735,3630,45114,166777690,597026764500,161358585
2019/09/10,3780,80,2.16,3710,3785,3670,100947,378324030,609935451300,161358585
2019/09/11,3800,20,0.53,3755,3820,3755,131623,499449005,613162623000,161358585
2019/09/16,3870,70,1.84,3800,3890,3790,77206,297679155,624457723950,161358585
2019/09/17,3850,-20,-0.52,3850,3920,3795,66673,256253090,621230552250,161358585
2019/09/18,3910,60,1.56,3845,3925,3845,90223,349975830,630912067350,161358585
2019/09/19,3930,20,0.51,3870,3960,3870,67914,267089850,634139239050,161358585
2019/09/20,3925,-5,-0.13,3935,3965,3910,79888,314099930,633332446125,161358585
2019/09/23,3950,25,0.64,3955,3960,3905,38257,150432075,637366410750,161358585
2019/09/24,3995,45,1.14,3950,4060,3945,81529,327659780,644627547075,161358585
2019/09/25,3945,-50,-1.25,3995,4045,3945,70837,281263310,636559617825,161358585
2019/09/26,3900,-45,-1.14,3980,3990,3885,56208,220612380,629298481500,161358585
2019/09/27,3825,-75,-1.92,3905,3950,3815,54042,208113460,617196587625,161358585
2019/09/30,3820,-5,-0.13,3825,3870,3790,87322,333346390,616389794700,161358585
2019/10/01,3770,-50,-1.31,3795,3820,3710,77581,291800170,608321865450,161358585
2019/10/02,3745,-25,-0.66,3760,3775,3735,41278,154924250,604287900825,161358585
2019/10/04,3710,-35,-0.93,3750,3750,3685,61384,227629890,598640350350,161358585
2019/10/07,3700,-10,-0.27,3695,3745,3680,69462,256975635,597026764500,161358585
2019/10/08,3755,55,1.49,3700,3775,3695,44239,165235005,605901486675,161358585
2019/10/10,3705,-50,-1.33,3795,3800,3695,71999,267530695,597833557425,161358585
2019/10/11,3730,25,0.67,3710,3760,3700,29345,109311035,601867522050,161358585
2019/10/14,3780,50,1.34,3760,3795,3740,51572,194288505,609935451300,161358585
2019/10/15,3765,-15,-0.40,3780,3845,3765,32690,123979910,607515072525,161358585
2019/10/16,3760,-5,-0.13,3780,3810,3760,35887,135687485,606708279600,161358585
2019/10/17,3730,-30,-0.80,3745,3780,3720,69574,260219280,601867522050,161358585
2019/10/18,3700,-30,-0.80,3770,3775,3695,210936,781971420,597026764500,161358585
2019/10/21,3715,15,0.41,3700,3720,3680,31027,115009255,599447143275,161358585
2019/10/22,3695,-20,-0.54,3720,3745,3695,62059,230047190,596219971575,161358585
2019/10/23,3625,-70,-1.89,3695,3705,3555,174827,632289640,584924870625,161358585
2019/10/24,3685,60,1.66,3635,3695,3605,76689,279446750,594606385725,161358585
2019/10/25,3635,-50,-1.36,3690,3700,3625,17994,66027695,586538456475,161358585
2019/10/28,3740,105,2.89,3655,3740,3640,55198,204548930,603481107900,161358585
2019/10/29,3700,-40,-1.07,3745,3765,3675,16891,62789460,597026764500,161358585
2019/10/30,3665,-35,-0.95,3670,3700,3655,40538,148907810,591379214025,161358585
2019/10/31,3665,0,0.00,3665,3705,3660,32505,119238320,591379214025,161358585
2019/11/01,3650,-15,-0.41,3665,3665,3610,21601,78693340,588958835250,161358585
2019/11/04,3760,110,3.01,3710,3775,3665,102571,380617015,606708279600,161358585
2019/11/05,3700,-60,-1.60,3755,3755,3700,23224,86389415,597026764500,161358585
2019/11/06,3730,30,0.81,3715,3770,3700,32167,120175410,601867522050,161358585
2019/11/07,3830,100,2.68,3730,3980,3730,378125,1463704405,618003380550,161358585
2019/11/08,3860,30,0.78,3835,3900,3835,105161,406558975,622844138100,161358585
2019/11/11,4090,230,5.96,3865,4105,3865,383945,1547841555,659956612650,161358585
2019/11/12,4045,-45,-1.10,4100,4100,3970,154589,622903395,652695476325,161358585
2019/11/13,4050,5,0.12,4045,4075,3905,111168,445226575,653502269250,161358585
2019/11/14,3975,-75,-1.85,4050,4050,3965,74691,298111310,641400375375,161358585
2019/11/15,4035,60,1.51,3945,4035,3945,66882,268223450,651081890475,161358585
2019/11/18,4060,25,0.62,4035,4065,4000,32181,129978010,655115855100,161358585
2019/11/19,4030,-30,-0.74,4015,4060,4005,39471,159384545,650275097550,161358585
2019/11/20,3990,-40,-0.99,4030,4050,3980,112986,451987240,643820754150,161358585
2019/11/21,3935,-55,-1.38,3990,4010,3905,50108,197428955,634946031975,161358585
2019/11/22,3940,5,0.13,3940,3960,3910,29249,115102890,635752824900,161358585
2019/11/25,4010,70,1.78,3970,4015,3940,20675,82480255,647047925850,161358585
2019/11/26,4095,85,2.12,4010,4095,3975,56873,230398710,660763405575,161358585
2019/11/27,4075,-20,-0.49,4075,4090,4040,31623,128567535,657536233875,161358585
2019/11/28,4010,-65,-1.60,4045,4090,4010,37834,153052425,647047925850,161358585
2019/11/29,3965,-45,-1.12,4010,4040,3955,32275,128359885,639786789525,161358585
2019/12/02,3960,-5,-0.13,3930,3980,3925,23644,93465390,638979996600,161358585
2019/12/03,3875,-85,-2.15,3955,4060,3850,132159,516475750,625264516875,161358585
2019/12/04,3790,-85,-2.19,3870,3870,3760,93480,354983580,611549037150,161358585
2019/12/05,3780,-10,-0.26,3810,3810,3700,109239,409092180,609935451300,161358585
2019/12/06,3775,-5,-0.13,3770,3815,3755,27850,105312535,609128658375,161358585
2019/12/09,3805,30,0.79,3780,3835,3775,56268,213827385,613969415925,161358585
2019/12/10,3835,30,0.79,3785,3860,3785,29206,111854225,618810173475,161358585
2019/12/11,3835,0,0.00,3810,3845,3800,48461,185187710,618810173475,161358585
2019/12/12,3920,85,2.22,3830,3920,3830,83228,323658365,632525653200,161358585
2019/12/13,4105,185,4.72,3955,4155,3945,355789,1448518510,662376991425,161358585
2019/12/16,4095,-10,-0.24,4105,4240,4020,291467,1205987720,660763405575,161358585
2019/12/17,4175,80,1.95,4095,4190,4050,139383,575924510,673672092375,161358585
2019/12/18,4180,5,0.12,4175,4220,4130,162922,681562825,674478885300,161358585
2019/12/19,4215,35,0.84,4180,4230,4175,102238,429743360,680126435775,161358585
2019/12/20,4215,0,0.00,4225,4240,4195,104223,439624635,680126435775,161358585
2019/12/23,4320,105,2.49,4215,4320,4215,257408,1102823215,697069087200,161358585
2019/12/24,4435,115,2.66,4325,4455,4315,295436,1304244710,715625324475,161358585
2019/12/26,4460,25,0.56,4465,4470,4345,263429,1160463840,719659289100,161358585
2019/12/27,4070,-390,-8.74,4190,4200,4045,587277,2408712595,656729440950,161358585
2019/12/30,4000,-70,-1.72,4090,4090,3975,231098,929430165,645434340000,161358585
2020/01/02,3955,-45,-1.13,4025,4025,3915,138056,544559320,638173203675,161358585
2020/01/03,3935,-20,-0.51,3990,3990,3905,120485,473827195,634946031975,161358585
2020/01/06,3830,-105,-2.67,3935,3965,3815,300489,1167504060,618003380550,161358585
2020/01/07,3810,-20,-0.52,3885,3890,3805,104574,400246285,614776208850,161358585
2020/01/08,3705,-105,-2.76,3810,3810,3625,143683,528935225,597833557425,161358585
2020/01/09,3710,5,0.13,3740,3785,3710,97205,362887620,598640350350,161358585
2020/01/10,3740,30,0.81,3745,3770,3705,155289,579257870,603481107900,161358585
2020/01/13,3810,70,1.87,3745,3815,3745,88729,336076070,614776208850,161358585
2020/01/14,3880,70,1.84,3830,4030,3830,441440,1741253900,626071309800,161358585
2020/01/15,3855,-25,-0.64,3885,3905,3840,159605,617290965,622037345175,161358585
2020/01/16,3830,-25,-0.65,3860,3880,3815,78743,302157505,618003380550,161358585
2020/01/17,3780,-50,-1.31,3830,3850,3780,133738,508113950,609935451300,161358585
2020/01/20,3735,-45,-1.19,3790,3790,3730,119525,448020840,602674314975,161358585
2020/01/21,3675,-60,-1.61,3735,3745,3640,140062,515154010,592992799875,161358585
2020/01/22,3705,30,0.82,3675,3725,3650,36100,133685060,597833557425,161358585
2020/01/23,3660,-45,-1.21,3695,3710,3660,77731,285881260,590572421100,161358585
2020/01/28,3530,-130,-3.55,3600,3605,3475,181376,638135520,569595805050,161358585
2020/01/29,3585,55,1.56,3535,3615,3490,105061,375728570,578470527225,161358585
2020/01/30,3535,-50,-1.39,3545,3630,3535,79802,284227245,570402597975,161358585
2020/01/31,3595,60,1.70,3530,3595,3530,56826,203299690,580084113075,161358585
2020/02/03,3635,40,1.11,3525,3650,3460,76542,272472285,586538456475,161358585
2020/02/04,3575,-60,-1.65,3640,3685,3575,76471,276520960,576856941375,161358585
2020/02/05,3560,-15,-0.42,3575,3630,3550,120301,430581185,574436562600,161358585
2020/02/06,3625,65,1.83,3590,3660,3590,40231,146128345,584924870625,161358585
2020/02/07,3610,-15,-0.41,3625,3670,3590,31647,114714640,582504491850,161358585
2020/02/10,3610,0,0.00,3610,3630,3580,40767,146677215,582504491850,161358585
2020/02/11,3610,0,0.00,3600,3630,3575,60410,217239090,582504491850,161358585
2020/02/12,3610,0,0.00,3610,3620,3590,124000,446526425,582504491850,161358585
2020/02/13,3670,60,1.66,3675,3725,3635,148984,548687325,592186006950,161358585
2020/02/14,3700,30,0.82,3665,3720,3655,49100,180890735,597026764500,161358585
2020/02/17,3700,0,0.00,3710,3715,3690,39430,145950735,597026764500,161358585
2020/02/18,3670,-30,-0.81,3705,3715,3630,56247,205750380,592186006950,161358585
2020/02/19,3575,-95,-2.59,3690,3690,3560,56518,203774770,576856941375,161358585
2020/02/20,3585,10,0.28,3610,3615,3545,48859,174226230,578470527225,161358585
2020/02/21,3505,-80,-2.23,3580,3580,3475,78352,275315935,565561840425,161358585
2020/02/24,3365,-140,-3.99,3370,3490,3360,76676,260639780,542971638525,161358585
2020/02/25,3385,20,0.59,3400,3430,3350,79109,267721645,546198810225,161358585
2020/02/26,3345,-40,-1.18,3320,3385,3300,70617,235454475,539744466825,161358585
2020/02/27,3320,-25,-0.75,3350,3365,3320,26335,87823485,535710502200,161358585
2020/02/28,3210,-110,-3.31,3260,3320,3175,221195,709434520,517961057850,161358585
2020/03/02,3250,40,1.25,3200,3315,3190,62974,203834930,524415401250,161358585
2020/03/03,3325,75,2.31,3270,3380,3265,46286,153695545,536517295125,161358585
2020/03/04,3265,-60,-1.80,3320,3320,3240,119257,390003025,526835780025,161358585
2020/03/05,3285,20,0.61,3280,3345,3265,120904,398935665,530062951725,161358585
2020/03/06,3195,-90,-2.74,3275,3285,3190,89381,287899000,515540679075,161358585
2020/03/09,3070,-125,-3.91,3195,3195,2890,195762,600189555,495370855950,161358585
2020/03/10,2970,-100,-3.26,2975,3020,2950,219665,653803295,479234997450,161358585
2020/03/11,2940,-30,-1.01,2980,3035,2940,550212,1638321505,474394239900,161358585
2020/03/12,2650,-290,-9.86,2940,2945,2650,281271,768526470,427600250250,161358585
2020/03/13,2410,-240,-9.06,2400,2515,2315,634247,1584799110,388874189850,161358585
2020/03/16,2375,-35,-1.45,2395,2555,2375,162930,392474740,383226639375,161358585
2020/03/17,2280,-95,-4.00,2140,2415,2140,123875,285148500,367897573800,161358585
2020/03/18,2080,-200,-8.77,2265,2330,2080,164050,363525535,335625856800,161358585
2020/03/19,1700,-380,-18.27,2070,2090,1700,248537,463002485,274309594500,161358585
2020/03/20,1705,5,0.29,1735,1870,1450,1317845,2046955050,275116387425,161358585
2020/03/23,1565,-140,-8.21,1650,1685,1560,241356,385749720,252526185525,161358585
2020/03/24,1615,50,3.19,1600,1630,1550,679570,1080188080,260594114775,161358585
2020/03/25,1950,335,20.74,1700,2040,1675,739030,1376312425,314649240750,161358585
2020/03/26,2375,425,21.79,1995,2530,1960,835605,1923483225,383226639375,161358585
2020/03/27,2370,-5,-0.21,2510,2530,2350,466975,1127227675,382419846450,161358585
2020/03/30,2330,-40,-1.69,2260,2330,2200,267017,609724400,375965503050,161358585
2020/03/31,2350,20,0.86,2440,2455,2345,228358,546445360,379192674750,161358585
2020/04/01,2270,-80,-3.40,2355,2430,2260,284823,671724285,366283987950,161358585
2020/04/02,2310,40,1.76,2245,2320,2205,131756,298629860,372738331350,161358585
2020/04/03,2340,30,1.30,2320,2365,2290,258829,600028085,377579088900,161358585
2020/04/06,2455,115,4.91,2395,2480,2340,221662,539592825,396135326175,161358585
2020/04/07,2525,70,2.85,2520,2545,2450,372359,925734100,407430427125,161358585
2020/04/08,2835,310,12.28,2500,3140,2500,1123772,3206015380,457451588475,161358585
2020/04/09,2915,80,2.82,2855,2975,2855,376205,1105542745,470360275275,161358585
2020/04/10,3105,190,6.52,2960,3330,2900,1870244,5924202265,501018406425,161358585
2020/04/13,2910,-195,-6.28,3100,3130,2910,471267,1412006230,469553482350,161358585
2020/04/14,2930,20,0.69,2960,3000,2900,177399,520185385,472780654050,161358585
2020/04/16,2830,-100,-3.41,2900,2925,2715,196813,553951515,456644795550,161358585
2020/04/17,2955,125,4.42,2850,3090,2830,441859,1321428340,476814618675,161358585
2020/04/20,2965,10,0.34,2955,3005,2870,146257,431309845,478428204525,161358585
2020/04/21,2915,-50,-1.69,2950,2965,2780,176369,509057040,470360275275,161358585
2020/04/22,2940,25,0.86,2895,2970,2825,91908,265811590,474394239900,161358585
2020/04/23,2955,15,0.51,2960,3040,2930,83059,247425810,476814618675,161358585
2020/04/24,2945,-10,-0.34,2940,2985,2900,72240,212323550,475201032825,161358585
2020/04/27,2975,30,1.02,2915,3010,2900,136014,402978630,480041790375,161358585
2020/04/28,2970,-5,-0.17,2990,2990,2900,123386,364802570,479234997450,161358585
2020/04/29,2955,-15,-0.51,2950,3025,2950,167055,499924630,476814618675,161358585
2020/05/04,2975,20,0.68,2955,3000,2900,173653,513605655,480041790375,161358585
2020/05/06,3025,50,1.68,3000,3040,2995,134344,405020020,488109719625,161358585
2020/05/07,3030,5,0.17,3025,3070,3000,77245,235208740,488916512550,161358585
2020/05/08,3060,30,0.99,3040,3090,3040,131784,405175390,493757270100,161358585
2020/05/11,3130,70,2.29,3100,3160,3045,218618,680390030,505052371050,161358585
2020/05/12,3070,-60,-1.92,3135,3140,2980,166242,507284835,495370855950,161358585
2020/05/13,3190,120,3.91,3065,3230,3005,519430,1641446780,514733886150,161358585
2020/05/14,3125,-65,-2.04,3175,3215,3085,184584,580578815,504245578125,161358585
2020/05/15,3200,75,2.40,3150,3200,3085,160049,502616510,516347472000,161358585
2020/05/18,3160,-40,-1.25,3200,3215,3115,143754,454957370,509893128600,161358585
2020/05/19,3165,5,0.16,3210,3215,3150,190547,604307805,510699921525,161358585
2020/05/20,3215,50,1.58,3155,3230,3150,151826,486847480,518767850775,161358585
2020/05/21,3220,5,0.16,3230,3235,3185,98853,317369295,519574643700,161358585
2020/05/22,3100,-120,-3.73,3220,3230,3085,131127,412228740,500211613500,161358585
2020/05/25,3105,5,0.16,3110,3135,3040,128835,396728445,501018406425,161358585
2020/05/26,3100,-5,-0.16,3110,3120,3070,160888,498121700,500211613500,161358585
2020/05/27,3155,55,1.77,3090,3175,3090,133238,418809550,509086335675,161358585
2020/05/28,3105,-50,-1.58,3160,3245,3100,223572,709515605,501018406425,161358585
2020/05/29,2935,-170,-5.48,3105,3105,2935,301944,905595385,473587446975,161358585
2020/06/01,3065,130,4.43,2960,3080,2960,128754,391711955,494564063025,161358585
2020/06/02,3140,75,2.45,3070,3145,3070,86767,271074215,506665956900,161358585
2020/06/03,3175,35,1.11,3140,3295,3140,385200,1241596600,512313507375,161358585
2020/06/04,3115,-60,-1.89,3240,3240,3100,264888,836359180,502631992275,161358585
2020/06/05,3210,95,3.05,3115,3220,3115,141761,452126260,517961057850,161358585
2020/06/08,3180,-30,-0.93,3240,3250,3155,109368,349550090,513120300300,161358585
2020/06/09,3190,10,0.31,3190,3245,3170,209408,669558520,514733886150,161358585
2020/06/10,3200,10,0.31,3195,3230,3165,91573,292562385,516347472000,161358585
2020/06/11,3165,-35,-1.09,3175,3210,3135,257866,814166205,510699921525,161358585
2020/06/12,3030,-135,-4.27,3010,3055,2970,188589,566243455,488916512550,161358585
2020/06/15,2850,-180,-5.94,3025,3025,2845,179357,528734850,459871967250,161358585
2020/06/16,3020,170,5.96,2950,3030,2925,84512,251705850,487302926700,161358585
2020/06/17,2980,-40,-1.32,2975,3000,2955,80436,239703910,480848583300,161358585
2020/06/18,3025,45,1.51,2975,3030,2970,77860,234371055,488109719625,161358585
2020/06/19,2985,-40,-1.32,3025,3040,2985,86176,258489180,481655376225,161358585
2020/06/22,2955,-30,-1.01,2980,3005,2945,87770,260291640,476814618675,161358585
2020/06/23,2970,15,0.51,3000,3000,2940,44521,132275945,479234997450,161358585
2020/06/24,2990,20,0.67,2975,2995,2955,56791,169249670,482462169150,161358585
2020/06/25,2965,-25,-0.84,2910,2965,2910,70126,205848470,478428204525,161358585
2020/06/26,2985,20,0.67,2970,2985,2955,31305,92876610,481655376225,161358585
2020/06/29,2915,-70,-2.35,2975,2980,2895,82058,240480400,470360275275,161358585
2020/06/30,2905,-10,-0.34,2940,2945,2905,48086,140238225,468746689425,161358585
2020/07/01,2910,5,0.17,2925,2960,2900,30786,90102105,469553482350,161358585
2020/07/02,2905,-5,-0.17,2920,2930,2900,38490,112041680,468746689425,161358585
2020/07/03,2960,55,1.89,2885,2970,2885,65054,190705810,477621411600,161358585
2020/07/06,2955,-5,-0.17,2985,2985,2900,41557,122128445,476814618675,161358585
2020/07/07,2930,-25,-0.85,2950,2980,2890,155597,454199305,472780654050,161358585
2020/07/08,2920,-10,-0.34,2920,2925,2900,51210,149098365,471167068200,161358585
2020/07/09,2920,0,0.00,2925,2930,2900,54809,159364970,471167068200,161358585
2020/07/10,2920,0,0.00,2920,2940,2885,81408,236145690,471167068200,161358585
2020/07/13,2915,-5,-0.17,2910,2935,2885,66304,193358420,470360275275,161358585
2020/07/14,2875,-40,-1.37,2915,2915,2875,58583,169042060,463905931875,161358585
2020/07/15,2885,10,0.35,2885,2935,2880,44135,127808815,465519517725,161358585
2020/07/16,2880,-5,-0.17,2895,2905,2850,127953,368099085,464712724800,161358585
2020/07/17,2885,5,0.17,2880,2915,2845,164669,473956205,465519517725,161358585
2020/07/20,2915,30,1.04,2895,2920,2880,97711,283827530,470360275275,161358585
2020/07/21,2980,65,2.23,2920,2995,2905,176959,523587775,480848583300,161358585
2020/07/22,3060,80,2.68,2975,3120,2970,332045,1016387715,493757270100,161358585
2020/07/23,3015,-45,-1.47,3060,3075,2990,95836,288816655,486496133775,161358585
2020/07/24,2985,-30,-1.00,3000,3030,2980,73810,220910215,481655376225,161358585
2020/07/27,2995,10,0.34,2975,3030,2970,51008,152956720,483268962075,161358585
2020/07/28,3005,10,0.33,2995,3030,2990,39895,119860815,484882547925,161358585
2020/07/29,3005,0,0.00,3000,3040,3000,48738,146838555,484882547925,161358585
2020/07/30,3030,25,0.83,3005,3055,3000,115498,351195280,488916512550,161358585
2020/07/31,2990,-40,-1.32,3050,3050,2975,167878,502649760,482462169150,161358585
2020/08/03,2990,0,0.00,2990,3035,2980,54569,163800910,482462169150,161358585
2020/08/04,3010,20,0.67,3000,3010,2980,135750,406333145,485689340850,161358585
2020/08/05,3005,-5,-0.17,3010,3020,2980,46817,140528855,484882547925,161358585
2020/08/06,3035,30,1.00,3030,3040,2985,97139,293838245,489723305475,161358585
2020/08/07,3010,-25,-0.82,3045,3045,2995,56943,171130570,485689340850,161358585
2020/08/10,3045,35,1.16,2985,3065,2980,203756,617269040,491336891325,161358585
2020/08/11,3070,25,0.82,3045,3100,3045,210422,646026190,495370855950,161358585
2020/08/12,3220,150,4.89,3075,3245,3070,415412,1324152960,519574643700,161358585
2020/08/13,3205,-15,-0.47,3270,3270,3185,285351,918813865,517154264925,161358585
2020/08/14,3095,-110,-3.43,3235,3250,3055,256505,800275705,499404820575,161358585
2020/08/18,2985,-110,-3.55,3105,3110,2985,211828,640858480,481655376225,161358585
2020/08/19,3060,75,2.51,2995,3080,2995,150056,456904970,493757270100,161358585
2020/08/20,2940,-120,-3.92,3060,3065,2930,125225,371303145,474394239900,161358585
2020/08/21,2965,25,0.85,2965,2980,2950,65541,194077295,478428204525,161358585
2020/08/24,2960,-5,-0.17,2965,2970,2920,90736,268495975,477621411600,161358585
2020/08/25,3010,50,1.69,2960,3050,2960,119032,358220090,485689340850,161358585
2020/08/26,3000,-10,-0.33,3015,3045,2970,52504,157247345,484075755000,161358585
2020/08/27,2960,-40,-1.33,3005,3010,2950,73584,218546675,477621411600,161358585
2020/08/28,2985,25,0.84,2960,3070,2960,115333,345617945,481655376225,161358585
2020/08/31,2980,-5,-0.17,2975,3025,2975,104984,313482305,480848583300,161358585
2020/09/01,3015,35,1.17,3000,3035,2990,83848,252725715,486496133775,161358585
2020/09/02,3025,10,0.33,3020,3040,3005,64024,193392695,488109719625,161358585
2020/09/03,3025,0,0.00,3055,3060,3025,60978,185138835,488109719625,161358585
2020/09/04,3000,-25,-0.83,3010,3015,2970,127493,382390555,484075755000,161358585
2020/09/07,3020,20,0.67,3030,3050,3000,79814,241456400,487302926700,161358585
2020/09/08,3025,5,0.17,3030,3055,3015,104171,315772500,488109719625,161358585
2020/09/09,3020,-5,-0.17,3015,3060,2995,125476,381181015,487302926700,161358585
2020/09/10,3100,80,2.65,3035,3155,3035,157310,486429765,500211613500,161358585
2020/09/11,3100,0,0.00,3105,3115,3040,147881,455832575,500211613500,161358585
2020/09/14,3135,35,1.13,3090,3200,3085,128509,405659030,505859163975,161358585
2020/09/15,3140,5,0.16,3140,3175,3100,118694,370556380,506665956900,161358585
2020/09/16,3140,0,0.00,3120,3165,3110,148166,464611540,506665956900,161358585
2020/09/17,3145,5,0.16,3150,3220,3115,141330,446800550,507472749825,161358585
2020/09/18,3115,-30,-0.95,3120,3150,3115,69034,215756400,502631992275,161358585
2020/09/21,3115,0,0.00,3115,3140,3090,70334,219163310,502631992275,161358585
2020/09/22,3075,-40,-1.28,3100,3125,3070,63949,197762075,496177648875,161358585
2020/09/23,3060,-15,-0.49,3080,3115,3005,102806,312257640,493757270100,161358585
2020/09/24,3020,-40,-1.31,3015,3065,2990,138623,418492320,487302926700,161358585
2020/09/25,3030,10,0.33,3020,3055,3015,95569,289962640,488916512550,161358585
2020/09/28,3045,15,0.50,3030,3065,3030,26677,81437105,491336891325,161358585
2020/09/29,3065,20,0.66,3050,3075,3040,67666,206460155,494564063025,161358585
2020/10/05,3040,-25,-0.82,3060,3080,3000,115948,351965625,490530098400,161358585
2020/10/06,3065,25,0.82,3045,3085,3030,89933,274998060,494564063025,161358585
2020/10/07,3070,5,0.16,3050,3070,3035,65907,201571700,495370855950,161358585
2020/10/08,3075,5,0.16,3075,3080,3060,109838,337374925,496177648875,161358585
2020/10/12,3070,-5,-0.16,3080,3080,3030,208562,639649540,495370855950,161358585
2020/10/13,3070,0,0.00,3065,3100,3065,88763,272808875,495370855950,161358585
2020/10/14,3060,-10,-0.33,3070,3075,3035,256492,784314770,493757270100,161358585
2020/10/15,3085,25,0.82,3075,3085,3055,135667,416465685,497791234725,161358585
2020/10/16,3110,25,0.81,3080,3110,3070,158919,491717490,501825199350,161358585
2020/10/19,3190,80,2.57,3110,3190,3110,292519,927712870,514733886150,161358585
2020/10/20,3225,35,1.10,3190,3235,3160,336826,1079424875,520381436625,161358585
2020/10/21,3235,10,0.31,3235,3240,3185,125944,405521000,521995022475,161358585
2020/10/22,3445,210,6.49,3225,3445,3200,831607,2820752080,555880325325,161358585
2020/10/23,3430,-15,-0.44,3445,3475,3370,284080,969085910,553459946550,161358585
2020/10/26,3485,55,1.60,3445,3485,3395,237493,815514935,562334668725,161358585
2020/10/27,3260,-225,-6.46,3455,3455,3255,318627,1068080185,526028987100,161358585
2020/10/28,3345,85,2.61,3265,3360,3225,87402,287651945,539744466825,161358585
2020/10/29,3250,-95,-2.84,3210,3285,3195,192705,622865845,524415401250,161358585
2020/10/30,3150,-100,-3.08,3245,3260,3150,219670,702378970,508279542750,161358585
2020/11/02,3215,65,2.06,3080,3230,3080,94607,299454320,518767850775,161358585
2020/11/03,3280,65,2.02,3250,3280,3210,113841,369943165,529256158800,161358585
2020/11/04,3260,-20,-0.61,3320,3320,3230,74329,243480945,526028987100,161358585
2020/11/05,3275,15,0.46,3265,3325,3240,53241,174199930,528449365875,161358585
2020/11/06,3325,50,1.53,3265,3345,3250,141288,467152420,536517295125,161358585
2020/11/09,3345,20,0.60,3330,3375,3325,91918,308088935,539744466825,161358585
2020/11/10,3450,105,3.14,3375,3455,3345,220207,746890090,556687118250,161358585
2020/11/11,3500,50,1.45,3465,3540,3455,230390,804762870,564755047500,161358585
2020/11/12,3450,-50,-1.43,3495,3510,3430,131289,455041490,556687118250,161358585
2020/11/13,3425,-25,-0.72,3450,3480,3400,145143,497446610,552653153625,161358585
2020/11/16,3545,120,3.50,3425,3550,3405,442002,1544490985,572016183825,161358585
2020/11/17,3525,-20,-0.56,3585,3590,3470,231332,812370450,568789012125,161358585
2020/11/18,3530,5,0.14,3525,3540,3465,219943,767183245,569595805050,161358585
2020/11/19,3485,-45,-1.27,3520,3520,3420,142931,494035610,562334668725,161358585
2020/11/20,3475,-10,-0.29,3485,3500,3445,242231,839660565,560721082875,161358585
2020/11/23,3535,60,1.73,3475,3560,3435,271763,955692825,570402597975,161358585
2020/11/24,3620,85,2.40,3550,3645,3495,386585,1383696230,584118077700,161358585
2020/11/25,3620,0,0.00,3620,3750,3575,421845,1548941140,584118077700,161358585
2020/11/26,3555,-65,-1.80,3605,3635,3525,205246,731175745,573629769675,161358585
2020/11/27,3540,-15,-0.42,3545,3605,3500,155766,550065905,571209390900,161358585
2020/11/30,3660,120,3.39,3515,3660,3490,437571,1574718800,590572421100,161358585
2020/12/01,3615,-45,-1.23,3615,3645,3570,182874,658839460,583311284775,161358585
2020/12/02,3625,10,0.28,3620,3650,3595,115461,418063580,584924870625,161358585
2020/12/03,3620,-5,-0.14,3605,3635,3590,102737,370946770,584118077700,161358585
2020/12/04,3610,-10,-0.28,3640,3700,3580,223923,810464510,582504491850,161358585
2020/12/07,3580,-30,-0.83,3620,3620,3550,106735,381180020,577663734300,161358585
2020/12/08,3580,0,0.00,3580,3585,3515,158641,563169420,577663734300,161358585
2020/12/09,3555,-25,-0.70,3565,3605,3535,182450,648192620,573629769675,161358585
2020/12/10,3560,5,0.14,3565,3570,3510,58488,207216505,574436562600,161358585
2020/12/11,3615,55,1.54,3565,3615,3535,176130,632003115,583311284775,161358585
2020/12/14,3645,30,0.83,3615,3650,3600,165664,601483185,588152042325,161358585
2020/12/15,3690,45,1.23,3645,3725,3645,337040,1244486075,595413178650,161358585
2020/12/16,3920,230,6.23,3695,3955,3695,888204,3433039850,632525653200,161358585
2020/12/17,3845,-75,-1.91,3935,3970,3840,428197,1665698260,620423759325,161358585
2020/12/18,3780,-65,-1.69,3805,3870,3780,315248,1205543850,609935451300,161358585
2020/12/21,3705,-75,-1.98,3780,3780,3705,222807,831025085,597833557425,161358585
2020/12/22,3710,5,0.13,3735,3745,3660,185747,690070685,598640350350,161358585
2020/12/23,3680,-30,-0.81,3710,3750,3665,215065,792605420,593799592800,161358585
2020/12/24,3725,45,1.22,3670,3725,3670,323790,1199290910,601060729125,161358585
2020/12/28,3710,-15,-0.40,3700,3755,3700,500813,1867916975,598640350350,161358585
2020/12/29,3520,-190,-5.12,3620,3620,3490,251901,890495080,567982219200,161358585
2020/12/30,3520,0,0.00,3520,3545,3420,303373,1058152780,567982219200,161358585
2021/01/04,3495,-25,-0.71,3585,3595,3470,229241,800267220,563948254575,161358585
2021/01/05,3500,5,0.14,3485,3515,3420,153039,531112240,564755047500,161358585
2021/01/06,3580,80,2.29,3520,3585,3490,221571,785129725,577663734300,161358585
2021/01/07,4200,620,17.32,3650,4550,3635,8954612,37583102355,677706057000,161358585
2021/01/08,4150,-50,-1.19,4250,4260,4045,1343405,5574431335,669638127750,161358585
2021/01/11,4070,-80,-1.93,4140,4275,4025,930304,3846608790,656729440950,161358585
2021/01/12,4060,-10,-0.25,4100,4175,4045,575334,2356999685,655115855100,161358585
2021/01/13,4310,250,6.16,4060,4465,4060,1563509,6727941635,695455501350,161358585
2021/01/14,4265,-45,-1.04,4320,4420,4255,705289,3044896760,688194365025,161358585
2021/01/15,4160,-105,-2.46,4290,4290,4155,299052,1256830785,671251713600,161358585
2021/01/18,4070,-90,-2.16,4165,4200,4035,195671,802201400,656729440950,161358585
2021/01/19,4065,-5,-0.12,4080,4115,4045,162153,662186450,655922648025,161358585
2021/01/20,4040,-25,-0.62,4105,4135,4030,186653,756750885,651888683400,161358585
2021/01/21,4040,0,0.00,4080,4080,3965,226293,909376190,651888683400,161358585
2021/01/22,4000,-40,-0.99,4040,4075,3995,164748,663023425,645434340000,161358585
2021/01/25,3995,-5,-0.13,4000,4080,3940,210432,841312820,644627547075,161358585
2021/01/26,3965,-30,-0.75,4000,4075,3965,156651,628178605,639786789525,161358585
2021/01/27,3990,25,0.63,3965,4040,3945,96692,384609295,643820754150,161358585
2021/01/28,3985,-5,-0.13,3900,3995,3850,133025,524344055,643013961225,161358585
2021/01/29,3665,-320,-8.03,3990,3995,3665,381591,1436894760,591379214025,161358585
2021/02/01,3885,220,6.00,3665,3915,3600,219887,830002720,626878102725,161358585
2021/02/02,3920,35,0.90,3865,4035,3740,102586,405826170,632525653200,161358585
2021/02/03,4005,85,2.17,3975,4010,3885,154241,613901815,646241132925,161358585
2021/02/04,3890,-115,-2.87,4025,4030,3890,74897,293798190,627684895650,161358585
2021/02/05,3960,70,1.80,3900,3975,3890,73364,288994520,638979996600,161358585
2021/02/08,3965,5,0.13,4000,4000,3940,74181,295326765,639786789525,161358585
2021/02/09,4055,90,2.27,4020,4095,3975,200013,805287840,654309062175,161358585
2021/02/10,4055,0,0.00,4070,4075,3990,112344,454135025,654309062175,161358585
2021/02/15,4025,-30,-0.74,4045,4085,4015,103068,416950090,649468304625,161358585
2021/02/16,4010,-15,-0.37,4015,4050,3985,114903,460929760,647047925850,161358585
2021/02/17,4230,220,5.49,4020,4245,4020,629161,2624646710,682546814550,161358585
2021/02/18,4150,-80,-1.89,4230,4280,4095,154262,641001865,669638127750,161358585
2021/02/19,4145,-5,-0.12,4150,4245,4095,250908,1045670430,668831334825,161358585
2021/02/22,4430,285,6.88,4255,4465,4250,1286991,5638570945,714818531550,161358585
2021/02/23,4370,-60,-1.35,4430,4590,4310,827469,3656408065,705137016450,161358585
2021/02/24,4185,-185,-4.23,4360,4375,4160,367025,1562380080,675285678225,161358585
2021/02/25,4190,5,0.12,4240,4265,4140,397123,1663347885,676092471150,161358585
2021/02/26,4120,-70,-1.67,4210,4365,4100,674267,2846438515,664797370200,161358585
2021/03/02,4100,-20,-0.49,4150,4150,4085,262232,1076774935,661570198500,161358585
2021/03/03,4085,-15,-0.37,4095,4130,4055,119764,490399595,659149819725,161358585
2021/03/04,4170,85,2.08,4115,4220,4100,177960,741443170,672865299450,161358585
2021/03/05,4220,50,1.20,4180,4285,4170,320880,1354215365,680933228700,161358585
2021/03/08,4220,0,0.00,4260,4260,4180,158601,670177750,680933228700,161358585
2021/03/09,4225,5,0.12,4265,4305,4180,328762,1397684835,681740021625,161358585
2021/03/10,4180,-45,-1.07,4220,4220,4155,157719,658465690,674478885300,161358585
2021/03/11,4180,0,0.00,4180,4230,4155,144358,603863800,674478885300,161358585
2021/03/12,4225,45,1.08,4200,4225,4120,194014,810814285,681740021625,161358585
2021/03/15,4230,5,0.12,4225,4245,4205,297091,1254848570,682546814550,161358585
2021/03/16,4185,-45,-1.06,4250,4260,4145,324628,1358673685,675285678225,161358585
2021/03/17,4165,-20,-0.48,4200,4200,4140,143830,598298315,672058506525,161358585
2021/03/18,4160,-5,-0.12,4165,4180,4125,172423,715666355,671251713600,161358585
2021/03/19,4150,-10,-0.24,4200,4215,4135,212146,883143545,669638127750,161358585
2021/03/22,4170,20,0.48,4150,4180,4130,214217,891812680,672865299450,161358585
2021/03/23,4060,-110,-2.64,4170,4170,4045,387238,1583592085,655115855100,161358585
2021/03/24,4045,-15,-0.37,4020,4045,3925,259531,1039609765,652695476325,161358585
2021/03/25,4055,10,0.25,4050,4085,4020,215823,876685805,654309062175,161358585
2021/03/26,4085,30,0.74,4080,4110,4050,195097,796736875,659149819725,161358585
2021/03/29,4085,0,0.00,4100,4115,4070,169622,692785240,659149819725,161358585
2021/03/30,4150,65,1.59,4085,4170,4080,574652,2379609535,669638127750,161358585
2021/03/31,4230,80,1.93,4160,4245,4130,888813,3738575720,682546814550,161358585
2021/04/01,4195,-35,-0.83,4200,4240,4190,210587,885606940,676899264075,161358585
2021/04/02,4180,-15,-0.36,4210,4210,4160,177994,744724750,674478885300,161358585
2021/04/05,4270,90,2.15,4180,4285,4165,299841,1270071570,689001157950,161358585
2021/04/06,4285,15,0.35,4305,4310,4215,222556,951032385,691421536725,161358585
2021/04/07,4460,175,4.08,4290,4625,4285,1106290,4961542160,719659289100,161358585
2021/04/08,4560,100,2.24,4490,4560,4420,467934,2109334790,735795147600,161358585
2021/04/09,4455,-105,-2.30,4555,4560,4430,283757,1265225975,718852496175,161358585
2021/04/12,4425,-30,-0.67,4490,4490,4405,169696,753345905,714011738625,161358585
2021/04/13,4415,-10,-0.23,4400,4425,4370,157220,690407045,712398152775,161358585
2021/04/14,4415,0,0.00,4415,4435,4345,178462,780871500,712398152775,161358585
2021/04/15,4440,25,0.57,4440,4445,4385,219408,968842040,716432117400,161358585
2021/04/16,4405,-35,-0.79,4440,4465,4400,121116,534298805,710784566925,161358585
2021/04/19,4430,25,0.57,4400,4440,4390,119260,525832545,714818531550,161358585
2021/04/20,4690,260,5.87,4440,4690,4430,691739,3177628460,756771763650,161358585
2021/04/21,4670,-20,-0.43,4675,4700,4610,242269,1128044770,753544591950,161358585
2021/04/22,4605,-65,-1.39,4655,4685,4600,253885,1174463940,743056283925,161358585
2021/04/23,4700,95,2.06,4620,4740,4525,284548,1329448770,758385349500,161358585
2021/04/26,4685,-15,-0.32,4700,4825,4670,275146,1306667745,755964970725,161358585
2021/04/27,4750,65,1.39,4720,4760,4665,202243,951656645,766453278750,161358585
2021/04/28,4750,0,0.00,4775,4880,4730,333885,1601107095,766453278750,161358585
2021/04/29,4710,-40,-0.84,4785,4790,4675,132944,629521230,759998935350,161358585
2021/04/30,4760,50,1.06,4710,4900,4705,357458,1717497370,768066864600,161358585
2021/05/03,4855,95,2.00,4800,4895,4740,278337,1350865350,783395930175,161358585
2021/05/04,4860,5,0.10,4930,5060,4835,838065,4156944685,784202723100,161358585
2021/05/06,5030,170,3.50,4910,5200,4910,964877,4910738625,811633682550,161358585
2021/05/07,5320,290,5.77,5070,5320,5070,914661,4779264635,858427672200,161358585
2021/05/10,5320,0,0.00,5370,5380,5240,444614,2358293970,858427672200,161358585
2021/05/11,5550,230,4.32,5360,5590,5240,1182519,6452798390,895540146750,161358585
2021/05/12,5700,150,2.70,5740,6010,5560,1876372,10796127780,919743934500,161358585
2021/05/13,6100,400,7.02,5620,6330,5490,4057505,24625913550,984287368500,161358585
2021/05/14,5720,-380,-6.23,5980,6050,5660,1170885,6812245050,922971106200,161358585
2021/05/17,5420,-300,-5.24,5620,5630,5420,795555,4375294370,874563530700,161358585
2021/05/18,5520,100,1.85,5400,5680,5390,383893,2135351110,890699389200,161358585
2021/05/20,5500,-20,-0.36,5530,5630,5450,268775,1485306970,887472217500,161358585
2021/05/21,5370,-130,-2.36,5500,5510,5360,283711,1535361020,866495601450,161358585
2021/05/24,5430,60,1.12,5360,5530,5290,321774,1742169830,876177116550,161358585
2021/05/25,5430,0,0.00,5430,5490,5380,158267,859871410,876177116550,161358585
2021/05/26,5550,120,2.21,5420,5550,5350,194827,1066912090,895540146750,161358585
2021/05/27,5720,170,3.06,5540,5720,5460,500828,2820495380,922971106200,161358585
2021/05/28,5660,-60,-1.05,5770,5770,5650,325300,1850762720,913289591100,161358585
2021/05/31,5650,-10,-0.18,5660,5680,5570,174994,983751790,911676005250,161358585
2021/06/01,5600,-50,-0.88,5600,5700,5590,901261,5049051720,903608076000,161358585
2021/06/02,5680,80,1.43,5670,5770,5650,310764,1769789290,916516762800,161358585
2021/06/03,5640,-40,-0.70,5700,5720,5610,236585,1335083770,910062419400,161358585
2021/06/04,5650,10,0.18,5660,5670,5580,275171,1546476400,911676005250,161358585
2021/06/07,5610,-40,-0.71,5650,5650,5520,239760,1337725060,905221661850,161358585
2021/06/08,5770,160,2.85,5600,5790,5560,643482,3695609940,931039035450,161358585
2021/06/09,5620,-150,-2.60,5760,5800,5610,632676,3576049330,906835247700,161358585
2021/06/10,5480,-140,-2.49,5560,5590,5460,468429,2586459390,884245045800,161358585
2021/06/11,5620,140,2.55,5500,5640,5450,378300,2113470070,906835247700,161358585
2021/06/14,5620,0,0.00,5620,5670,5570,170449,960122330,906835247700,161358585
2021/06/15,5580,-40,-0.71,5600,5640,5560,168945,945054490,900380904300,161358585
2021/06/16,5740,160,2.87,5620,5770,5600,405265,2322441330,926198277900,161358585
2021/06/17,5760,20,0.35,5840,5950,5690,434402,2510262580,929425449600,161358585
2021/06/18,5720,-40,-0.69,5690,5750,5640,325636,1853325440,922971106200,161358585
2021/06/21,5550,-170,-2.97,5690,5690,5500,367129,2042178380,895540146750,161358585
2021/06/22,5560,10,0.18,5580,5620,5550,109398,610739300,897153732600,161358585
2021/06/23,5570,10,0.18,5560,5620,5500,241159,1340240920,898767318450,161358585
2021/06/24,5610,40,0.72,5580,5640,5490,211749,1178323590,905221661850,161358585
2021/06/25,5610,0,0.00,5650,5710,5590,213480,1206557250,905221661850,161358585
2021/06/28,5720,110,1.96,5650,5720,5610,170954,969625210,922971106200,161358585
2021/06/29,5600,-120,-2.10,5710,5710,5590,167282,940826230,903608076000,161358585
2021/06/30,5610,10,0.18,5600,5680,5580,156256,877761890,905221661850,161358585
2021/07/01,5580,-30,-0.53,5600,5650,5560,89640,500574810,900380904300,161358585
2021/07/02,5560,-20,-0.36,5580,5650,5560,126438,708274640,897153732600,161358585
2021/07/05,5500,-60,-1.08,5580,5580,5480,177911,982135420,887472217500,161358585
2021/07/06,5620,120,2.18,5490,5630,5460,244854,1355841080,906835247700,161358585
2021/07/07,5550,-70,-1.25,5570,5580,5490,196940,1085321980,895540146750,161358585
2021/07/08,5500,-50,-0.90,5540,5560,5370,235326,1285860010,887472217500,161358585
2021/07/09,5410,-90,-1.64,5410,5480,5330,257014,1384515960,872949944850,161358585
2021/07/12,5440,30,0.55,5430,5480,5400,92771,505018300,877790702400,161358585
2021/07/13,5490,50,0.92,5460,5530,5460,70187,386061470,885858631650,161358585
2021/07/14,5420,-70,-1.28,5460,5500,5420,97430,529736440,874563530700,161358585
2021/07/15,5420,0,0.00,5450,5530,5380,161092,874431690,874563530700,161358585
2021/07/16,5430,10,0.18,5410,5490,5360,138835,753631020,876177116550,161358585
2021/07/19,5370,-60,-1.10,5400,5430,5330,106903,573069200,866495601450,161358585
2021/07/20,5360,-10,-0.19,5260,5370,5250,77524,413132840,864882015600,161358585
2021/07/21,5610,250,4.66,5390,6590,5370,4609799,27422416000,905221661850,161358585
2021/07/22,5790,180,3.21,5680,5820,5600,1174379,6744432480,934266207150,161358585
2021/07/23,5740,-50,-0.86,5870,5880,5620,652126,3751071620,926198277900,161358585
2021/07/26,5630,-110,-1.92,5700,5900,5600,731471,4189050480,908448833550,161358585
2021/07/27,5540,-90,-1.60,5630,5640,5520,311668,1737244000,893926560900,161358585
2021/07/28,5420,-120,-2.17,5550,5550,5340,605229,3278521110,874563530700,161358585
2021/07/29,5300,-120,-2.21,5380,5470,5250,442291,2359518880,855200500500,161358585
2021/07/30,5370,70,1.32,5300,5370,5270,147580,783462890,866495601450,161358585
2021/08/02,5310,-60,-1.12,5370,5390,5260,164458,872716250,856814086350,161358585
2021/08/03,5410,100,1.88,5310,5410,5270,143397,766947410,872949944850,161358585
2021/08/04,5480,70,1.29,5420,5490,5390,143180,779587440,884245045800,161358585
2021/08/05,5450,-30,-0.55,5480,5510,5450,126847,693322540,879404288250,161358585
2021/08/06,5500,50,0.92,5450,5500,5400,121649,661806460,887472217500,161358585
2021/08/09,5430,-70,-1.27,5540,5550,5420,93762,511070940,876177116550,161358585
2021/08/10,5440,10,0.18,5440,5470,5400,92361,501785960,877790702400,161358585
2021/08/11,5430,-10,-0.18,5440,5500,5370,271479,1472598410,876177116550,161358585
2021/08/12,5410,-20,-0.37,5470,5490,5400,171539,931763680,872949944850,161358585
2021/08/13,5430,20,0.37,5450,5470,5310,644780,3481685890,876177116550,161358585
2021/08/17,5430,0,0.00,5400,5510,5350,352404,1913047300,876177116550,161358585
2021/08/18,5430,0,0.00,5460,5460,5350,315519,1704584440,876177116550,161358585
2021/08/19,5310,-120,-2.21,5430,5450,5250,412022,2199849410,856814086350,161358585
2021/08/20,5060,-250,-4.71,5290,5300,5020,731551,3766667360,816474440100,161358585
2021/08/23,5140,80,1.58,5080,5200,5040,338881,1742001030,829383126900,161358585
2021/08/24,5310,170,3.31,5160,5330,5160,389413,2053269920,856814086350,161358585
2021/08/25,5370,60,1.13,5330,5390,5280,345416,1845219380,866495601450,161358585
2021/08/26,5410,40,0.74,5400,5540,5340,587894,3193509200,872949944850,161358585
2021/08/27,5410,0,0.00,5360,5440,5340,298667,1612149500,872949944850,161358585
2021/08/30,5380,-30,-0.55,5470,5470,5270,307810,1650284630,868109187300,161358585
2021/08/31,5400,20,0.37,5350,5400,5330,220267,1181684460,871336359000,161358585
2021/09/01,5460,60,1.11,5400,5490,5390,279508,1523739130,881017874100,161358585
2021/09/02,5670,210,3.85,5480,5720,5460,1058104,5977976500,914903176950,161358585
2021/09/03,5770,100,1.76,5740,5810,5650,602416,3459736960,931039035450,161358585
2021/09/06,5920,150,2.60,5810,5920,5710,701365,4116741920,955242823200,161358585
2021/09/07,5870,-50,-0.84,5940,5940,5790,434533,2549137160,947174893950,161358585
2021/09/08,5930,60,1.02,5870,5950,5840,489472,2893558000,956856409050,161358585
2021/09/09,6280,350,5.90,5880,6310,5870,1498141,9248756030,1013331913800,161358585
2021/09/10,6630,350,5.57,6290,6710,6160,1886928,12244809790,1069807418550,161358585
2021/09/13,6660,30,0.45,6630,6800,6530,850886,5665057640,1074648176100,161358585
2021/09/14,6920,260,3.90,6620,6960,6530,1037076,7057830750,1116601408200,161358585
2021/09/15,6830,-90,-1.30,6920,6990,6830,454997,3137842290,1102079135550,161358585
2021/09/16,6810,-20,-0.29,6810,6900,6470,867717,5829866650,1098851963850,161358585
2021/09/17,6760,-50,-0.73,6750,6970,6670,518283,3530158000,1090784034600,161358585
2021/09/23,6710,-50,-0.74,6680,6810,6610,458389,3077547350,1082716105350,161358585
2021/09/24,6780,70,1.04,6710,6840,6700,298841,2022898650,1094011206300,161358585
2021/09/27,6930,150,2.21,6760,6960,6760,430470,2971843380,1118214994050,161358585
2021/09/28,7050,120,1.73,6960,7120,6920,564131,3980751750,1137578024250,161358585
2021/09/29,7050,0,0.00,7070,7100,6870,475602,3330247540,1137578024250,161358585
2021/09/30,6990,-60,-0.85,7080,7080,6970,270927,1899428310,1127896509150,161358585
2021/10/01,6960,-30,-0.43,6980,7110,6920,254580,1781111800,1123055751600,161358585
2021/10/05,7190,230,3.30,6960,7250,6960,669928,4802330930,1160168226150,161358585
2021/10/06,7760,570,7.93,7270,7990,7140,1806235,13707279170,1252142619600,161358585
2021/10/07,7690,-70,-0.90,7800,7960,7200,1271524,9729677730,1240847518650,161358585
2021/10/08,7740,50,0.65,7610,7900,7570,392639,3029667740,1248915447900,161358585
2021/10/12,7780,40,0.52,7740,7920,7650,356343,2774459230,1255369791300,161358585
2021/10/13,7330,-450,-5.78,7790,7840,7250,810411,6048572740,1182758428050,161358585
2021/10/14,7220,-110,-1.50,7260,7300,6930,853766,6089213090,1165008983700,161358585
2021/10/15,7330,110,1.52,7170,7400,7170,427236,3116140310,1182758428050,161358585
2021/10/18,7490,160,2.18,7280,7490,7270,400374,2959770820,1208575801650,161358585
2021/10/19,7510,20,0.27,7470,7600,7420,264325,1984458830,1211802973350,161358585
2021/10/20,7520,10,0.13,7510,7600,7460,294737,2222385830,1213416559200,161358585
2021/10/21,7500,-20,-0.27,7530,7600,7480,266175,2009551710,1210189387500,161358585
2021/10/22,7170,-330,-4.40,7480,7560,7130,649172,4705094050,1156941054450,161358585
2021/10/25,7050,-120,-1.67,7170,7210,7000,438742,3096793840,1137578024250,161358585
2021/10/26,7120,70,0.99,7050,7170,7000,214199,1517231430,1148873125200,161358585
2021/10/27,6950,-170,-2.39,7120,7210,6900,691652,4831742960,1121442165750,161358585
2021/10/28,6960,10,0.14,6980,7020,6900,292919,2038450450,1123055751600,161358585
2021/10/29,6850,-110,-1.58,6960,7000,6790,281265,1933994120,1105306307250,161358585
2021/11/01,6850,0,0.00,6850,6900,6800,183788,1256870180,1105306307250,161358585
2021/11/02,6830,-20,-0.29,6880,6910,6700,317330,2155322250,1102079135550,161358585
2021/11/03,6700,-130,-1.90,6800,6870,6660,282582,1901841590,1081102519500,161358585
2021/11/04,6760,60,0.90,6710,6830,6540,306695,2043443840,1090784034600,161358585
2021/11/05,6830,70,1.04,6760,6880,6750,234276,1598997390,1102079135550,161358585
2021/11/08,7000,170,2.49,6830,7000,6780,130749,901877910,1129510095000,161358585
2021/11/09,6980,-20,-0.29,7040,7120,6910,144839,1011046710,1126282923300,161358585
2021/11/10,6920,-60,-0.86,6930,7080,6870,173141,1204391470,1116601408200,161358585
2021/11/11,6850,-70,-1.01,7020,7020,6790,200272,1381073070,1105306307250,161358585
2021/11/12,7200,350,5.11,6830,7260,6830,376251,2690349440,1161781812000,161358585
2021/11/15,7110,-90,-1.25,7240,7250,7070,192662,1376131150,1147259539350,161358585
2021/11/16,7120,10,0.14,7100,7230,7050,168458,1198707790,1148873125200,161358585
2021/11/17,6900,-220,-3.09,7120,7130,6880,260158,1819006600,1113374236500,161358585
2021/11/18,6720,-180,-2.61,6920,6920,6690,237819,1603274720,1084329691200,161358585
2021/11/19,6890,170,2.53,6740,6960,6710,218489,1501526710,1111760650650,161358585
2021/11/22,6970,80,1.16,6880,7110,6820,231412,1623826390,1124669337450,161358585
2021/11/23,7390,420,6.03,6930,7390,6930,555806,4038538390,1192439943150,161358585
2021/11/24,7490,100,1.35,7480,7580,7310,778858,5815905650,1208575801650,161358585
2021/11/25,7300,-190,-2.54,7490,7490,7270,280774,2070707040,1177917670500,161358585
2021/11/26,6930,-370,-5.07,7310,7380,6920,507109,3565367380,1118214994050,161358585
2021/11/29,6900,-30,-0.43,6780,6940,6670,277613,1900967490,1113374236500,161358585
2021/11/30,6640,-260,-3.77,6910,7010,6560,284147,1919389660,1071421004400,161358585
2021/12/01,6700,60,0.90,6610,6770,6520,150432,1004187220,1081102519500,161358585
2021/12/02,6830,130,1.94,6600,6830,6600,170736,1146865740,1102079135550,161358585
2021/12/03,6930,100,1.46,6950,6950,6840,169400,1170253890,1118214994050,161358585
2021/12/06,6860,-70,-1.01,6830,6910,6800,82628,566799430,1106919893100,161358585
2021/12/07,6810,-50,-0.73,6900,6920,6800,102519,703281240,1098851963850,161358585
2021/12/08,6810,0,0.00,6870,6890,6800,187946,1283222770,1098851963850,161358585
2021/12/09,6920,110,1.62,6870,6950,6820,192844,1329157840,1116601408200,161358585
2021/12/10,7100,180,2.60,6890,7130,6880,380880,2679461700,1145645953500,161358585
2021/12/13,7050,-50,-0.70,7160,7170,7020,146270,1033756630,1137578024250,161358585
2021/12/14,7450,400,5.67,7010,7540,7010,1084864,8031484610,1202121458250,161358585
2021/12/15,7300,-150,-2.01,7460,7470,7300,263255,1940260740,1177917670500,161358585
2021/12/16,7080,-220,-3.01,7280,7320,7020,486752,3465382650,1142418781800,161358585
2021/12/17,7270,190,2.68,7070,7320,7070,260278,1882470210,1173076912950,161358585
2021/12/20,6970,-300,-4.13,7260,7260,6970,332284,2345516770,1124669337450,161358585
2021/12/21,6950,-20,-0.29,6970,7060,6920,272831,1897457360,1121442165750,161358585
2021/12/22,6880,-70,-1.01,7000,7010,6840,262950,1812281830,1110147064800,161358585
2021/12/23,6850,-30,-0.44,6990,7290,6790,639676,4428380310,1105306307250,161358585
2021/12/24,6870,20,0.29,6850,7030,6830,357404,2463145390,1108533478950,161358585
2021/12/27,6930,60,0.87,6900,6950,6880,188436,1303329420,1118214994050,161358585
2021/12/28,6980,50,0.72,6950,6990,6860,463240,3203678580,1126282923300,161358585
2021/12/29,6710,-270,-3.87,6690,6760,6610,296560,1977419500,1082716105350,161358585
2021/12/30,6600,-110,-1.64,6710,6710,6600,179790,1192555180,1064966661000,161358585
2022/01/03,6630,30,0.45,6540,6700,6540,131664,870588990,1069807418550,161358585
2022/01/04,6680,50,0.75,6630,6720,6610,101282,673190170,1077875347800,161358585
2022/01/05,6790,110,1.65,6680,6890,6680,265418,1807295680,1095624792150,161358585
2022/01/06,6610,-180,-2.65,6770,6790,6610,130735,875702000,1066580246850,161358585
2022/01/07,6640,30,0.45,6640,6740,6610,72524,483760700,1071421004400,161358585
2022/01/10,6850,210,3.16,6670,7000,6660,336319,2307971160,1105306307250,161358585
2022/01/11,6780,-70,-1.02,6810,6850,6710,143154,970415410,1094011206300,161358585
2022/01/12,6660,-120,-1.77,6750,6780,6600,206156,1373752400,1074648176100,161358585
2022/01/13,6660,0,0.00,6690,6710,6620,143669,958102620,1074648176100,161358585
2022/01/14,6540,-120,-1.80,6610,6720,6540,171345,1130334580,1055285145900,161358585
2022/01/17,6120,-420,-6.42,6610,6610,6120,287545,1799879890,987514540200,161358585
2022/01/18,6090,-30,-0.49,6150,6280,6060,188121,1157668720,982673782650,161358585
2022/01/19,6120,30,0.49,6090,6250,6000,174133,1073082400,987514540200,161358585
2022/01/20,6020,-100,-1.63,6110,6210,5950,203381,1225699650,971378681700,161358585
2022/01/21,5860,-160,-2.66,6020,6070,5850,267292,1587764450,945561308100,161358585
2022/01/24,5830,-30,-0.51,5800,6380,5730,507892,3045804430,940720550550,161358585
2022/01/25,5730,-100,-1.72,5870,5880,5720,173674,1003329260,924584692050,161358585
2022/01/26,5990,260,4.54,5750,6080,5750,241308,1440046890,966537924150,161358585
2022/01/27,5930,-60,-1.00,6050,6150,5740,280924,1667829650,956856409050,161358585
2022/01/28,5960,30,0.51,5930,6070,5850,140084,836909130,961697166600,161358585
2022/02/03,6110,150,2.52,5960,6230,5960,96197,590862620,985900954350,161358585
2022/02/04,6300,190,3.11,6130,6300,6130,72437,451567860,1016559085500,161358585
2022/02/07,6310,10,0.16,6300,6340,6210,66862,420436670,1018172671350,161358585
2022/02/08,6210,-100,-1.58,6230,6320,6200,74165,463295780,1002036812850,161358585
2022/02/09,6400,190,3.06,6250,6450,6240,76865,489188300,1032694944000,161358585
2022/02/10,6470,70,1.09,6450,6470,6310,120511,770954820,1043990044950,161358585
2022/02/11,6240,-230,-3.55,6450,6500,6240,96123,607324190,1006877570400,161358585
2022/02/14,6250,10,0.16,6180,6280,6030,107291,658690640,1008491156250,161358585
2022/02/15,6130,-120,-1.92,6250,6260,6110,52532,322661640,989128126050,161358585
2022/02/16,6210,80,1.31,6160,6270,6040,228792,1411261160,1002036812850,161358585
2022/02/17,6140,-70,-1.13,6350,6390,6100,240543,1502935670,990741711900,161358585
2022/02/18,6150,10,0.16,6090,6200,6060,48084,295063740,992355297750,161358585
2022/02/21,6200,50,0.81,6130,6230,6090,38782,239150930,1000423227000,161358585
2022/02/22,6120,-80,-1.29,6160,6190,6070,70751,433196300,987514540200,161358585
2022/02/23,6200,80,1.31,6170,6250,6150,64895,402102620,1000423227000,161358585
2022/02/24,6070,-130,-2.10,6110,6170,5980,171831,1040336320,979446610950,161358585
2022/02/25,6150,80,1.32,6110,6180,6080,60134,368710910,992355297750,161358585
2022/02/28,6150,0,0.00,6180,6220,6100,56409,347539180,992355297750,161358585
2022/03/02,6140,-10,-0.16,6110,6180,6090,83662,512315630,990741711900,161358585
2022/03/03,6210,70,1.14,6230,6290,6140,98783,616555520,1002036812850,161358585
2022/03/04,6320,110,1.77,6240,6330,6150,134334,840720990,1019786257200,161358585
2022/03/07,6120,-200,-3.16,6290,6330,6090,159881,984351370,987514540200,161358585
2022/03/08,6100,-20,-0.33,6100,6120,6000,88545,536016150,984287368500,161358585
2022/03/10,6170,70,1.15,6140,6290,6130,89125,552680340,995582469450,161358585
2022/03/11,6180,10,0.16,6170,6260,6120,118123,731446100,997196055300,161358585
2022/03/14,6170,-10,-0.16,6200,6230,6160,66174,409554900,995582469450,161358585
2022/03/15,6140,-30,-0.49,6180,6230,6110,68763,424656000,990741711900,161358585
2022/03/16,6170,30,0.49,6160,6210,6120,109671,673603820,995582469450,161358585
2022/03/17,6230,60,0.97,6240,6270,6190,101581,632826350,1005263984550,161358585
2022/03/18,6320,90,1.44,6240,6320,6210,119411,749452510,1019786257200,161358585
2022/03/21,6300,-20,-0.32,6330,6350,6250,66951,421690000,1016559085500,161358585
2022/03/22,6490,190,3.02,6300,6530,6280,227166,1461171050,1047217216650,161358585
2022/03/23,6490,0,0.00,6550,6560,6470,73797,481466460,1047217216650,161358585
2022/03/24,6500,10,0.15,6530,6530,6400,78279,507585900,1048830802500,161358585
2022/03/25,6450,-50,-0.77,6480,6550,6450,57897,376397250,1040762873250,161358585
2022/03/28,6530,80,1.24,6490,6640,6460,141463,931062320,1053671560050,161358585
2022/03/29,6610,80,1.23,6630,6630,6500,87566,575209570,1066580246850,161358585
2022/03/30,6530,-80,-1.21,6640,6650,6530,100131,660667870,1053671560050,161358585
2022/03/31,6620,90,1.38,6530,6620,6530,47924,316275550,1068193832700,161358585
2022/04/01,6580,-40,-0.60,6590,6660,6560,60068,396631390,1061739489300,161358585
2022/04/04,6540,-40,-0.61,6580,6620,6540,53166,348968130,1055285145900,161358585
2022/04/05,6520,-20,-0.31,6540,6560,6380,87781,569328730,1052057974200,161358585
2022/04/06,6670,150,2.30,6510,6680,6510,120122,798091600,1076261761950,161358585
2022/04/07,6910,240,3.60,6670,6910,6540,340221,2306124980,1114987822350,161358585
2022/04/08,6680,-230,-3.33,6910,6950,6660,271403,1834400020,1077875347800,161358585
2022/04/11,6720,40,0.60,6680,6780,6580,74246,498445520,1084329691200,161358585
2022/04/12,6690,-30,-0.45,6700,6780,6680,90922,612020180,1079488933650,161358585
2022/04/13,6780,90,1.35,6690,6790,6680,60507,407664850,1094011206300,161358585
2022/04/14,6790,10,0.15,6800,6800,6700,62932,425320380,1095624792150,161358585
2022/04/15,6880,90,1.33,6820,6900,6710,116983,802373600,1110147064800,161358585
2022/04/18,6880,0,0.00,6920,6920,6800,74579,511809450,1110147064800,161358585
2022/04/19,6880,0,0.00,6920,6920,6850,63471,436472750,1110147064800,161358585
2022/04/20,6970,90,1.31,6910,6990,6860,102019,706691810,1124669337450,161358585
2022/04/21,6920,-50,-0.72,6970,7000,6870,56781,393262690,1116601408200,161358585
2022/04/22,6890,-30,-0.43,6810,6940,6810,74576,513570310,1111760650650,161358585
2022/04/25,6900,10,0.15,6850,6960,6830,95673,660806670,1113374236500,161358585
2022/04/26,6910,10,0.14,6940,6940,6850,70354,484387800,1114987822350,161358585
2022/04/27,6680,-230,-3.33,6890,6890,6410,131941,887624320,1077875347800,161358585
2022/04/28,6650,-30,-0.45,6720,6770,6570,55301,367596300,1073034590250,161358585
2022/04/29,6740,90,1.35,6710,6760,6650,73740,494859270,1087556862900,161358585
2022/05/02,6710,-30,-0.45,6700,6760,6630,97843,652536750,1082716105350,161358585
2022/05/03,6650,-60,-0.89,6710,6720,6650,50140,334084150,1073034590250,161358585
2022/05/04,6620,-30,-0.45,6680,6680,6610,42523,282466380,1068193832700,161358585
2022/05/06,6580,-40,-0.60,6570,6610,6560,42818,281794180,1061739489300,161358585
2022/05/09,6420,-160,-2.43,6510,6580,6400,108242,700673970,1035922115700,161358585
2022/05/10,6420,0,0.00,6340,6420,6300,92887,591037790,1035922115700,161358585
2022/05/11,6340,-80,-1.25,6450,6450,6310,77648,491809910,1023013428900,161358585
2022/05/12,6120,-220,-3.47,6270,6300,6050,141306,875192920,987514540200,161358585
2022/05/13,6130,10,0.16,6070,6220,6070,113723,696814410,989128126050,161358585
2022/05/16,6090,-40,-0.65,6200,6200,6060,100412,612308830,982673782650,161358585
2022/05/17,6040,-50,-0.82,6080,6120,6030,91071,552704330,974605853400,161358585
2022/05/18,6020,-20,-0.33,6100,6130,5990,81641,492579760,971378681700,161358585
2022/05/19,5820,-200,-3.32,5920,5990,5800,204753,1202652420,939106964700,161358585
2022/05/20,5800,-20,-0.34,5820,5870,5800,132563,771659260,935879793000,161358585
2022/05/23,5810,10,0.17,5830,5840,5760,84145,487393840,937493378850,161358585
2022/05/24,5760,-50,-0.86,5820,5930,5750,98407,571108840,929425449600,161358585
2022/05/25,5730,-30,-0.52,5740,5800,5730,72333,415518940,924584692050,161358585
2022/05/26,5670,-60,-1.05,5770,5770,5640,116945,666181280,914903176950,161358585
2022/05/27,5830,160,2.82,5670,5900,5670,153998,894759260,940720550550,161358585
2022/05/30,5860,30,0.51,5830,5950,5830,86854,510719790,945561308100,161358585
2022/05/31,5860,0,0.00,5870,5930,5810,142918,840419130,945561308100,161358585
2022/06/02,5800,-60,-1.02,5890,5910,5780,81671,475132240,935879793000,161358585
2022/06/03,6050,250,4.31,5810,6060,5810,193288,1156137060,976219439250,161358585
2022/06/07,5900,-150,-2.48,6040,6060,5900,109732,656125390,952015651500,161358585
2022/06/08,6090,190,3.22,5910,6090,5910,99202,600778660,982673782650,161358585
2022/06/09,6070,-20,-0.33,6090,6200,5980,171401,1048790570,979446610950,161358585
2022/06/10,6140,70,1.15,6080,6200,6070,151767,930560360,990741711900,161358585
2022/06/13,5800,-340,-5.54,5950,6020,5800,287594,1682791880,935879793000,161358585
2022/06/14,5490,-310,-5.34,5740,5830,5360,627620,3444183360,885858631650,161358585
2022/06/15,5520,30,0.55,5490,5730,5480,224364,1261466490,890699389200,161358585
2022/06/16,5730,210,3.80,5630,5840,5630,149621,861032720,924584692050,161358585
2022/06/17,5890,160,2.79,5650,5890,5580,107896,620665260,950402065650,161358585
2022/06/20,5830,-60,-1.02,5900,5900,5650,112510,645519300,940720550550,161358585
2022/06/21,5780,-50,-0.86,5830,5880,5740,83509,484047040,932652621300,161358585
2022/06/22,5700,-80,-1.38,5880,5920,5650,154667,891658490,919743934500,161358585
2022/06/23,5480,-220,-3.86,5630,5680,5450,97097,538832530,884245045800,161358585
2022/06/24,5540,60,1.09,5430,5560,5430,58695,323689200,893926560900,161358585
2022/06/27,5710,170,3.07,5630,5720,5550,67970,384116470,921357520350,161358585
2022/06/28,5750,40,0.70,5770,5770,5670,35483,202913840,927811863750,161358585
2022/06/29,5720,-30,-0.52,5690,5740,5630,32453,184693680,922971106200,161358585
2022/06/30,5710,-10,-0.17,5720,5740,5610,43348,246164060,921357520350,161358585
2022/07/01,5650,-60,-1.05,5680,5740,5620,39127,222022360,911676005250,161358585
2022/07/04,5690,40,0.71,5640,5740,5610,29961,169634910,918130348650,161358585
2022/07/05,5720,30,0.53,5650,5780,5650,51941,296447260,922971106200,161358585
2022/07/06,5680,-40,-0.70,5710,5750,5650,55045,314416440,916516762800,161358585
2022/07/07,5620,-60,-1.06,5780,5790,5600,47989,271893660,906835247700,161358585
2022/07/08,5600,-20,-0.36,5650,5680,5600,32257,181514380,903608076000,161358585
2022/07/11,5600,0,0.00,5650,5700,5600,69749,392959890,903608076000,161358585
2022/07/12,5450,-150,-2.68,5600,5600,5420,80962,445215760,879404288250,161358585
2022/07/13,5540,90,1.65,5460,5550,5460,39827,219375100,893926560900,161358585
2022/07/14,5470,-70,-1.26,5530,5530,5440,33426,183276230,882631459950,161358585
2022/07/15,5280,-190,-3.47,5470,5470,5260,58615,312877000,851973328800,161358585
2022/07/18,5540,260,4.92,5340,5540,5340,45877,249031660,893926560900,161358585
2022/07/19,5450,-90,-1.62,5510,5510,5440,47116,257337260,879404288250,161358585
2022/07/20,5540,90,1.65,5530,5560,5450,72966,402580730,893926560900,161358585
2022/07/21,5470,-70,-1.26,5540,5550,5450,78111,428662070,882631459950,161358585
2022/07/22,5420,-50,-0.91,5470,5510,5420,148280,810120500,874563530700,161358585
2022/07/25,5450,30,0.55,5420,5480,5350,45651,248194250,879404288250,161358585
2022/07/26,5430,-20,-0.37,5450,5450,5400,26595,144228950,876177116550,161358585
2022/07/27,5330,-100,-1.84,5430,5450,5230,122130,650412900,860041258050,161358585
2022/07/28,5340,10,0.19,5360,5370,5320,81761,436817740,861654843900,161358585
2022/07/29,5400,60,1.12,5340,5400,5340,52445,281682410,871336359000,161358585
2022/08/01,5340,-60,-1.11,5400,5440,5330,109861,589442210,861654843900,161358585
2022/08/02,5320,-20,-0.37,5340,5360,5300,42466,225934570,858427672200,161358585
2022/08/03,5370,50,0.94,5320,5380,5280,44036,235228580,866495601450,161358585
2022/08/04,5360,-10,-0.19,5380,5400,5350,64835,348333720,864882015600,161358585
2022/08/05,5410,50,0.93,5420,5440,5380,95671,517978830,872949944850,161358585
2022/08/08,5470,60,1.11,5410,5490,5360,59173,322254610,882631459950,161358585
2022/08/09,5470,0,0.00,5500,5500,5430,48854,267402380,882631459950,161358585
2022/08/10,5440,-30,-0.55,5490,5510,5430,93321,511056630,877790702400,161358585
2022/08/11,5520,80,1.47,5510,5550,5490,53259,293832470,890699389200,161358585
2022/08/12,5580,60,1.09,5510,5590,5500,53529,297425980,900380904300,161358585
2022/08/16,5590,10,0.18,5610,5620,5540,49725,277076580,901994490150,161358585
2022/08/17,5560,-30,-0.54,5590,5590,5520,84037,466234150,897153732600,161358585
2022/08/18,5520,-40,-0.72,5530,5560,5440,48529,266956690,890699389200,161358585
2022/08/19,5670,150,2.72,5550,5900,5520,275018,1567824700,914903176950,161358585
2022/08/22,5530,-140,-2.47,5720,5720,5500,89467,499348240,892312975050,161358585
2022/08/23,5490,-40,-0.72,5590,5600,5480,76205,420746480,885858631650,161358585
2022/08/24,5530,40,0.73,5550,5560,5510,28108,155599920,892312975050,161358585
2022/08/25,5590,60,1.08,5580,5620,5570,33236,186068290,901994490150,161358585
2022/08/26,5620,30,0.54,5600,5640,5580,31573,177209050,906835247700,161358585
2022/08/29,5540,-80,-1.42,5550,5580,5510,43871,243084450,893926560900,161358585
2022/08/30,5570,30,0.54,5540,5600,5520,69652,387116250,898767318450,161358585
2022/08/31,5630,60,1.08,5580,5710,5550,60649,341312080,908448833550,161358585
2022/09/01,5550,-80,-1.42,5630,5660,5530,27626,154107150,895540146750,161358585
2022/09/02,5500,-50,-0.90,5550,5580,5500,49860,275194900,887472217500,161358585
2022/09/05,5510,10,0.18,5520,5600,5470,38959,214749050,889085803350,161358585
2022/09/06,5530,20,0.36,5570,5570,5500,16689,92069480,892312975050,161358585
2022/09/07,5400,-130,-2.35,5570,5570,5350,124896,678993600,871336359000,161358585
2022/09/08,5390,-10,-0.19,5460,5500,5280,140538,754072540,869722773150,161358585
2022/09/13,5460,70,1.30,5410,5480,5400,58973,320837940,881017874100,161358585
2022/09/14,5410,-50,-0.92,5350,5440,5350,28193,152292650,872949944850,161358585
2022/09/15,5390,-20,-0.37,5430,5440,5350,25910,139712640,869722773150,161358585
2022/09/16,5270,-120,-2.23,5320,5380,5220,238354,1256942290,850359742950,161358585
2022/09/19,5250,-20,-0.38,5270,5290,5210,64756,338804640,847132571250,161358585
2022/09/20,5330,80,1.52,5240,5360,5240,72310,382704730,860041258050,161358585
2022/09/21,5330,0,0.00,5330,5340,5290,30576,162668230,860041258050,161358585
2022/09/22,5490,160,3.00,5300,5500,5240,134133,721480460,885858631650,161358585
2022/09/23,5330,-160,-2.91,5430,5440,5330,45620,244815970,860041258050,161358585
2022/09/26,5200,-130,-2.44,5300,5300,5150,84497,440534160,839064642000,161358585
2022/09/27,5050,-150,-2.88,5220,5220,5000,204313,1033182340,814860854250,161358585
2022/09/28,4825,-225,-4.46,5070,5070,4820,192458,945862425,778555172625,161358585
2022/09/29,4900,75,1.55,4900,4970,4850,121490,596425420,790657066500,161358585
2022/09/30,4815,-85,-1.73,4850,4950,4785,117574,570836275,776941586775,161358585
2022/10/04,4920,105,2.18,4915,4950,4815,91421,446746235,793884238200,161358585
2022/10/05,4900,-20,-0.41,4950,4955,4860,71307,348842055,790657066500,161358585
2022/10/06,4900,0,0.00,4900,4925,4875,66434,325111940,790657066500,161358585
2022/10/07,4965,65,1.33,4900,4995,4890,58298,288751490,801145374525,161358585
2022/10/11,4940,-25,-0.50,4900,4960,4830,107950,527307985,797111409900,161358585
2022/10/12,4960,20,0.40,4975,4975,4920,109254,540861565,800338581600,161358585
2022/10/13,4880,-80,-1.61,4970,4980,4870,57798,283301155,787429894800,161358585
2022/10/14,4935,55,1.13,4880,4945,4880,88498,436285695,796304616975,161358585
2022/10/17,4995,60,1.22,4900,5080,4865,88895,442011945,805986132075,161358585
2022/10/18,5050,55,1.10,5010,5070,4995,38018,191491385,814860854250,161358585
2022/10/19,5030,-20,-0.40,5060,5110,5020,54178,274119050,811633682550,161358585
2022/10/20,5160,130,2.58,5030,5160,4940,233184,1175439050,832610298600,161358585
2022/10/21,5080,-80,-1.55,5110,5140,4980,38268,194443600,819701611800,161358585
2022/10/24,5100,20,0.39,5110,5210,5080,140887,723915420,822928783500,161358585
2022/10/25,4995,-105,-2.06,5130,5130,4995,107460,540856730,805986132075,161358585
2022/10/26,4990,-5,-0.10,5020,5050,4980,53682,268566625,805179339150,161358585
2022/10/27,5080,90,1.80,4990,5200,4990,66937,342538025,819701611800,161358585
2022/10/28,5170,90,1.77,5080,5210,4975,122947,634155505,834223884450,161358585
2022/10/31,5120,-50,-0.97,5170,5180,5120,25454,130897400,826155955200,161358585
2022/11/01,5130,10,0.20,5120,5190,5090,41852,214534760,827769541050,161358585
2022/11/02,5180,50,0.97,5180,5260,5130,66839,348219460,835837470300,161358585
2022/11/03,5250,70,1.35,5140,5260,5100,114249,593885200,847132571250,161358585
2022/11/04,5190,-60,-1.14,5250,5250,5160,66330,343946770,837451056150,161358585
2022/11/07,5180,-10,-0.19,5260,5260,5160,33175,172003790,835837470300,161358585
2022/11/08,5130,-50,-0.97,5180,5230,5120,60407,310657810,827769541050,161358585
2022/11/09,5120,-10,-0.19,5170,5170,5120,65088,334020270,826155955200,161358585
2022/11/10,5150,30,0.59,5130,5190,5110,75120,388274370,830996712750,161358585
2022/11/11,5180,30,0.58,5250,5250,5160,68787,356948370,835837470300,161358585
2022/11/14,5180,0,0.00,5180,5210,5160,59181,306681470,835837470300,161358585
2022/11/15,5280,100,1.93,5180,5280,5170,74708,390825520,851973328800,161358585
2022/11/16,5290,10,0.19,5280,5310,5230,48471,256619980,853586914650,161358585
2022/11/17,5270,-20,-0.38,5280,5320,5270,27590,145824360,850359742950,161358585
2022/11/18,5250,-20,-0.38,5270,5290,5240,43685,229908590,847132571250,161358585
2022/11/21,5210,-40,-0.76,5250,5250,5190,49467,257811560,840678227850,161358585
2022/11/22,5240,30,0.58,5170,5270,5170,28069,146869740,845518985400,161358585
2022/11/23,5280,40,0.76,5240,5300,5230,54232,285076860,851973328800,161358585
2022/11/24,5340,60,1.14,5320,5350,5270,50647,268754840,861654843900,161358585
2022/11/25,5410,70,1.31,5310,5450,5310,70790,380328820,872949944850,161358585
2022/11/28,5500,90,1.66,5410,5560,5390,152981,837155110,887472217500,161358585
2022/11/29,5490,-10,-0.18,5550,5560,5480,58961,324824960,885858631650,161358585
2022/11/30,5510,20,0.36,5490,5550,5470,70707,389866620,889085803350,161358585
2022/12/01,5620,110,2.00,5550,5630,5480,140846,783635070,906835247700,161358585
2022/12/02,5630,10,0.18,5650,5650,5550,98109,548994160,908448833550,161358585
2022/12/05,5530,-100,-1.78,5590,5620,5520,82769,459508090,892312975050,161358585
2022/12/06,5470,-60,-1.08,5480,5530,5380,108214,589144770,882631459950,161358585
2022/12/07,5430,-40,-0.73,5360,5520,5360,63869,347527180,876177116550,161358585
2022/12/08,5460,30,0.55,5470,5490,5410,26437,143869770,881017874100,161358585
2022/12/09,5550,90,1.65,5460,5570,5460,72097,398760280,895540146750,161358585
2022/12/12,5580,30,0.54,5570,5650,5520,140654,788309890,900380904300,161358585
2022/12/13,5620,40,0.72,5590,5630,5560,74899,418662880,906835247700,161358585
2022/12/14,5620,0,0.00,5640,5650,5590,80978,455737070,906835247700,161358585
2022/12/15,5600,-20,-0.36,5620,5640,5580,71164,399642860,903608076000,161358585
2022/12/16,5670,70,1.25,5480,5670,5480,106885,599933830,914903176950,161358585
2022/12/19,5670,0,0.00,5650,5680,5620,58458,330337520,914903176950,161358585
2022/12/20,5630,-40,-0.71,5610,5660,5600,76901,432556420,908448833550,161358585
2022/12/21,5680,50,0.89,5600,5680,5600,89722,507057720,916516762800,161358585
2022/12/22,5670,-10,-0.18,5700,5700,5660,87682,497684540,914903176950,161358585
2022/12/23,5650,-20,-0.35,5670,5670,5590,137879,775348710,911676005250,161358585
2022/12/26,5630,-20,-0.35,5660,5690,5610,179384,1009275320,908448833550,161358585
2022/12/27,5750,120,2.13,5650,5790,5630,541332,3092337180,927811863750,161358585
2022/12/28,5050,-700,-12.17,5420,5460,5050,708919,3693979330,814860854250,161358585
2022/12/29,4860,-190,-3.76,5010,5080,4855,243075,1193448895,784202723100,161358585
2023/01/02,4635,-225,-4.63,4855,4855,4635,273768,1267003355,747897041475,161358585
2023/01/03,4540,-95,-2.05,4505,4590,4375,294040,1316140650,732567975900,161358585
2023/01/04,4735,195,4.30,4500,4765,4455,120042,560207600,764032899975,161358585
2023/01/05,4795,60,1.27,4670,4805,4670,102827,487610105,773714415075,161358585
2023/01/06,4745,-50,-1.04,4750,4805,4715,122795,582788145,765646485825,161358585
2023/01/09,4820,75,1.58,4760,4825,4740,100807,483241030,777748379700,161358585
2023/01/10,4725,-95,-1.97,4810,4810,4700,187858,892384230,762419314125,161358585
2023/01/11,4685,-40,-0.85,4735,4740,4640,183736,858300195,755964970725,161358585
2023/01/12,4600,-85,-1.81,4685,4715,4600,181074,838126155,742249491000,161358585
2023/01/13,4640,40,0.87,4600,4665,4585,169463,780916680,748703834400,161358585
2023/01/16,4695,55,1.19,4655,4710,4640,133519,624572500,757578556575,161358585
2023/01/17,4675,-20,-0.43,4700,4710,4660,103181,483308000,754351384875,161358585
2023/01/18,4645,-30,-0.64,4695,4695,4640,63106,294248715,749510627325,161358585
2023/01/19,4710,65,1.40,4610,4730,4605,96429,451577015,759998935350,161358585
2023/01/20,4730,20,0.42,4710,4730,4695,100047,471388970,763226107050,161358585
2023/01/25,4720,-10,-0.21,4745,4755,4720,122420,580144255,761612521200,161358585
2023/01/26,4715,-5,-0.11,4715,4775,4705,99699,470926840,760805728275,161358585
2023/01/27,4745,30,0.64,4715,4755,4705,105531,499725595,765646485825,161358585
2023/01/30,4785,40,0.84,4760,4835,4755,112925,540522435,772100829225,161358585
2023/01/31,4780,-5,-0.10,4785,4785,4730,73281,347963410,771294036300,161358585
2023/02/01,4700,-80,-1.67,4775,4775,4700,174402,823162950,758385349500,161358585
2023/02/02,4625,-75,-1.60,4710,4710,4560,254122,1175839990,746283455625,161358585
2023/02/03,4590,-35,-0.76,4625,4645,4575,115120,528343260,740635905150,161358585
2023/02/06,4555,-35,-0.76,4590,4590,4515,186440,845836840,734988354675,161358585
2023/02/07,4560,5,0.11,4530,4585,4530,40529,184745020,735795147600,161358585
2023/02/08,4560,0,0.00,4560,4590,4525,225495,1026762850,735795147600,161358585
2023/02/09,4535,-25,-0.55,4560,4570,4535,112209,510042605,731761182975,161358585
2023/02/10,4560,25,0.55,4565,4570,4540,78748,358601280,735795147600,161358585
2023/02/13,4565,5,0.11,4550,4565,4530,65250,297384890,736601940525,161358585
2023/02/14,4525,-40,-0.88,4530,4565,4520,111260,504472555,730147597125,161358585
2023/02/15,4500,-25,-0.55,4525,4525,4470,107038,480811885,726113632500,161358585
2023/02/16,4425,-75,-1.67,4470,4490,4385,227459,1003936435,714011738625,161358585
2023/02/17,4340,-85,-1.92,4335,4405,4305,196656,852826040,700296258900,161358585
2023/02/20,4320,-20,-0.46,4340,4350,4295,85695,370020030,697069087200,161358585
2023/02/21,4320,0,0.00,4320,4340,4310,71023,306970840,697069087200,161358585
2023/02/22,4325,5,0.12,4300,4325,4275,141776,609303010,697875880125,161358585
2023/02/23,4340,15,0.35,4295,4385,4280,126063,547043665,700296258900,161358585
2023/02/24,4395,55,1.27,4350,4440,4350,106814,468580775,709170981075,161358585
2023/02/27,4410,15,0.34,4400,4475,4370,130419,576571375,711591359850,161358585
2023/02/28,4375,-35,-0.79,4410,4455,4360,158815,700941890,705943809375,161358585
2023/03/02,4430,55,1.26,4370,4440,4360,76594,337053985,714818531550,161358585
2023/03/03,4400,-30,-0.68,4430,4430,4375,76639,336999625,709977774000,161358585
2023/03/06,4360,-40,-0.91,4390,4395,4315,98599,428543130,703523430600,161358585
2023/03/07,4315,-45,-1.03,4360,4360,4315,80677,349192330,696262294275,161358585
2023/03/08,4330,15,0.35,4320,4335,4300,45071,194678560,698682673050,161358585
2023/03/09,4300,-30,-0.69,4330,4360,4300,57726,249215665,693841915500,161358585
2023/03/10,4200,-100,-2.33,4285,4285,4195,113986,482652110,677706057000,161358585
2023/03/13,4105,-95,-2.26,4100,4165,4010,129488,527084110,662376991425,161358585
2023/03/14,3990,-115,-2.80,4055,4060,3990,137417,552021755,643820754150,161358585
2023/03/15,3975,-15,-0.38,3970,4020,3970,72262,288228385,641400375375,161358585
2023/03/16,3895,-80,-2.01,3945,3975,3890,118896,464462230,628491688575,161358585
2023/03/17,3850,-45,-1.16,3910,3935,3850,288665,1118500860,621230552250,161358585
2023/03/20,3795,-55,-1.43,3875,3875,3795,244119,933138340,612355830075,161358585
2023/03/21,3825,30,0.79,3785,3865,3780,108830,415288485,617196587625,161358585
2023/03/22,3770,-55,-1.44,3845,3845,3770,98654,374286630,608321865450,161358585
2023/03/23,3680,-90,-2.39,3705,3770,3645,310079,1140783180,593799592800,161358585
2023/03/24,3555,-125,-3.40,3615,3650,3530,300513,1073032185,573629769675,161358585
2023/03/27,3515,-40,-1.13,3560,3580,3510,111567,393816550,567175426275,161358585
2023/03/28,3525,10,0.28,3510,3565,3510,97338,344718270,568789012125,161358585
2023/03/29,3640,115,3.26,3525,3640,3525,123077,442871630,587345249400,161358585
2023/03/30,3805,165,4.53,3655,3805,3650,234508,873833575,613969415925,161358585
2023/03/31,3810,5,0.13,3805,3850,3775,131929,501178100,614776208850,161358585
2023/04/03,3725,-85,-2.23,3800,3810,3715,89842,335595295,601060729125,161358585
2023/04/04,3665,-60,-1.61,3695,3715,3660,136529,502481335,591379214025,161358585
2023/04/05,3685,20,0.55,3685,3700,3650,91744,338248205,594606385725,161358585
2023/04/06,3610,-75,-2.04,3695,3695,3610,118158,430098370,582504491850,161358585
2023/04/07,3610,0,0.00,3630,3630,3570,105462,378242855,582504491850,161358585
2023/04/10,3500,-110,-3.05,3625,3625,3480,218712,772365570,564755047500,161358585
2023/04/11,3610,110,3.14,3500,3630,3480,125876,448089980,582504491850,161358585
2023/04/12,3680,70,1.94,3610,3705,3605,140722,518538470,593799592800,161358585
2023/04/13,3705,25,0.68,3675,3720,3650,85753,315222620,597833557425,161358585
2023/04/14,3720,15,0.40,3710,3720,3675,109043,402316705,600253936200,161358585
2023/04/17,3695,-25,-0.67,3720,3735,3655,101542,372989915,596219971575,161358585
2023/04/18,3645,-50,-1.35,3690,3690,3640,107235,391690225,588152042325,161358585
2023/04/19,3730,85,2.33,3655,3745,3655,191237,708550820,601867522050,161358585
2023/04/20,3860,130,3.49,3730,3900,3685,452610,1730921345,622844138100,161358585
2023/04/21,4200,340,8.81,3815,4655,3815,2181538,9250743000,677706057000,161358585
2023/04/24,4080,-120,-2.86,4140,4270,4005,470695,1953596495,658343026800,161358585
2023/04/25,4045,-35,-0.86,4070,4210,3925,422449,1722025250,652695476325,161358585
2023/04/26,3985,-60,-1.48,3995,4025,3945,130995,521204095,643013961225,161358585
2023/04/27,3930,-55,-1.38,3985,3985,3875,86361,338448495,634139239050,161358585
2023/04/28,3950,20,0.51,3920,4010,3850,118235,462488955,637366410750,161358585
2023/05/02,3905,-45,-1.14,3995,3995,3770,280554,1084425865,630105274425,161358585
2023/05/03,3900,-5,-0.13,3945,3985,3860,102935,405481815,629298481500,161358585
2023/05/04,3830,-70,-1.79,3870,3940,3830,155212,598657595,618003380550,161358585
2023/05/08,3820,-10,-0.26,3815,3865,3815,59139,226858105,616389794700,161358585
2023/05/09,3930,110,2.88,3880,3985,3825,289846,1136020623,634139239050,161358585
2023/05/10,3905,-25,-0.64,3960,3960,3875,77379,301536690,630105274425,161358585
2023/05/11,3930,25,0.64,3890,3935,3890,96231,376444030,634139239050,161358585
2023/05/12,3725,-205,-5.22,3895,3920,3700,701266,2630267470,601060729125,161358585
2023/05/15,3555,-170,-4.56,3700,3720,3525,434720,1558835705,573629769675,161358585
2023/05/16,3545,-10,-0.28,3600,3615,3520,312928,1111223755,572016183825,161358585
2023/05/17,3750,205,5.78,3550,3770,3530,333712,1224187235,605094693750,161358585
2023/05/18,3870,120,3.20,3760,3940,3710,334393,1286708830,624457723950,161358585
2023/05/19,3830,-40,-1.03,3950,3950,3810,127180,489340085,618003380550,161358585
2023/05/22,3840,10,0.26,3800,3875,3800,87619,336628975,619616966400,161358585
2023/05/23,3900,60,1.56,3895,3900,3825,69420,269483670,629298481500,161358585
2023/05/24,3905,5,0.13,3875,3905,3845,47834,185673455,630105274425,161358585
2023/05/25,3900,-5,-0.13,3895,3905,3865,68214,264645140,629298481500,161358585
2023/05/26,3785,-115,-2.95,3890,3895,3775,129290,493049875,610742244225,161358585
2023/05/30,3815,30,0.79,3795,3840,3765,86932,329359255,615583001775,161358585
2023/05/31,3750,-65,-1.70,3790,3825,3725,138444,521134070,605094693750,161358585
2023/06/01,3740,-10,-0.27,3770,3790,3700,96192,358671970,603481107900,161358585
2023/06/02,3765,25,0.67,3740,3765,3710,61269,229543805,607515072525,161358585
2023/06/05,3790,25,0.66,3765,3800,3765,39309,148641520,611549037150,161358585
2023/06/07,3835,45,1.19,3790,3900,3780,88953,340823690,618810173475,161358585
2023/06/08,3740,-95,-2.48,3820,3885,3730,221369,835298185,603481107900,161358585
2023/06/09,3735,-5,-0.13,3740,3790,3735,148457,555681585,602674314975,161358585
2023/06/12,3730,-5,-0.13,3745,3750,3675,112373,416059180,601867522050,161358585
2023/06/13,3705,-25,-0.67,3730,3730,3685,124217,460838865,597833557425,161358585
2023/06/14,3675,-30,-0.81,3715,3715,3640,151090,553429090,592992799875,161358585
2023/06/15,3645,-30,-0.82,3700,3700,3635,91130,332862070,588152042325,161358585
2023/06/16,3660,15,0.41,3655,3685,3640,62822,229944560,590572421100,161358585
2023/06/19,3670,10,0.27,3645,3680,3645,41965,153494770,592186006950,161358585
2023/06/20,3670,0,0.00,3670,3675,3640,65281,238467750,592186006950,161358585
2023/06/21,3630,-40,-1.09,3670,3670,3630,64295,233852345,585731663550,161358585
2023/06/22,3650,20,0.55,3630,3650,3600,33537,121748405,588958835250,161358585
2023/06/23,3585,-65,-1.78,3650,3650,3585,108502,390784520,578470527225,161358585
2023/06/26,3570,-15,-0.42,3580,3595,3545,55572,198613115,576050148450,161358585
2023/06/27,3565,-5,-0.14,3570,3605,3550,44696,159062915,575243355525,161358585
2023/06/28,3605,40,1.12,3570,3625,3560,98556,354351710,581697698925,161358585
2023/06/29,3575,-30,-0.83,3620,3620,3550,57658,205742650,576856941375,161358585
2023/06/30,3570,-5,-0.14,3610,3610,3545,41934,149461685,576050148450,161358585
2023/07/03,3600,30,0.84,3570,3610,3570,38313,137581975,580890906000,161358585
2023/07/04,3645,45,1.25,3600,3655,3585,85187,308536910,588152042325,161358585
2023/07/05,3625,-20,-0.55,3645,3660,3600,100243,362539215,584924870625,161358585
2023/07/06,3600,-25,-0.69,3605,3605,3530,189509,675460895,580890906000,161358585
2023/07/07,3570,-30,-0.83,3570,3570,3525,196402,695305985,576050148450,161358585
2023/07/10,3635,65,1.82,3540,3645,3540,96601,348100940,586538456475,161358585
2023/07/11,3635,0,0.00,3655,3660,3600,71721,259580695,586538456475,161358585
2023/07/12,3635,0,0.00,3640,3655,3610,106416,386572690,586538456475,161358585
2023/07/13,3650,15,0.41,3635,3655,3625,88080,320559565,588958835250,161358585
2023/07/14,3635,-15,-0.41,3630,3650,3595,91737,331903155,586538456475,161358585
2023/07/17,3570,-65,-1.79,3630,3640,3555,108934,391157970,576050148450,161358585
2023/07/18,3550,-20,-0.56,3570,3575,3540,89035,316091285,572822976750,161358585
2023/07/19,3545,-5,-0.14,3560,3560,3535,50100,177623935,572016183825,161358585
2023/07/20,3610,65,1.83,3540,3610,3530,97224,346023605,582504491850,161358585
2023/07/21,3610,0,0.00,3580,3625,3565,73156,263077740,582504491850,161358585
2023/07/24,3510,-100,-2.77,3610,3610,3505,135006,475738945,566368633350,161358585
2023/07/25,3515,5,0.14,3505,3525,3475,93161,325929605,567175426275,161358585
2023/07/26,3405,-110,-3.13,3495,3510,3375,196409,671718845,549425981925,161358585
2023/07/27,3500,95,2.79,3355,3510,3355,90135,310441115,564755047500,161358585
2023/07/28,3535,35,1.00,3445,3550,3445,57287,201372090,570402597975,161358585
2023/07/31,3530,-5,-0.14,3540,3570,3525,66135,234560160,569595805050,161358585
2023/08/01,3580,50,1.42,3530,3590,3530,66571,237679215,577663734300,161358585
2023/08/02,3605,25,0.70,3635,3635,3565,71296,256673640,581697698925,161358585
2023/08/03,3615,10,0.28,3600,3635,3570,82704,297908340,583311284775,161358585
2023/08/04,3675,60,1.66,3630,3695,3595,120564,442110575,592992799875,161358585
2023/08/07,3710,35,0.95,3700,3730,3660,105220,389326705,598640350350,161358585
2023/08/08,3710,0,0.00,3705,3745,3695,108287,402764210,598640350350,161358585
2023/08/09,3695,-15,-0.40,3695,3745,3680,78642,291090290,596219971575,161358585
2023/08/10,3660,-35,-0.95,3695,3730,3605,122947,448911410,590572421100,161358585
2023/08/11,3685,25,0.68,3660,3720,3660,84551,311512645,594606385725,161358585
2023/08/14,3680,-5,-0.14,3655,3680,3615,81558,297413065,593799592800,161358585
2023/08/16,3705,25,0.68,3680,3775,3670,301878,1126937670,597833557425,161358585
2023/08/17,3730,25,0.67,3710,3750,3575,213239,780611990,601867522050,161358585
2023/08/18,3835,105,2.82,3695,3920,3695,342984,1317458825,618810173475,161358585
2023/08/21,3950,115,3.00,3855,3980,3855,244701,957721025,637366410750,161358585
2023/08/22,3975,25,0.63,3955,4025,3915,285676,1134965040,641400375375,161358585
2023/08/23,4015,40,1.01,3975,4070,3945,232481,936115390,647854718775,161358585
2023/08/24,3970,-45,-1.12,4025,4055,3965,153751,614207885,640593582450,161358585
2023/08/25,4110,140,3.53,3965,4120,3955,291641,1186493940,663183784350,161358585
2023/08/28,4345,235,5.72,4115,4380,4085,475920,2040380795,701103051825,161358585
2023/08/29,4415,70,1.61,4345,4435,4290,277701,1215812765,712398152775,161358585
2023/08/30,4300,-115,-2.60,4415,4420,4295,261279,1136952835,693841915500,161358585
2023/08/31,4415,115,2.67,4300,4440,4230,292516,1274886305,712398152775,161358585
2023/09/01,4250,-165,-3.74,4340,4370,4250,192609,829088645,685773986250,161358585
2023/09/04,4255,5,0.12,4215,4305,4205,131068,558184115,686580779175,161358585
2023/09/05,4105,-150,-3.53,4220,4275,4070,241191,1000916230,662376991425,161358585
2023/09/06,4135,30,0.73,4105,4170,4075,105488,436165790,667217748975,161358585
2023/09/07,4145,10,0.24,4100,4145,4040,94707,388528670,668831334825,161358585
2023/09/08,4265,120,2.90,4105,4265,4105,132615,557833895,688194365025,161358585
2023/09/11,4450,185,4.34,4270,4455,4250,367010,1620959550,718045703250,161358585
2023/09/12,4445,-5,-0.11,4480,4490,4400,172569,766791315,717238910325,161358585
2023/09/13,4480,35,0.79,4450,4630,4405,321404,1445878490,722886460800,161358585
2023/09/14,4535,55,1.23,4520,4575,4425,349860,1569574755,731761182975,161358585
2023/09/15,4775,240,5.29,4565,4785,4560,593301,2795050805,770487243375,161358585
2023/09/18,4810,35,0.73,4790,4965,4730,466580,2265946050,776134793850,161358585
2023/09/19,4880,70,1.46,4795,4995,4785,253210,1235622900,787429894800,161358585
2023/09/20,4935,55,1.13,4880,4980,4860,174784,861324065,796304616975,161358585
2023/09/21,4910,-25,-0.51,4930,5010,4850,284942,1403866040,792270652350,161358585
2023/09/22,4805,-105,-2.14,4840,4895,4760,171855,828344865,775328000925,161358585
2023/09/25,4785,-20,-0.42,4800,4805,4690,225749,1071763265,772100829225,161358585
2023/09/26,4645,-140,-2.93,4785,4795,4605,183631,857708095,749510627325,161358585
2023/09/27,4715,70,1.51,4595,4735,4540,139452,650858970,760805728275,161358585
2023/10/04,4775,60,1.27,4610,4815,4555,161333,762978555,770487243375,161358585
2023/10/05,4800,25,0.52,4715,4800,4705,94121,447156540,774521208000,161358585
2023/10/06,4980,180,3.75,4785,4990,4785,200362,990941270,803565753300,161358585
2023/10/10,5100,120,2.41,4935,5100,4935,260317,1318341480,822928783500,161358585
2023/10/11,5090,-10,-0.20,5070,5180,4975,189715,955300665,821315197650,161358585
2023/10/12,4975,-115,-2.26,5080,5090,4940,224608,1120773130,802758960375,161358585
2023/10/13,4920,-55,-1.11,4955,4990,4885,180242,887739420,793884238200,161358585
2023/10/16,4965,45,0.91,4920,4965,4880,82163,404111770,801145374525,161358585
2023/10/17,4995,30,0.60,4940,4995,4925,66166,328643860,805986132075,161358585
2023/10/18,5000,5,0.10,4995,5090,4995,113955,573331245,806792925000,161358585
2023/10/19,4950,-50,-1.00,4920,4990,4865,140068,690599425,798724995750,161358585
2023/10/20,4825,-125,-2.53,4900,4920,4795,154341,748692955,778555172625,161358585
2023/10/23,4470,-355,-7.36,4750,4810,4430,367553,1688793150,721272874950,161358585
2023/10/24,4490,20,0.45,4470,4550,4320,387648,1707653875,724500046650,161358585
2023/10/25,4620,130,2.90,4435,4620,4435,101774,461815230,745476662700,161358585
2023/10/26,4525,-95,-2.06,4555,4620,4480,105291,477796445,730147597125,161358585
2023/10/27,4500,-25,-0.55,4590,4590,4500,68808,311875635,726113632500,161358585
2023/10/30,4435,-65,-1.44,4550,4550,4395,86414,382898085,715625324475,161358585
2023/10/31,4385,-50,-1.13,4425,4515,4355,108804,480417520,707557395225,161358585
2023/11/01,4500,115,2.62,4395,4510,4370,59370,264396045,726113632500,161358585
2023/11/02,4340,-160,-3.56,4505,4535,4310,199628,877033115,700296258900,161358585
2023/11/03,4445,105,2.42,4300,4445,4300,79075,346371375,717238910325,161358585
2023/11/06,4395,-50,-1.12,4460,4460,4300,138357,604947505,709170981075,161358585
2023/11/07,4315,-80,-1.82,4400,4425,4290,123958,537150775,696262294275,161358585
2023/11/08,4285,-30,-0.70,4315,4340,4235,118946,508072255,691421536725,161358585
2023/11/09,4270,-15,-0.35,4290,4320,4215,108863,464576860,689001157950,161358585
2023/11/10,4420,150,3.51,4295,4420,4255,157981,688756390,713204945700,161358585
2023/11/13,4615,195,4.41,4455,4640,4405,220607,1005257150,744669869775,161358585
2023/11/14,4645,30,0.65,4580,4685,4555,162971,750829365,749510627325,161358585
2023/11/15,4540,-105,-2.26,4650,4650,4490,195073,885459435,732567975900,161358585
2023/11/16,4525,-15,-0.33,4510,4580,4490,49743,224933515,730147597125,161358585
2023/11/17,4515,-10,-0.22,4500,4555,4455,74319,334180725,728534011275,161358585
2023/11/20,4560,45,1.00,4510,4565,4480,56138,254854890,735795147600,161358585
2023/11/21,4555,-5,-0.11,4560,4600,4530,47929,218150285,734988354675,161358585
2023/11/22,4615,60,1.32,4550,4615,4530,76361,350054605,744669869775,161358585
2023/11/23,4780,165,3.58,4595,4780,4595,189749,896853790,771294036300,161358585
2023/11/24,4750,-30,-0.63,4750,4785,4710,89349,423314140,766453278750,161358585
2023/11/27,4760,10,0.21,4750,4760,4690,57935,273994615,768066864600,161358585
2023/11/28,4740,-20,-0.42,4760,4760,4705,55945,264656775,764839692900,161358585
2023/11/29,4585,-155,-3.27,4740,4740,4570,123750,573213640,739829112225,161358585
2023/11/30,4455,-130,-2.84,4605,4605,4450,182640,819120690,718852496175,161358585
2023/12/01,4500,45,1.01,4445,4515,4425,59962,268659155,726113632500,161358585
2023/12/04,4590,90,2.00,4515,4680,4515,111051,511299900,740635905150,161358585
2023/12/05,4585,-5,-0.11,4610,4615,4520,106165,483941315,739829112225,161358585
2023/12/06,4540,-45,-0.98,4560,4585,4530,56707,257749940,732567975900,161358585
2023/12/07,4535,-5,-0.11,4565,4565,4520,38413,174336135,731761182975,161358585
2023/12/08,4560,25,0.55,4560,4585,4500,109311,495898915,735795147600,161358585
2023/12/11,4540,-20,-0.44,4560,4565,4520,60909,276695275,732567975900,161358585
2023/12/12,4395,-145,-3.19,4540,4540,4380,259547,1152188100,709170981075,161358585
2023/12/13,4385,-10,-0.23,4415,4450,4355,106911,469541730,707557395225,161358585
2023/12/14,4380,-5,-0.11,4390,4420,4380,107892,474050480,706750602300,161358585
2023/12/15,4410,30,0.68,4385,4420,4365,107550,472427750,711591359850,161358585
2023/12/18,4320,-90,-2.04,4380,4410,4300,183342,797862170,697069087200,161358585
2023/12/19,4325,5,0.12,4345,4425,4305,162407,705641160,697875880125,161358585
2023/12/20,4410,85,1.97,4315,4415,4305,132929,581302990,711591359850,161358585
2023/12/21,4355,-55,-1.25,4375,4440,4340,119490,521177570,702716637675,161358585
2023/12/22,4440,85,1.95,4395,4475,4370,179322,796896425,716432117400,161358585
2023/12/26,4470,30,0.68,4490,4500,4410,239223,1066560600,721272874950,161358585
2023/12/27,4450,-20,-0.45,4470,4490,4410,152749,677141900,718045703250,161358585
2023/12/28,4530,80,1.80,4450,4560,4440,161845,731253230,730954390050,161358585
2024/01/02,4440,-90,-1.99,4530,4545,4420,203187,904284050,716432117400,161358585
2024/01/03,4390,-50,-1.13,4410,4455,4380,137112,603603160,708364188150,161358585
2024/01/04,4360,-30,-0.68,4355,4405,4320,186237,808411060,703523430600,161358585
2024/01/05,4305,-55,-1.26,4350,4360,4295,129684,559265455,694648708425,161358585
2024/01/08,4280,-25,-0.58,4310,4320,4255,108959,466073175,690614743800,161358585
2024/01/09,4300,20,0.47,4290,4310,4250,124577,532878745,693841915500,161358585
2024/01/10,4265,-35,-0.81,4280,4300,4250,95012,404735560,688194365025,161358585
2024/01/11,4270,5,0.12,4265,4290,4255,82329,351356095,689001157950,161358585
2024/01/12,4270,0,0.00,4325,4325,4240,94765,403458225,689001157950,161358585
2024/01/15,4320,50,1.17,4250,4340,4250,116462,500417695,697069087200,161358585
2024/01/16,4380,60,1.39,4310,4435,4310,175091,765892930,706750602300,161358585
2024/01/17,4360,-20,-0.46,4380,4380,4325,110493,480559955,703523430600,161358585
2024/01/18,4270,-90,-2.06,4340,4390,4270,175834,759801255,689001157950,161358585
2024/01/19,4285,15,0.35,4280,4310,4255,53156,227347845,691421536725,161358585
