일자,종가,대비,등락률,시가,고가,저가,거래량,거래대금,시가총액,상장주식수
2019/12/19,2642,0,0.00,2642,2642,2636,730576,1464131145,11248050000,5610000
2019/12/20,2649,7,0.25,2636,2649,2636,118233,236999525,11276100000,5610000
2019/12/23,2636,-13,-0.50,2642,2642,2636,46709,93525040,11220000000,5610000
2019/12/24,2636,0,0.00,2642,2642,2636,2144,4298070,11220000000,5610000
2019/12/26,2642,6,0.25,2636,2642,2636,44074,88173020,11248050000,5610000
2019/12/27,2642,0,0.00,2642,2642,2636,26112,52229360,11248050000,5610000
2019/12/30,2636,-6,-0.25,2642,2642,2636,15387,30779530,11220000000,5610000
2020/01/02,2642,6,0.25,2636,2642,2636,14730,29522495,11248050000,5610000
2020/01/03,2636,-6,-0.25,2636,2642,2629,29113,58206770,11220000000,5610000
2020/01/06,2642,6,0.25,2642,2642,2636,16103,32281010,11248050000,5610000
2020/01/07,2642,0,0.00,2642,2642,2636,14860,29769005,11248050000,5610000
2020/01/08,2642,0,0.00,2642,2642,2636,9032,18109010,11248050000,5610000
2020/01/09,2642,0,0.00,2642,2642,2642,10000,20050000,11248050000,5610000
2020/01/10,2636,-6,-0.25,2636,2642,2636,47679,95595545,11220000000,5610000
2020/01/13,2649,13,0.50,2642,2649,2642,7011,14057060,11276100000,5610000
2020/01/14,2649,0,0.00,2636,2649,2636,10695,21393495,11276100000,5610000
2020/01/15,2649,0,0.00,0,0,0,0,0,11276100000,5610000
2020/01/16,2649,0,0.00,2642,2649,2642,361,723810,11276100000,5610000
2020/01/17,2642,-7,-0.25,2642,2649,2642,7504,15045540,11248050000,5610000
2020/01/20,2642,0,0.00,2636,2649,2636,7003,14006020,11248050000,5610000
2020/01/21,2649,7,0.25,2649,2649,2642,33010,66310050,11276100000,5610000
2020/01/22,2649,0,0.00,2642,2649,2642,11,22060,11276100000,5610000
2020/01/23,2649,0,0.00,2642,2649,2636,3526,7069585,11276100000,5610000
2020/01/28,2642,-7,-0.25,2642,2649,2636,1583,3173620,11248050000,5610000
2020/01/29,2642,0,0.00,2642,2642,2642,5100,10225500,11248050000,5610000
2020/01/30,2642,0,0.00,2636,2642,2636,449,899745,11248050000,5610000
2020/01/31,2642,0,0.00,2642,2642,2642,21500,43107500,11248050000,5610000
2020/02/03,2642,0,0.00,2642,2642,2636,15011,30097005,11248050000,5610000
2020/02/04,2642,0,0.00,0,0,0,0,0,11248050000,5610000
2020/02/05,2642,0,0.00,2636,2642,2636,14262,28574005,11248050000,5610000
2020/02/06,2649,7,0.25,2642,2649,2636,23000,46087750,11276100000,5610000
2020/02/07,2649,0,0.00,2642,2649,2642,3002,6019020,11276100000,5610000
2020/02/10,2649,0,0.00,2642,2649,2642,1499,3005500,11276100000,5610000
2020/02/11,2649,0,0.00,2642,2649,2642,22,44120,11276100000,5610000
2020/02/12,2649,0,0.00,0,0,0,0,0,11276100000,5610000
2020/02/13,2649,0,0.00,2649,2649,2642,10011,20072110,11276100000,5610000
2020/02/14,2642,-7,-0.25,2642,2649,2642,79423,159243140,11248050000,5610000
2020/02/17,2649,7,0.25,2649,2649,2649,156241,314044410,11276100000,5610000
2020/02/18,2649,0,0.00,2649,2649,2649,39743,79883430,11276100000,5610000
2020/02/19,2649,0,0.00,2649,2655,2642,76874,154472895,11276100000,5610000
2020/02/20,2649,0,0.00,2649,2655,2649,13002,26134030,11276100000,5610000
2020/02/21,2642,-7,-0.25,2649,2655,2642,40884,82064950,11248050000,5610000
2020/02/24,2649,7,0.25,2649,2649,2649,2,4020,11276100000,5610000
2020/02/25,2649,0,0.00,2642,2655,2642,48738,97720960,11276100000,5610000
2020/02/26,2649,0,0.00,2636,2649,2636,52,104510,11276100000,5610000
2020/02/27,2649,0,0.00,2642,2649,2642,10504,21088040,11276100000,5610000
2020/02/28,2649,0,0.00,2655,2655,2642,39938,80150725,11276100000,5610000
2020/03/02,2655,6,0.25,2662,2662,2642,9614,19276095,11304150000,5610000
2020/03/03,2655,0,0.00,2649,2655,2636,21413,42957845,11304150000,5610000
2020/03/04,2655,0,0.00,2649,2655,2649,5050,10150510,11304150000,5610000
2020/03/05,2655,0,0.00,2649,2655,2649,2002,4024030,11304150000,5610000
2020/03/06,2655,0,0.00,2642,2655,2642,15,30110,11304150000,5610000
2020/03/09,2655,0,0.00,2649,2655,2649,10011,20122120,11304150000,5610000
2020/03/10,2649,-6,-0.25,2649,2649,2649,11,22110,11276100000,5610000
2020/03/11,2649,0,0.00,2655,2655,2642,20014,40228110,11276100000,5610000
2020/03/12,2649,0,0.00,2636,2649,2636,6469,12938010,11276100000,5610000
2020/03/13,2649,0,0.00,2636,2649,2622,9101,18208595,11276100000,5610000
2020/03/16,2649,0,0.00,0,0,0,0,0,11276100000,5610000
2020/03/17,2642,-7,-0.25,2636,2642,2636,15400,30800010,11248050000,5610000
2020/03/18,2636,-6,-0.25,2649,2649,2636,11004,22008020,11220000000,5610000
2020/03/19,2629,-7,-0.25,2629,2636,2596,29903,59467570,11191950000,5610000
2020/03/20,2629,0,0.00,2636,2636,2629,551,1101750,11191950000,5610000
2020/03/23,2629,0,0.00,2609,2629,2609,27,53700,11191950000,5610000
2020/03/24,2629,0,0.00,0,0,0,0,0,11191950000,5610000
2020/03/25,2629,0,0.00,2636,2636,2616,11003,21840990,11191950000,5610000
2020/03/26,2629,0,0.00,2636,2636,2629,35002,69831500,11191950000,5610000
2020/03/27,2629,0,0.00,2629,2629,2622,10135,20206905,11191950000,5610000
2020/03/30,2622,-7,-0.25,2603,2629,2603,18192,36024365,11163900000,5610000
2020/03/31,2629,7,0.25,2629,2629,2616,23,45780,11191950000,5610000
2020/04/01,2629,0,0.00,2609,2629,2609,10001,19826995,11191950000,5610000
2020/04/02,2616,-13,-0.50,2603,2616,2596,14005,27632435,11135850000,5610000
2020/04/03,2629,13,0.50,2629,2629,2609,9782,19398565,11191950000,5610000
2020/04/06,2622,-7,-0.25,2603,2622,2603,8007,15813950,11163900000,5610000
2020/04/07,2622,0,0.00,2616,2622,2616,81,160790,11163900000,5610000
2020/04/08,2622,0,0.00,2622,2622,2622,1500,2985000,11163900000,5610000
2020/04/09,2622,0,0.00,2622,2622,2622,3530,7024700,11163900000,5610000
2020/04/10,2616,-6,-0.25,2609,2622,2609,1033,2049375,11135850000,5610000
2020/04/13,2616,0,0.00,2629,2629,2609,1112,2206280,11135850000,5610000
2020/04/14,2629,13,0.50,2616,2629,2603,8022,15961910,11191950000,5610000
2020/04/16,2629,0,0.00,2616,2629,2609,2032,4027290,11191950000,5610000
2020/04/17,2629,0,0.00,2609,2629,2609,2240,4445290,11191950000,5610000
2020/04/20,2636,7,0.25,2616,2636,2616,25840,51549500,11220000000,5610000
2020/04/21,2636,0,0.00,2616,2636,2616,401,796000,11220000000,5610000
2020/04/22,2636,0,0.00,2629,2636,2629,2001,3992000,11220000000,5610000
2020/04/23,2636,0,0.00,2622,2636,2609,19799,39279675,11220000000,5610000
2020/04/24,2636,0,0.00,0,0,0,0,0,11220000000,5610000
2020/04/27,2636,0,0.00,2616,2636,2609,29385,58267735,11220000000,5610000
2020/04/28,2636,0,0.00,2616,2636,2616,42,83550,11220000000,5610000
2020/04/29,2636,0,0.00,0,0,0,0,0,11220000000,5610000
2020/05/04,2629,-7,-0.25,2616,2636,2616,1224,2431625,11191950000,5610000
2020/05/06,2636,7,0.25,2629,2636,2629,101,201500,11220000000,5610000
2020/05/07,2629,-7,-0.25,2616,2642,2616,11731,23474100,11191950000,5610000
2020/05/08,2636,7,0.25,2636,2642,2629,2691,5378600,11220000000,5610000
2020/05/11,2636,0,0.00,0,0,0,0,0,11220000000,5610000
2020/05/12,2629,-7,-0.25,2622,2642,2622,1002,1998595,11191950000,5610000
2020/05/13,2642,13,0.50,2622,2649,2622,5301,10605075,11248050000,5610000
2020/05/14,2642,0,0.00,2629,2642,2629,2020,4035100,11248050000,5610000
2020/05/15,2642,0,0.00,2629,2642,2629,1012,2020210,11248050000,5610000
2020/05/18,2636,-6,-0.25,2629,2642,2622,1254,2502950,11220000000,5610000
2020/05/19,2642,6,0.25,2636,2642,2629,6016,12027650,11248050000,5610000
2020/05/20,2636,-6,-0.25,2636,2642,2636,3001,6002005,11220000000,5610000
2020/05/21,2642,6,0.25,2636,2642,2636,1212,2424060,11248050000,5610000
2020/05/22,2642,0,0.00,2629,2642,2629,714,1427130,11248050000,5610000
2020/05/25,2629,-13,-0.50,2629,2642,2629,1875,3747165,11191950000,5610000
2020/05/26,2636,7,0.25,2636,2636,2636,6500,13000000,11220000000,5610000
2020/05/27,2636,0,0.00,2636,2636,2636,26,52000,11220000000,5610000
2020/05/28,2636,0,0.00,2636,2636,2629,106,211750,11220000000,5610000
2020/05/29,2636,0,0.00,2636,2636,2636,4,8000,11220000000,5610000
2020/06/01,2636,0,0.00,2636,2636,2629,5477,10940635,11220000000,5610000
2020/06/02,2636,0,0.00,2636,2636,2629,2152,4293500,11220000000,5610000
2020/06/03,2636,0,0.00,2622,2636,2622,12,23890,11220000000,5610000
2020/06/04,2636,0,0.00,2629,2636,2629,2012,4013950,11220000000,5610000
2020/06/05,2636,0,0.00,2629,2636,2629,5653,11302750,11220000000,5610000
2020/06/08,2636,0,0.00,2629,2636,2629,5102,10198995,11220000000,5610000
2020/06/09,2636,0,0.00,2629,2636,2629,5112,10223450,11220000000,5610000
2020/06/10,2636,0,0.00,2636,2642,2636,10630,21260005,11220000000,5610000
2020/06/11,2636,0,0.00,2636,2636,2636,18927,37854000,11220000000,5610000
2020/06/12,2642,6,0.25,2636,2642,2636,15307,30614535,11248050000,5610000
2020/06/15,2642,0,0.00,2636,2642,2636,8307,16625035,11248050000,5610000
2020/06/16,2642,0,0.00,2636,2642,2636,17354,34733090,11248050000,5610000
2020/06/17,2642,0,0.00,2636,2642,2636,15021,30042105,11248050000,5610000
2020/06/18,2636,-6,-0.25,2636,2642,2629,12949,25893015,11220000000,5610000
2020/06/19,2642,6,0.25,2636,2642,2636,16751,33528020,11248050000,5610000
2020/06/22,2629,-13,-0.50,2629,2642,2622,39573,79100610,11191950000,5610000
2020/06/23,2636,7,0.25,2629,2636,2622,29670,59197760,11220000000,5610000
2020/06/24,2636,0,0.00,2629,2636,2622,7269,14500175,11220000000,5610000
2020/06/25,2636,0,0.00,2629,2636,2629,7696,15353645,11220000000,5610000
2020/06/26,2642,6,0.25,2629,2642,2629,16775,33532345,11248050000,5610000
2020/06/29,2636,-6,-0.25,2636,2636,2636,2000,4000000,11220000000,5610000
2020/06/30,2642,6,0.25,2629,2642,2629,6611,13221975,11248050000,5610000
2020/07/01,2642,0,0.00,2636,2642,2622,35487,70735440,11248050000,5610000
2020/07/02,2642,0,0.00,2629,2642,2622,17010,33934915,11248050000,5610000
2020/07/03,2642,0,0.00,2636,2642,2636,6755,13510010,11248050000,5610000
2020/07/06,2642,0,0.00,2636,2642,2629,9311,18592970,11248050000,5610000
2020/07/07,2636,-6,-0.25,2629,2636,2622,25353,50454250,11220000000,5610000
2020/07/08,2636,0,0.00,2629,2636,2629,1521,3039430,11220000000,5610000
2020/07/09,2636,0,0.00,2636,2636,2629,12333,24604835,11220000000,5610000
2020/07/10,2636,0,0.00,2636,2636,2636,98,196000,11220000000,5610000
2020/07/13,2636,0,0.00,2629,2636,2629,532,1061850,11220000000,5610000
2020/07/14,2636,0,0.00,2636,2636,2629,4204,8387000,11220000000,5610000
2020/07/15,2636,0,0.00,2629,2636,2629,7102,14168500,11220000000,5610000
2020/07/16,2636,0,0.00,2629,2636,2616,12391,24678910,11220000000,5610000
2020/07/17,2636,0,0.00,2636,2636,2636,6,12000,11220000000,5610000
2020/07/20,2636,0,0.00,2636,2636,2636,5500,11000000,11220000000,5610000
2020/07/21,2636,0,0.00,2636,2636,2636,120,240000,11220000000,5610000
2020/07/22,2622,-14,-0.50,2629,2636,2616,9907,19680860,11163900000,5610000
2020/07/23,2629,7,0.25,2636,2636,2629,702,1400500,11191950000,5610000
2020/07/24,2629,0,0.00,2636,2636,2629,19160,38224210,11191950000,5610000
2020/07/27,2636,7,0.25,2636,2636,2622,1501,2998000,11220000000,5610000
2020/07/28,2636,0,0.00,2629,2636,2629,101,201500,11220000000,5610000
2020/07/29,2636,0,0.00,2629,2636,2616,15511,30897030,11220000000,5610000
2020/07/30,2636,0,0.00,2629,2636,2629,202,403000,11220000000,5610000
2020/07/31,2636,0,0.00,2622,2636,2622,6931,13861900,11220000000,5610000
2020/08/03,2636,0,0.00,2622,2636,2622,9311,18619900,11220000000,5610000
2020/08/04,2629,-7,-0.25,2636,2636,2622,8415,16766755,11191950000,5610000
2020/08/05,2636,7,0.25,2622,2636,2622,86,171330,11220000000,5610000
2020/08/06,2629,-7,-0.25,2636,2636,2622,13325,26558775,11191950000,5610000
2020/08/07,2629,0,0.00,2636,2636,2629,4001,7982000,11191950000,5610000
2020/08/10,2636,7,0.25,2636,2636,2636,10001,20002000,11220000000,5610000
2020/08/11,2636,0,0.00,0,0,0,0,0,11220000000,5610000
2020/08/12,2636,0,0.00,2636,2636,2636,3000,6000000,11220000000,5610000
2020/08/13,2636,0,0.00,2622,2636,2622,11135,22158660,11220000000,5610000
2020/08/14,2636,0,0.00,2629,2636,2629,11,21950,11220000000,5610000
2020/08/18,2636,0,0.00,0,0,0,0,0,11220000000,5610000
2020/08/19,2636,0,0.00,2636,2636,2636,19,38000,11220000000,5610000
2020/08/20,2636,0,0.00,2636,2636,2629,7909,15798205,11220000000,5610000
2020/08/21,2636,0,0.00,2622,2636,2616,11804,23483775,11220000000,5610000
2020/08/24,2622,-14,-0.50,2616,2622,2616,3500,6948225,11163900000,5610000
2020/08/25,2629,7,0.25,2629,2629,2629,4117,8213415,11191950000,5610000
2020/08/26,2622,-7,-0.25,2629,2629,2622,65,129600,11163900000,5610000
2020/08/27,2636,14,0.50,2636,2636,2622,54,107900,11220000000,5610000
2020/08/28,2636,0,0.00,2622,2636,2616,6082,12123350,11220000000,5610000
2020/08/31,2636,0,0.00,2636,2636,2636,50,100000,11220000000,5610000
2020/09/01,2636,0,0.00,2622,2636,2622,4,7970,11220000000,5610000
2020/09/02,2636,0,0.00,2636,2636,2636,3000,6000000,11220000000,5610000
2020/09/03,2636,0,0.00,0,0,0,0,0,11220000000,5610000
2020/09/04,2655,19,0.75,2622,2655,2622,17698,35469825,11304150000,5610000
2020/09/07,2655,0,0.00,2649,2695,2642,21204,42703835,11304150000,5610000
2020/09/08,2636,-19,-0.74,2636,2675,2636,26653,53498720,11220000000,5610000
2020/09/09,2642,6,0.25,2636,2655,2636,14840,29716470,11248050000,5610000
2020/09/10,2642,0,0.00,2642,2642,2642,10,20050,11248050000,5610000
2020/09/11,2642,0,0.00,2642,2642,2642,6300,12631500,11248050000,5610000
2020/09/14,2662,20,0.75,2662,2662,2642,1311,2635145,11332200000,5610000
2020/09/15,2662,0,0.00,2662,2662,2655,1501,3029520,11332200000,5610000
2020/09/16,2662,0,0.00,2642,2662,2642,1122,2251775,11332200000,5610000
2020/09/17,2649,-13,-0.50,2662,2662,2636,10174,20400725,11276100000,5610000
2020/09/18,2649,0,0.00,2636,2649,2636,10669,21365015,11276100000,5610000
2020/09/21,2655,6,0.25,2662,2662,2649,7763,15623165,11304150000,5610000
2020/09/22,2662,7,0.25,2662,2662,2636,252,504040,11332200000,5610000
2020/09/23,2649,-13,-0.50,2662,2662,2642,11126,22308395,11276100000,5610000
2020/09/24,2655,6,0.25,2662,2662,2636,1007,2014110,11304150000,5610000
2020/09/25,2649,-6,-0.25,0,0,0,0,0,11276100000,5610000
2020/09/28,2655,6,0.25,2662,2662,2642,396,794025,11304150000,5610000
2020/09/29,2662,7,0.25,2642,2662,2636,15439,31056275,11332200000,5610000
2020/10/05,2662,0,0.00,2662,2662,2662,6,12120,11332200000,5610000
2020/10/06,2642,-20,-0.74,2642,2642,2642,202,405010,11248050000,5610000
2020/10/07,2649,7,0.25,2636,2649,2629,66683,133135420,11276100000,5610000
2020/10/08,2636,-13,-0.50,2629,2649,2629,34922,69787030,11220000000,5610000
2020/10/12,2642,6,0.25,2636,2642,2636,953,1906305,11248050000,5610000
2020/10/13,2655,13,0.50,2649,2662,2649,6512,13118205,11304150000,5610000
2020/10/14,2668,13,0.50,2662,2668,2655,8496,17129480,11360250000,5610000
2020/10/15,2668,0,0.00,2655,2668,2655,1010,2035310,11360250000,5610000
2020/10/16,2668,0,0.00,2662,2682,2662,23416,47421150,11360250000,5610000
2020/10/19,2668,0,0.00,2668,2675,2668,8607,17434200,11360250000,5610000
2020/10/20,2675,7,0.25,2636,2675,2636,15188,30732305,11388300000,5610000
2020/10/21,2675,0,0.00,0,0,0,0,0,11388300000,5610000
2020/10/22,2675,0,0.00,2642,2675,2642,1091,2187630,11388300000,5610000
2020/10/23,2675,0,0.00,0,0,0,0,0,11388300000,5610000
2020/10/26,2668,-7,-0.25,0,0,0,0,0,11360250000,5610000
2020/10/27,2668,0,0.00,2668,2668,2668,1,2025,11360250000,5610000
2020/10/28,2662,-6,-0.25,2642,2662,2642,18330,36751665,11332200000,5610000
2020/10/29,2668,6,0.25,2636,2668,2636,1601,3204525,11360250000,5610000
2020/10/30,2668,0,0.00,2636,2668,2636,1501,3002025,11360250000,5610000
2020/11/02,2662,-6,-0.25,2642,2668,2642,20002,40104215,11332200000,5610000
2020/11/03,2662,0,0.00,2662,2662,2662,11,22220,11332200000,5610000
2020/11/04,2668,6,0.25,2649,2668,2642,3190,6405735,11360250000,5610000
2020/11/05,2662,-6,-0.25,2642,2662,2642,9004,18053230,11332200000,5610000
2020/11/06,2668,6,0.25,2649,2668,2649,2701,5429025,11360250000,5610000
2020/11/09,2655,-13,-0.49,2655,2655,2655,10649,21457735,11304150000,5610000
2020/11/10,2655,0,0.00,0,0,0,0,0,11304150000,5610000
2020/11/11,2655,0,0.00,2655,2655,2655,2722,5484830,11304150000,5610000
2020/11/12,2655,0,0.00,2655,2655,2642,6610,13294060,11304150000,5610000
2020/11/13,2655,0,0.00,2655,2668,2649,2432,4900995,11304150000,5610000
2020/11/16,2655,0,0.00,2642,2655,2642,5001,10027015,11304150000,5610000
2020/11/17,2662,7,0.25,2655,2668,2649,7327,14782295,11332200000,5610000
2020/11/18,2655,-7,-0.25,2649,2662,2649,15824,31807265,11304150000,5610000
2020/11/19,2655,0,0.00,2655,2662,2655,1001,2017020,11304150000,5610000
2020/11/20,2662,7,0.25,2655,2662,2655,3483,7030750,11332200000,5610000
2020/11/23,2662,0,0.00,2662,2662,2649,10904,22026070,11332200000,5610000
2020/11/24,2662,0,0.00,2662,2662,2642,1802,3632540,11332200000,5610000
2020/11/25,2662,0,0.00,2662,2662,2662,2400,4848000,11332200000,5610000
2020/11/26,2662,0,0.00,2655,2662,2655,356,718610,11332200000,5610000
2020/11/27,2675,13,0.50,2662,2682,2649,12399,25062120,11388300000,5610000
2020/11/30,2682,7,0.25,2675,2682,2668,4209,8529240,11416350000,5610000
2020/12/01,2682,0,0.00,2682,2682,2636,15101,30315125,11416350000,5610000
2020/12/02,2682,0,0.00,2682,2682,2662,3282,6678855,11416350000,5610000
2020/12/03,2682,0,0.00,2701,2701,2668,436,886400,11416350000,5610000
2020/12/04,2675,-7,-0.25,2701,2701,2668,13406,27236875,11388300000,5610000
2020/12/07,2675,0,0.00,2662,2682,2662,5515,11190550,11388300000,5610000
2020/12/08,2675,0,0.00,2662,2701,2642,20011,40355955,11388300000,5610000
2020/12/09,2688,13,0.49,2701,2701,2688,157,320380,11444400000,5610000
2020/12/10,2688,0,0.00,2655,2688,2655,31838,64158335,11444400000,5610000
2020/12/11,2695,7,0.25,2655,2695,2655,6033,12227115,11472450000,5610000
2020/12/14,2701,6,0.24,2695,2708,2695,36480,74674240,11500500000,5610000
2020/12/15,2715,14,0.49,2715,2715,2701,53058,108790655,11556600000,5610000
2020/12/16,2728,13,0.49,2715,2734,2715,13465,27884095,11612700000,5610000
2020/12/17,2748,20,0.72,2728,2748,2701,4078,8450505,11696850000,5610000
2020/12/18,2761,13,0.48,2734,2761,2734,19281,40315915,11752950000,5610000
2020/12/21,2780,19,0.72,2761,2787,2734,19054,39847095,11837100000,5610000
2020/12/22,2754,-26,-0.95,2767,2767,2734,25361,53013175,11724900000,5610000
2020/12/23,2734,-20,-0.72,2767,2787,2715,5674,11761910,11640750000,5610000
2020/12/24,2748,14,0.48,2734,2748,2715,9874,20421780,11696850000,5610000
2020/12/28,2741,-7,-0.24,2761,2761,2715,6493,13455820,11668800000,5610000
2020/12/29,2761,20,0.72,2748,2767,2734,12695,26480805,11752950000,5610000
2020/12/30,2761,0,0.00,2780,2780,2728,7832,16358735,11752950000,5610000
2021/01/04,2748,-13,-0.48,2728,2754,2728,3753,7824650,11696850000,5610000
2021/01/05,2728,-20,-0.72,2728,2761,2715,32005,66347770,11612700000,5610000
2021/01/06,2721,-7,-0.24,2715,2774,2715,505,1043145,11584650000,5610000
2021/01/07,2734,13,0.48,2721,2741,2695,35302,72379645,11640750000,5610000
2021/01/08,2748,14,0.48,2695,2748,2695,10606,21907295,11696850000,5610000
2021/01/11,2715,-33,-1.20,2741,2741,2695,3606,7405585,11556600000,5610000
2021/01/12,2715,0,0.00,2682,2728,2682,1039,2131545,11556600000,5610000
2021/01/13,2721,6,0.24,2695,2721,2695,4129,8487840,11584650000,5610000
2021/01/14,2721,0,0.00,2721,2721,2708,125,257955,11584650000,5610000
2021/01/15,2728,7,0.24,2728,2728,2701,4382,9017945,11612700000,5610000
2021/01/18,2734,6,0.24,2715,2734,2715,4336,8966665,11640750000,5610000
2021/01/19,2721,-13,-0.48,2715,2741,2715,671,1386600,11584650000,5610000
2021/01/20,2728,7,0.24,2721,2728,2701,5968,12291260,11612700000,5610000
2021/01/21,2734,6,0.24,2715,2734,2715,6186,12783635,11640750000,5610000
2021/01/22,2734,0,0.00,2715,2734,2715,11322,23381900,11640750000,5610000
2021/01/25,2734,0,0.00,2721,2734,2715,1417,2924045,11640750000,5610000
2021/01/26,2741,7,0.24,2734,2741,2734,7355,15290410,11668800000,5610000
2021/01/27,2734,-7,-0.24,2734,2734,2734,1822,3780650,11640750000,5610000
2021/01/28,2734,0,0.00,2741,2741,2728,13840,28652500,11640750000,5610000
2021/01/29,2734,0,0.00,2734,2741,2715,8001,16540125,11640750000,5610000
2021/02/01,2734,0,0.00,2734,2734,2715,24888,51495985,11640750000,5610000
2021/02/02,2734,0,0.00,2734,2734,2715,12925,26633015,11640750000,5610000
2021/02/03,2734,0,0.00,2734,2734,2734,601,1247075,11640750000,5610000
2021/02/04,2734,0,0.00,2728,2734,2728,10765,22286125,11640750000,5610000
2021/02/05,2734,0,0.00,2728,2734,2721,1908,3955685,11640750000,5610000
2021/02/08,2741,7,0.24,2715,2748,2715,10792,22300170,11668800000,5610000
2021/02/09,2728,-13,-0.48,2728,2741,2728,1648,3412440,11612700000,5610000
2021/02/10,2734,6,0.24,2794,2794,2728,865,1793670,11640750000,5610000
2021/02/15,2741,7,0.24,2741,2741,2728,1007,2090370,11668800000,5610000
2021/02/16,2741,0,0.00,2741,2741,2741,210,436800,11668800000,5610000
2021/02/17,2754,13,0.48,2794,2794,2721,5552,11589245,11724900000,5610000
2021/02/18,2767,13,0.48,2754,2794,2715,17020,35291840,11781000000,5610000
2021/02/19,2774,7,0.24,2780,2820,2734,9728,20576720,11809050000,5610000
2021/02/22,2774,0,0.00,2813,2813,2728,3350,6947775,11809050000,5610000
2021/02/23,2761,-13,-0.48,2761,2761,2761,151,316345,11752950000,5610000
2021/02/24,2761,0,0.00,2761,2761,2728,3,6260,11752950000,5610000
2021/02/25,2774,13,0.48,2774,2774,2774,1,2105,11809050000,5610000
2021/02/26,2761,-13,-0.48,2761,2761,2734,10002,20754190,11752950000,5610000
2021/03/02,2741,-20,-0.72,2787,2787,2715,5060,10456425,11668800000,5610000
2021/03/03,2748,7,0.24,2767,2767,2728,2607,5429425,11696850000,5610000
2021/03/04,2748,0,0.00,2754,2754,2728,3688,7669735,11696850000,5610000
2021/03/05,2754,6,0.24,2774,2774,2754,15,31465,11724900000,5610000
2021/03/08,2780,26,0.96,2780,2780,2780,1,2110,11837100000,5610000
2021/03/09,2761,-19,-0.71,2767,2767,2721,702,1450195,11752950000,5610000
2021/03/10,2754,-7,-0.24,2774,2774,2721,5086,10518845,11724900000,5610000
2021/03/11,2761,7,0.24,2761,2761,2728,3208,6645185,11752950000,5610000
2021/03/12,2754,-7,-0.24,2761,2761,2754,419,877730,11724900000,5610000
2021/03/15,2761,7,0.24,2774,2774,2754,5565,11636080,11752950000,5610000
2021/03/16,2754,-7,-0.24,2748,2761,2741,2134,4445960,11724900000,5610000
2021/03/17,2774,20,0.72,2774,2774,2761,3687,7750845,11809050000,5610000
2021/03/18,2774,0,0.00,2813,2813,2761,708,1489490,11809050000,5610000
2021/03/19,2767,-7,-0.24,2767,2767,2741,18,37660,11781000000,5610000
2021/03/22,2761,-6,-0.24,2761,2761,2748,2834,5911610,11752950000,5610000
2021/03/23,2761,0,0.00,2734,2761,2734,1922,4015800,11752950000,5610000
2021/03/24,2741,-20,-0.72,2767,2767,2741,6021,12550760,11668800000,5610000
2021/03/25,2741,0,0.00,2761,2761,2728,1904,3952730,11668800000,5610000
2021/03/26,2741,0,0.00,2761,2761,2715,15084,31137140,11668800000,5610000
2021/03/29,2748,7,0.24,2761,2761,2741,778,1622155,11696850000,5610000
2021/03/30,2754,6,0.24,2761,2761,2741,68,142280,11724900000,5610000
2021/03/31,2754,0,0.00,2761,2761,2741,4292,8931185,11724900000,5610000
2021/04/01,2767,13,0.48,2767,2767,2767,6,12600,11781000000,5610000
2021/04/02,2761,-6,-0.24,2767,2767,2741,12,25130,11752950000,5610000
2021/04/05,2748,-13,-0.48,2767,2767,2748,1606,3348600,11696850000,5610000
2021/04/06,2761,13,0.48,2741,2761,2741,799,1662285,11752950000,5610000
2021/04/07,2767,6,0.24,2767,2767,2741,11003,23076835,11781000000,5610000
2021/04/08,2761,-6,-0.24,2754,2761,2754,101,211095,11752950000,5610000
2021/04/09,2780,19,0.72,2754,2787,2748,4591,9633055,11837100000,5610000
2021/04/12,2767,-13,-0.47,2761,2780,2761,120,251600,11781000000,5610000
2021/04/13,2780,13,0.48,2767,2787,2767,3661,7709265,11837100000,5610000
2021/04/14,2774,-6,-0.24,2780,2780,2767,1993,4194950,11809050000,5610000
2021/04/15,2794,20,0.71,2767,2807,2767,79,167510,11893200000,5610000
2021/04/16,2800,6,0.24,2813,2813,2800,60,127765,11921250000,5610000
2021/04/19,2800,0,0.00,2813,2813,2800,122,259360,11921250000,5610000
2021/04/20,2794,-6,-0.24,2794,2794,2787,622,1318540,11893200000,5610000
2021/04/21,2780,-14,-0.47,2787,2787,2767,527,1106725,11837100000,5610000
2021/04/22,2787,7,0.24,2780,2787,2774,2114,4455325,11865150000,5610000
2021/04/23,2780,-7,-0.24,2794,2794,2754,5853,12275490,11837100000,5610000
2021/04/26,2794,14,0.47,2794,2794,2774,361,760820,11893200000,5610000
2021/04/27,2807,13,0.47,2800,2807,2800,111,235925,11949300000,5610000
2021/04/28,2813,6,0.23,2807,2813,2794,1936,4114470,11977350000,5610000
2021/04/29,2813,0,0.00,2813,2813,2813,50,106750,11977350000,5610000
2021/04/30,2813,0,0.00,2813,2820,2794,3213,6870095,11977350000,5610000
2021/05/03,2840,27,0.94,2820,2866,2807,1830,3923195,12089550000,5610000
2021/05/04,2833,-7,-0.23,2860,2860,2827,509,1099625,12061500000,5610000
2021/05/06,2820,-13,-0.47,2827,2833,2813,8608,18460160,12005400000,5610000
2021/05/07,2820,0,0.00,2800,2820,2800,1000,2125150,12005400000,5610000
2021/05/10,2840,20,0.70,2813,2846,2794,9090,19314200,12089550000,5610000
2021/05/11,2774,-66,-2.32,2840,2840,2767,11147,23500735,11809050000,5610000
2021/05/12,2827,53,1.90,2774,2827,2767,8363,17607135,12033450000,5610000
2021/05/13,2820,-7,-0.23,2827,2827,2780,505,1080890,12005400000,5610000
2021/05/14,2820,0,0.00,2820,2820,2787,14,29685,12005400000,5610000
2021/05/17,2827,7,0.23,2827,2833,2794,515,1092815,12033450000,5610000
2021/05/18,2833,6,0.23,2833,2833,2833,233,500950,12061500000,5610000
2021/05/20,2827,-6,-0.23,2807,2827,2794,1987,4219950,12033450000,5610000
2021/05/21,2827,0,0.00,2800,2833,2800,1700,3635795,12033450000,5610000
2021/05/24,2820,-7,-0.23,2833,2833,2800,3182,6805150,12005400000,5610000
2021/05/25,2820,0,0.00,2820,2833,2800,373,795010,12005400000,5610000
2021/05/26,2833,13,0.47,2833,2886,2813,12789,27599140,12061500000,5610000
2021/05/27,2873,40,1.40,2866,2873,2833,26235,56618175,12229800000,5610000
2021/05/28,2899,26,0.92,2899,2952,2866,42797,94232625,12342000000,5610000
2021/05/31,3097,198,6.82,2899,3097,2899,409936,952002730,13183500000,5610000
2021/06/01,2879,-218,-7.02,3288,3532,2767,1158441,2787598725,12257850000,5610000
2021/06/02,2840,-39,-1.37,2879,2886,2813,107744,232458540,12089550000,5610000
2021/06/03,2840,0,0.00,2892,2892,2820,50729,109106670,12089550000,5610000
2021/06/04,2833,-7,-0.23,2820,2840,2794,36743,78309705,12061500000,5610000
2021/06/07,2794,-39,-1.40,2827,2827,2787,44541,94510010,11893200000,5610000
2021/06/08,2794,0,0.00,2820,2820,2774,21425,45238905,11893200000,5610000
2021/06/09,2800,6,0.24,2794,2807,2754,62098,130511505,11921250000,5610000
2021/06/10,2813,13,0.47,2800,2820,2780,29451,62730820,11977350000,5610000
2021/06/11,2827,14,0.47,2820,2827,2807,13864,29616760,12033450000,5610000
2021/06/14,2833,6,0.23,2833,2833,2800,5155,10992485,12061500000,5610000
2021/06/15,2833,0,0.00,2800,2840,2800,5912,12574155,12061500000,5610000
2021/06/16,2820,-13,-0.47,2833,2833,2794,28074,59573725,12005400000,5610000
2021/06/17,2827,7,0.23,2833,2833,2794,4859,10327265,12033450000,5610000
2021/06/18,2833,6,0.23,2827,2866,2827,11799,25512945,12061500000,5610000
2021/06/21,2860,27,0.93,2873,2873,2833,6045,13107165,12173700000,5610000
2021/06/22,2866,6,0.23,2833,2879,2813,36949,79540300,12201750000,5610000
2021/06/23,2840,-26,-0.92,2866,2866,2820,13696,29442095,12089550000,5610000
2021/06/24,2912,72,2.55,2860,2932,2833,41476,90370165,12398100000,5610000
2021/06/25,2860,-52,-1.81,2912,2912,2853,33260,72270505,12173700000,5610000
2021/06/28,2866,6,0.23,2886,2906,2833,8550,18461115,12201750000,5610000
2021/06/29,2853,-13,-0.46,2892,2892,2840,10700,23083600,12145650000,5610000
2021/06/30,2853,0,0.00,2879,2879,2833,13055,28108080,12145650000,5610000
2021/07/01,2860,7,0.23,2879,2879,2840,1329,2872620,12173700000,5610000
2021/07/02,2873,13,0.46,2892,2892,2846,4386,9476980,12229800000,5610000
2021/07/05,2925,52,1.83,2892,2925,2860,24325,53575275,12454200000,5610000
2021/07/06,2912,-13,-0.45,2925,2939,2886,10325,22836730,12398100000,5610000
2021/07/07,2906,-6,-0.23,2939,2939,2899,26790,59206545,12370050000,5610000
2021/07/08,2899,-7,-0.23,2939,2939,2892,11603,25507600,12342000000,5610000
2021/07/09,2886,-13,-0.45,3011,3011,2833,13494,30005695,12285900000,5610000
2021/07/12,2899,13,0.46,2978,2978,2873,34037,74931695,12342000000,5610000
2021/07/13,2919,20,0.68,2932,2932,2886,26741,58979940,12426150000,5610000
2021/07/14,2939,20,0.68,2932,2939,2899,30885,68528560,12510300000,5610000
2021/07/15,2939,0,0.00,2972,2972,2932,19361,43195325,12510300000,5610000
2021/07/16,2958,19,0.67,2939,3004,2939,17056,38311635,12594450000,5610000
2021/07/19,2991,33,1.11,3004,3103,2958,100478,229389345,12734700000,5610000
2021/07/20,2978,-13,-0.44,2958,3037,2958,10932,24934805,12678600000,5610000
2021/07/21,3011,33,1.11,3057,3229,2998,345942,802736020,12818850000,5610000
2021/07/22,3011,0,0.00,3064,3064,2998,28883,65924675,12818850000,5610000
2021/07/23,3018,7,0.22,3064,3064,3004,6072,13897105,12846900000,5610000
2021/07/26,3057,39,1.31,3077,3077,3024,23228,53572690,13015200000,5610000
2021/07/27,3070,13,0.43,3064,3070,3051,37327,86737120,13071300000,5610000
2021/07/28,3011,-59,-1.93,3070,3070,2998,51069,116655435,12818850000,5610000
2021/07/29,3031,20,0.66,2991,3044,2991,9512,21886615,12903000000,5610000
2021/07/30,3084,53,1.74,3031,3084,3018,22645,52180325,13127400000,5610000
2021/08/02,3070,-14,-0.43,3084,3097,3031,40444,94228105,13071300000,5610000
2021/08/03,3077,7,0.21,3084,3097,3070,41575,97053685,13099350000,5610000
2021/08/04,3176,99,3.21,3097,3294,3097,241430,580259620,13520100000,5610000
2021/08/05,3136,-40,-1.24,3176,3189,3123,43549,104070240,13351800000,5610000
2021/08/06,3143,7,0.21,3182,3182,3110,46184,110185080,13379850000,5610000
2021/08/09,3163,20,0.63,3143,3222,3136,42578,101747565,13464000000,5610000
2021/08/10,3156,-7,-0.21,3209,3215,3136,21013,50234060,13435950000,5610000
2021/08/11,3163,7,0.21,3189,3189,3163,38075,91597295,13464000000,5610000
2021/08/12,3143,-20,-0.63,3196,3196,3136,29326,70051905,13379850000,5610000
2021/08/13,3156,13,0.42,3163,3176,3123,19579,46705445,13435950000,5610000
2021/08/17,3163,7,0.21,3196,3196,3123,19808,47452545,13464000000,5610000
2021/08/18,3163,0,0.00,3189,3189,3149,19463,46597145,13464000000,5610000
2021/08/19,3149,-14,-0.42,3163,3268,3149,59969,145665315,13407900000,5610000
2021/08/20,3182,33,1.05,3196,3202,3123,13712,32770685,13548150000,5610000
2021/08/23,3196,14,0.41,3189,3255,3130,31736,77381830,13604250000,5610000
2021/08/24,3235,39,1.24,3229,3242,3209,49634,121863210,13772550000,5610000
2021/08/25,3288,53,1.63,3255,3321,3229,43428,108360170,13996950000,5610000
2021/08/26,3235,-53,-1.60,3301,3341,3235,78042,194270775,13772550000,5610000
2021/08/27,3268,33,1.02,3294,3308,3229,21180,52476925,13912800000,5610000
2021/08/30,3281,13,0.40,3321,3321,3255,5337,13240650,13968900000,5610000
2021/08/31,3215,-66,-2.01,3288,3288,3202,29146,71222990,13688400000,5610000
2021/09/01,3222,7,0.20,3189,3248,3163,42660,103263420,13716450000,5610000
2021/09/02,3229,7,0.20,3215,3261,3209,1595,3910705,13744500000,5610000
2021/09/03,3189,-40,-1.22,3261,3261,3143,85942,208321840,13576200000,5610000
2021/09/06,3202,13,0.41,3222,3222,3169,16291,39502145,13632300000,5610000
2021/09/07,3209,7,0.21,3202,3255,3169,63154,153515320,13660350000,5610000
2021/09/08,3196,-13,-0.41,3222,3222,3136,22821,54714250,13604250000,5610000
2021/09/09,3196,0,0.00,3143,3222,3143,42807,103140020,13604250000,5610000
2021/09/10,3196,0,0.00,3202,3202,3169,5840,14157790,13604250000,5610000
2021/09/13,3136,-60,-1.86,3149,3176,3064,62028,146326840,13351800000,5610000
2021/09/14,3064,-72,-2.31,3136,3136,3024,33000,76526540,13043250000,5610000
2021/09/15,2958,-106,-3.44,3064,3196,2899,345361,781439600,12594450000,5610000
2021/09/16,3037,79,2.67,2952,3037,2952,42197,95894470,12931050000,5610000
2021/09/17,3004,-33,-1.08,2958,3136,2958,335146,770707615,12790800000,5610000
2021/09/23,3051,47,1.54,3004,3130,2958,31620,72302385,12987150000,5610000
2021/09/24,3031,-20,-0.65,3077,3077,2985,16988,39153430,12903000000,5610000
2021/09/27,3004,-27,-0.87,3031,3084,2985,68997,157465420,12790800000,5610000
2021/09/28,3011,7,0.22,2991,3024,2991,31192,70938330,12818850000,5610000
2021/09/29,2998,-13,-0.44,3011,3031,2991,29194,66506035,12762750000,5610000
2021/09/30,3011,13,0.44,2991,3018,2985,14452,32856180,12818850000,5610000
2021/10/01,3044,33,1.09,3011,3051,3004,43401,99721700,12959100000,5610000
2021/10/05,3004,-40,-1.30,3044,3044,2985,56027,128376355,12790800000,5610000
2021/10/06,3004,0,0.00,2998,3031,2985,34277,78044585,12790800000,5610000
2021/10/07,3057,53,1.75,3031,3077,3031,36808,85171915,13015200000,5610000
2021/10/08,3097,40,1.29,3084,3097,3031,76924,178706545,13183500000,5610000
2021/10/12,3222,125,4.04,3097,3281,3077,295425,719634845,13716450000,5610000
2021/10/13,3525,303,9.41,3294,3650,3229,1241958,3247814140,15006750000,5610000
2021/10/14,3525,0,0.00,0,0,0,78,208650,15006750000,5610000
2021/10/15,3525,0,0.00,0,0,0,0,0,15006750000,5610000
2021/10/18,3525,0,0.00,0,0,0,0,0,15006750000,5610000
2021/10/19,3525,0,0.00,0,0,0,0,0,15006750000,5610000
2021/10/20,3525,0,0.00,0,0,0,0,0,15006750000,5610000
2021/10/21,3525,0,0.00,0,0,0,0,0,15006750000,5610000
2021/10/22,3525,0,0.00,0,0,0,0,0,15006750000,5610000
2021/10/25,3525,0,0.00,0,0,0,0,0,15006750000,5610000
2021/10/26,3525,0,0.00,0,0,0,0,0,15006750000,5610000
2021/10/27,3525,0,0.00,0,0,0,0,0,15006750000,5610000
2021/10/28,3525,0,0.00,0,0,0,0,0,15006750000,5610000
2021/10/29,3525,0,0.00,0,0,0,0,0,15006750000,5610000
2021/11/01,3525,0,0.00,0,0,0,0,0,15006750000,5610000
2021/11/02,3525,0,0.00,0,0,0,0,0,15006750000,5610000
2021/11/03,3525,0,0.00,0,0,0,0,0,15006750000,5610000
2021/11/04,3525,0,0.00,0,0,0,0,0,15006750000,5610000
2021/11/05,3525,0,0.00,0,0,0,0,0,15006750000,5610000
2021/11/08,3525,0,0.00,0,0,0,0,0,15006750000,5610000
2021/11/09,3525,0,0.00,0,0,0,0,0,15006750000,5610000
2021/11/10,3525,0,0.00,0,0,0,0,0,15006750000,5610000
2021/11/11,3525,0,0.00,0,0,0,0,0,15006750000,5610000
2021/11/12,3525,0,0.00,0,0,0,0,0,15006750000,5610000
2021/11/15,3525,0,0.00,0,0,0,0,0,15006750000,5610000
2021/11/16,3525,0,0.00,0,0,0,0,0,15006750000,5610000
2021/11/17,3525,0,0.00,0,0,0,0,0,15006750000,5610000
2021/11/18,3525,0,0.00,0,0,0,0,0,15006750000,5610000
2021/11/19,3525,0,0.00,0,0,0,0,0,15006750000,5610000
2021/11/22,3525,0,0.00,0,0,0,0,0,15006750000,5610000
2021/11/23,3525,0,0.00,0,0,0,0,0,15006750000,5610000
2021/11/24,3525,0,0.00,0,0,0,0,0,15006750000,5610000
2021/11/25,3525,0,0.00,0,0,0,0,0,15006750000,5610000
2021/11/26,3525,0,0.00,0,0,0,0,0,15006750000,5610000
2021/11/29,3525,0,0.00,0,0,0,0,0,15006750000,5610000
2021/11/30,3525,0,0.00,0,0,0,0,0,15006750000,5610000
2021/12/01,3525,0,0.00,0,0,0,0,0,15006750000,5610000
2021/12/02,3525,0,0.00,0,0,0,0,0,15006750000,5610000
2021/12/03,3525,0,0.00,0,0,0,0,0,15006750000,5610000
2021/12/06,3525,0,0.00,0,0,0,0,0,15006750000,5610000
2021/12/07,3525,0,0.00,0,0,0,0,0,15006750000,5610000
2021/12/08,3525,0,0.00,0,0,0,0,0,15006750000,5610000
2021/12/09,3525,0,0.00,0,0,0,0,0,15006750000,5610000
2021/12/10,3525,0,0.00,0,0,0,0,0,15006750000,5610000
2021/12/13,3525,0,0.00,0,0,0,0,0,15006750000,5610000
2021/12/14,3525,0,0.00,0,0,0,0,0,15006750000,5610000
2021/12/15,3525,0,0.00,0,0,0,0,0,15006750000,5610000
2021/12/16,3525,0,0.00,0,0,0,0,0,15006750000,5610000
2021/12/17,3525,0,0.00,0,0,0,0,0,15006750000,5610000
2021/12/20,3525,0,0.00,0,0,0,0,0,15006750000,5610000
2021/12/21,3525,0,0.00,0,0,0,0,0,15006750000,5610000
2021/12/22,3525,0,0.00,0,0,0,0,0,15006750000,5610000
2021/12/23,3525,0,0.00,0,0,0,0,0,15006750000,5610000
2021/12/24,3525,0,0.00,0,0,0,0,0,15006750000,5610000
2021/12/27,3525,0,0.00,0,0,0,0,0,15006750000,5610000
2021/12/28,3525,0,0.00,0,0,0,0,0,15006750000,5610000
2021/12/29,3525,0,0.00,0,0,0,0,0,15006750000,5610000
2021/12/30,3525,0,0.00,0,0,0,0,0,15006750000,5610000
2022/01/03,3525,0,0.00,0,0,0,0,0,15006750000,5610000
2022/01/04,3525,0,0.00,0,0,0,0,0,15006750000,5610000
2022/01/05,3525,0,0.00,0,0,0,0,0,15006750000,5610000
2022/01/06,3525,0,0.00,0,0,0,0,0,15006750000,5610000
2022/01/07,3525,0,0.00,0,0,0,0,0,15006750000,5610000
2022/01/10,3525,0,0.00,0,0,0,0,0,15006750000,5610000
2022/01/11,3525,0,0.00,0,0,0,0,0,15006750000,5610000
2022/01/12,3525,0,0.00,0,0,0,0,0,15006750000,5610000
2022/01/13,3525,0,0.00,0,0,0,0,0,15006750000,5610000
2022/01/14,3525,0,0.00,0,0,0,0,0,15006750000,5610000
2022/01/17,3525,0,0.00,0,0,0,0,0,15006750000,5610000
2022/01/18,3525,0,0.00,0,0,0,0,0,15006750000,5610000
2022/01/19,3525,0,0.00,0,0,0,0,0,15006750000,5610000
2022/01/20,3525,0,0.00,0,0,0,0,0,15006750000,5610000
2022/01/21,3525,0,0.00,0,0,0,0,0,15006750000,5610000
2022/01/24,3525,0,0.00,0,0,0,0,0,15006750000,5610000
2022/01/25,3525,0,0.00,0,0,0,0,0,15006750000,5610000
2022/01/26,3525,0,0.00,0,0,0,0,0,15006750000,5610000
2022/01/27,3525,0,0.00,0,0,0,0,0,15006750000,5610000
2022/01/28,3525,0,0.00,0,0,0,0,0,15006750000,5610000
2022/02/03,3525,0,0.00,0,0,0,0,0,15006750000,5610000
2022/02/04,3525,0,0.00,0,0,0,0,0,15006750000,5610000
2022/02/07,3525,0,0.00,0,0,0,0,0,15006750000,5610000
2022/02/08,3525,0,0.00,0,0,0,0,0,15006750000,5610000
2022/02/09,3525,0,0.00,0,0,0,0,0,15006750000,5610000
2022/02/10,3525,0,0.00,0,0,0,0,0,15006750000,5610000
2022/02/11,3525,0,0.00,0,0,0,0,0,15006750000,5610000
2022/02/14,3525,0,0.00,0,0,0,0,0,15006750000,5610000
2022/02/15,3525,0,0.00,0,0,0,0,0,15006750000,5610000
2022/02/16,3525,0,0.00,0,0,0,0,0,15006750000,5610000
2022/02/17,3525,0,0.00,0,0,0,0,0,15006750000,5610000
2022/02/18,3525,0,0.00,0,0,0,0,0,15006750000,5610000
2022/02/21,3525,0,0.00,0,0,0,0,0,15006750000,5610000
2022/02/22,3525,0,0.00,0,0,0,0,0,15006750000,5610000
2022/02/23,3525,0,0.00,0,0,0,0,0,15006750000,5610000
2022/02/24,3525,0,0.00,0,0,0,0,0,15006750000,5610000
2022/02/25,3525,0,0.00,0,0,0,0,0,15006750000,5610000
2022/02/28,3525,0,0.00,0,0,0,0,0,15006750000,5610000
2022/03/02,3525,0,0.00,0,0,0,0,0,15006750000,5610000
2022/03/03,3525,0,0.00,0,0,0,0,0,15006750000,5610000
2022/03/04,3525,0,0.00,0,0,0,0,0,15006750000,5610000
2022/03/07,3525,0,0.00,0,0,0,0,0,15006750000,5610000
2022/03/08,3525,0,0.00,0,0,0,0,0,15006750000,5610000
2022/03/10,3525,0,0.00,0,0,0,0,0,15006750000,5610000
2022/03/11,3525,0,0.00,0,0,0,0,0,15006750000,5610000
2022/03/14,3525,0,0.00,0,0,0,0,0,15006750000,5610000
2022/03/15,3525,0,0.00,0,0,0,0,0,15006750000,5610000
2022/03/16,3525,0,0.00,0,0,0,0,0,15006750000,5610000
2022/03/17,3525,0,0.00,0,0,0,0,0,15006750000,5610000
2022/03/18,3525,0,0.00,0,0,0,0,0,15006750000,5610000
2022/03/21,3525,0,0.00,0,0,0,0,0,15006750000,5610000
2022/03/22,3525,0,0.00,0,0,0,0,0,15006750000,5610000
2022/03/23,3525,0,0.00,0,0,0,0,0,15006750000,5610000
2022/03/24,3525,0,0.00,0,0,0,0,0,15006750000,5610000
2022/03/25,3525,0,0.00,0,0,0,0,0,15006750000,5610000
2022/03/28,3525,0,0.00,0,0,0,0,0,15006750000,5610000
2022/03/29,3525,0,0.00,0,0,0,0,0,15006750000,5610000
2022/03/30,3525,0,0.00,0,0,0,0,0,15006750000,5610000
2022/03/31,3525,0,0.00,0,0,0,0,0,15006750000,5610000
2022/04/01,4580,1055,29.93,3525,4580,3525,10424367,43661894440,25693800000,5610000
2022/04/04,4370,-210,-4.59,4450,4825,4305,2995020,13592450655,24515700000,5610000
2022/04/05,4275,-95,-2.17,4305,4440,4075,665076,2854442845,23982750000,5610000
2022/04/06,4660,385,9.01,4245,4960,4150,4364023,20503406840,26142600000,5610000
2022/04/07,4620,-40,-0.86,4700,4920,4535,999095,4720799780,25918200000,5610000
2022/04/08,4575,-45,-0.97,4660,4790,4540,331948,1527219555,25665750000,5610000
2022/04/11,4710,135,2.95,4530,5100,4490,1476271,7136757845,26423100000,5610000
2022/04/12,5010,300,6.37,4800,5350,4690,2590605,13152633400,28106100000,5610000
2022/04/13,5020,10,0.20,5010,5130,4865,346707,1723325480,28162200000,5610000
2022/04/14,4980,-40,-0.80,4980,5150,4790,358826,1765076875,27937800000,5610000
2022/04/15,4890,-90,-1.81,4860,4950,4790,204340,994588380,27432900000,5610000
2022/04/18,4865,-25,-0.51,4890,4975,4810,308816,1502286585,27292650000,5610000
2022/04/19,4975,110,2.26,4860,4995,4800,117347,579369740,27909750000,5610000
2022/04/20,4895,-80,-1.61,4965,4975,4855,84281,413149685,27460950000,5610000
2022/04/21,4890,-5,-0.10,4855,4955,4845,68403,333285880,27432900000,5610000
2022/04/22,4925,35,0.72,4895,4975,4835,116216,567103705,27629250000,5610000
2022/04/25,4820,-105,-2.13,4910,4910,4680,244298,1172672310,27040200000,5610000
2022/04/26,4875,55,1.14,4800,5220,4750,207883,1028559220,27348750000,5610000
2022/04/27,4750,-125,-2.56,4675,4835,4665,169209,796996885,26647500000,5610000
2022/04/28,4695,-55,-1.16,4885,4885,4645,93196,436601070,26338950000,5610000
2022/04/29,4680,-15,-0.32,4695,4750,4655,61730,290659925,26254800000,5610000
2022/05/02,4675,-5,-0.11,4745,4745,4560,68063,313252210,26226750000,5610000
2022/05/03,4720,45,0.96,4680,4780,4580,60265,278366700,26479200000,5610000
2022/05/04,4665,-55,-1.17,4755,4785,4595,44577,206769075,26170650000,5610000
2022/05/06,4535,-130,-2.79,4535,4660,4335,89069,404391830,25441350000,5610000
2022/05/09,4230,-305,-6.73,4480,4700,4080,244398,1037979565,23730300000,5610000
2022/05/10,4210,-20,-0.47,4220,4370,3935,149245,616373520,23618100000,5610000
2022/05/11,4210,0,0.00,4485,4485,4195,42346,179726100,23618100000,5610000
2022/05/12,4095,-115,-2.73,4210,4300,4010,59347,245281285,22972950000,5610000
2022/05/13,4185,90,2.20,4200,4200,4115,19617,81654545,23477850000,5610000
2022/05/16,4125,-60,-1.43,4300,4300,4095,43303,179268480,23141250000,5610000
2022/05/17,4095,-30,-0.73,4285,4285,4015,25239,103620545,22972950000,5610000
2022/05/18,4145,50,1.22,4190,4190,4050,15534,63634965,23253450000,5610000
2022/05/19,4085,-60,-1.45,4245,4245,3975,33353,134917085,22916850000,5610000
2022/05/20,4070,-15,-0.37,4390,4390,4035,18597,75918080,22832700000,5610000
2022/05/23,3965,-105,-2.58,4065,4145,3930,76595,307001260,22243650000,5610000
2022/05/24,3800,-165,-4.16,4175,4175,3800,65098,252273960,21318000000,5610000
2022/05/25,3790,-10,-0.26,3900,3900,3675,52410,195505885,21261900000,5610000
2022/05/26,3800,10,0.26,3980,3980,3730,32626,122552550,21318000000,5610000
2022/05/27,3890,90,2.37,3965,3965,3715,20688,79150305,21822900000,5610000
2022/05/30,3885,-5,-0.13,3935,3935,3795,33306,129349420,21794850000,5610000
2022/05/31,3860,-25,-0.64,3970,3980,3825,29883,114946910,21654600000,5610000
2022/06/02,3795,-65,-1.68,3970,3970,3740,24955,94807255,21289950000,5610000
2022/06/03,3780,-15,-0.40,3750,3940,3675,65253,245890965,21205800000,5610000
2022/06/07,3715,-65,-1.72,3905,3905,3710,43484,164223820,20841150000,5610000
2022/06/08,3720,5,0.13,3800,3815,3570,20017,74061450,20869200000,5610000
2022/06/09,3740,20,0.54,3720,3805,3610,14916,55468755,20981400000,5610000
2022/06/10,3890,150,4.01,3875,4130,3665,92002,357605245,21822900000,5610000
2022/06/13,3905,15,0.39,3890,4150,3835,100564,396876720,21907050000,5610000
2022/06/14,3930,25,0.64,3800,4030,3800,25950,101630935,22047300000,5610000
2022/06/15,3970,40,1.02,4035,4275,3900,112552,455119085,22271700000,5610000
2022/06/16,4225,255,6.42,3990,4250,3975,95333,392354810,23702250000,5610000
2022/06/17,4100,-125,-2.96,4140,4200,4005,42644,174190580,23001000000,5610000
2022/06/20,4025,-75,-1.83,4040,4100,3960,75529,305565900,22580250000,5610000
2022/06/21,4000,-25,-0.62,3900,4030,3900,30694,122161840,22440000000,5610000
2022/06/22,3925,-75,-1.88,4000,4000,3845,35212,138252620,22019250000,5610000
2022/06/23,3785,-140,-3.57,3975,3975,3495,147058,546631875,21233850000,5610000
2022/06/24,3745,-40,-1.06,3900,3900,3580,25146,94885050,21009450000,5610000
2022/06/27,3855,110,2.94,3795,3990,3745,68317,266936235,21626550000,5610000
2022/06/28,3770,-85,-2.20,3980,3980,3760,55904,215086825,21149700000,5610000
2022/06/29,3645,-125,-3.32,3840,3840,3645,62961,233351280,20448450000,5610000
2022/06/30,3300,-345,-9.47,3415,3420,3100,5761875,18815818610,287221938300,87036951
2022/07/01,3075,-225,-6.82,3395,3395,3045,2515620,7866703135,267638624325,87036951
2022/07/04,3105,30,0.98,3130,3225,2920,1742267,5260800335,270249732855,87036951
2022/07/05,3160,55,1.77,3050,3190,3030,575615,1789689765,275036765160,87036951
2022/07/06,3045,-115,-3.64,3195,3195,3030,547675,1684069210,265027515795,87036951
2022/07/07,2980,-65,-2.13,3045,3150,2955,661821,1982836545,259370113980,87036951
2022/07/08,3025,45,1.51,2985,3100,2980,483316,1463397955,263286776775,87036951
2022/07/11,3200,175,5.79,3000,3295,2990,1238773,3983376130,278518243200,87036951
2022/07/12,3100,-100,-3.13,3165,3180,3050,321199,993577830,269814548100,87036951
2022/07/13,3255,155,5.00,3120,3295,3120,650893,2108808260,283305275505,87036951
2022/07/14,3370,115,3.53,3230,3425,3185,666110,2238431710,293314524870,87036951
2022/07/15,3370,0,0.00,3370,3385,3280,290147,969910495,293314524870,87036951
2022/07/18,3045,-325,-9.64,3440,3500,3015,2803735,8848259170,265027515795,87036951
2022/07/19,2970,-75,-2.46,2935,3025,2810,2295815,6684487755,258499744470,87036951
2022/07/20,3100,130,4.38,3020,3265,3000,2827396,8861995100,269814548100,87036951
2022/07/21,3115,15,0.48,3100,3200,3045,512734,1595887690,271120102365,87036951
2022/07/22,3090,-25,-0.80,3165,3165,3025,494260,1526205230,268944178590,87036951
2022/07/25,3085,-5,-0.16,3090,3130,2990,317380,965537435,268508993835,87036951
2022/07/26,2995,-90,-2.92,3100,3100,2970,695009,2085250500,260675668245,87036951
2022/07/27,3030,35,1.17,2995,3090,2985,357539,1087160800,263721961530,87036951
2022/07/28,3000,-30,-0.99,3060,3100,2990,284392,860728335,261110853000,87036951
2022/07/29,3160,160,5.33,3000,3230,2985,696554,2191676010,275036765160,87036951
2022/08/01,3100,-60,-1.90,3160,3190,3060,428753,1337134245,269814548100,87036951
2022/08/02,3040,-60,-1.94,3100,3100,3010,349489,1064815210,264592331040,87036951
2022/08/03,3170,130,4.28,3040,3190,3015,418839,1316179280,275907134670,87036951
2022/08/04,3250,80,2.52,3180,3340,3170,935720,3052749810,282870090750,87036951
2022/08/05,3240,-10,-0.31,3250,3260,3150,185358,593146735,281999721240,87036951
2022/08/08,3110,-130,-4.01,3250,3250,3065,395683,1248992210,270684917610,87036951
2022/08/09,3210,100,3.22,3080,3330,3030,683854,2140714315,279388612710,87036951
2022/08/10,2920,-290,-9.03,3200,3235,2665,3793564,11069104300,254147896920,87036951
2022/08/11,3030,110,3.77,2950,3125,2895,3527581,10205660610,263721961530,87036951
2022/08/12,3000,-30,-0.99,3030,3060,2975,501037,1506994085,261110853000,87036951
2022/08/16,3000,0,0.00,3005,3080,2950,681887,2035480655,261110853000,87036951
2022/08/17,3075,75,2.50,3005,3125,2915,1039172,3147238705,267638624325,87036951
2022/08/18,2990,-85,-2.76,3025,3080,2975,576670,1731646565,260240483490,87036951
2022/08/19,2920,-70,-2.34,2990,3000,2910,534507,1580858760,254147896920,87036951
2022/08/22,2940,20,0.68,2995,3250,2830,932933,2778723450,255888635940,87036951
2022/08/23,2860,-80,-2.72,2935,2935,2850,561839,1618943430,248925679860,87036951
2022/08/24,2915,55,1.92,2875,2935,2870,166209,484464490,253712712165,87036951
2022/08/25,2915,0,0.00,2920,2930,2895,226313,658645010,253712712165,87036951
2022/08/26,2895,-20,-0.69,2920,2940,2845,329630,953053470,251971973145,87036951
2022/08/29,2720,-175,-6.04,2800,2850,2705,629520,1737399745,236740506720,87036951
2022/08/30,2730,10,0.37,2775,2815,2700,303580,830139530,237610876230,87036951
2022/08/31,2790,60,2.20,2730,2830,2695,386522,1064010380,242833093290,87036951
2022/09/01,2760,-30,-1.08,2810,2830,2760,239652,667083395,240221984760,87036951
2022/09/02,2775,15,0.54,2780,2810,2695,283839,780402170,241527539025,87036951
2022/09/05,2760,-15,-0.54,2810,2870,2700,381764,1051058215,240221984760,87036951
2022/09/06,2860,100,3.62,2800,2900,2725,305888,855043750,248925679860,87036951
2022/09/07,2830,-30,-1.05,2860,2890,2810,211282,601921800,246314571330,87036951
2022/09/08,2840,10,0.35,2840,2880,2810,295685,837262285,247184940840,87036951
2022/09/13,2880,40,1.41,2885,2895,2820,233470,666898830,250666418880,87036951
2022/09/14,2860,-20,-0.69,2810,2865,2630,211496,594757490,248925679860,87036951
2022/09/15,2810,-50,-1.75,2875,2880,2800,216479,612721735,244573832310,87036951
2022/09/16,2790,-20,-0.71,2810,2855,2765,147164,411528285,242833093290,87036951
2022/09/19,2740,-50,-1.79,2810,2815,2725,99847,275022250,238481245740,87036951
2022/09/20,2820,80,2.92,2730,2835,2730,234681,660147270,245444201820,87036951
2022/09/21,2790,-30,-1.06,2770,2820,2765,116044,324334775,242833093290,87036951
2022/09/22,2720,-70,-2.51,2760,2760,2670,262972,709157790,236740506720,87036951
2022/09/23,2660,-60,-2.21,2715,2800,2635,328006,884533165,231518289660,87036951
2022/09/26,2525,-135,-5.08,2650,2650,2450,544508,1382492520,219768301275,87036951
2022/09/27,2475,-50,-1.98,2530,2585,2315,275838,692415190,215416453725,87036951
2022/09/28,2400,-75,-3.03,2490,2555,2330,345750,824934270,208888682400,87036951
2022/09/29,2440,40,1.67,2450,2530,2405,282742,696681250,212370160440,87036951
2022/09/30,2410,-30,-1.23,2410,2435,2345,182840,436219765,209759051910,87036951
2022/10/04,2460,50,2.07,2500,2500,2405,165601,405341770,214110899460,87036951
2022/10/05,2475,15,0.61,2520,2690,2455,308637,779631000,215416453725,87036951
2022/10/06,2605,130,5.25,2510,2670,2480,373307,967794375,226731257355,87036951
2022/10/07,2545,-60,-2.30,2595,2595,2480,120871,304912490,221509040295,87036951
2022/10/11,2465,-80,-3.14,2415,2490,2405,176541,433150555,214546084215,87036951
2022/10/12,2470,5,0.20,2455,2480,2415,131574,321285675,214981268970,87036951
2022/10/13,2365,-105,-4.25,2445,2485,2350,136360,325971465,205842389115,87036951
2022/10/14,2695,330,13.95,2455,2970,2400,6806213,18363155115,234564582945,87036951
2022/10/17,2695,0,0.00,2675,2720,2505,801886,2116884150,234564582945,87036951
2022/10/18,2700,5,0.19,2690,2955,2635,1634082,4486504055,234999767700,87036951
2022/10/19,2770,70,2.59,2735,2890,2700,897456,2497865770,241092354270,87036951
2022/10/20,2680,-90,-3.25,2770,2800,2650,360086,970038315,233259028680,87036951
2022/10/21,2595,-85,-3.17,2680,2770,2595,466519,1247091645,225860887845,87036951
2022/10/24,2650,55,2.12,2640,2760,2605,374756,1005637965,230647920150,87036951
2022/10/25,2670,20,0.75,2645,2720,2610,206807,549601160,232388659170,87036951
2022/10/26,2740,70,2.62,2705,2795,2650,386460,1055708100,238481245740,87036951
2022/10/27,2755,15,0.55,2770,2800,2705,253003,696660465,239786800005,87036951
2022/10/28,2755,0,0.00,2735,2785,2680,223636,612783035,239786800005,87036951
2022/10/31,2755,0,0.00,2705,2800,2685,324649,885798500,239786800005,87036951
2022/11/01,2770,15,0.54,2755,2770,2705,193641,530238570,241092354270,87036951
2022/11/02,2720,-50,-1.81,2770,2770,2625,213670,577084350,236740506720,87036951
2022/11/03,2740,20,0.74,2645,2745,2585,145511,388937655,238481245740,87036951
2022/11/04,2740,0,0.00,2735,2745,2655,115077,311104970,238481245740,87036951
2022/11/07,2760,20,0.73,2770,2810,2720,277569,763179190,240221984760,87036951
2022/11/08,2890,130,4.71,2745,2935,2710,1625145,4670349720,251536788390,87036951
2022/11/09,2950,60,2.08,2860,2960,2850,492593,1431551330,256759005450,87036951
2022/11/10,3040,90,3.05,2950,3095,2885,1418210,4299035910,264592331040,87036951
2022/11/11,3180,140,4.61,3100,3300,3025,2900767,9190810860,276777504180,87036951
2022/11/14,3135,-45,-1.42,3180,3185,3035,997405,3078358460,272860841385,87036951
2022/11/15,3160,25,0.80,3135,3270,3085,1259081,3985999945,275036765160,87036951
2022/11/16,3175,15,0.47,3200,3260,3120,975257,3089886215,276342319425,87036951
2022/11/17,3135,-40,-1.26,3135,3235,3085,804795,2527586610,272860841385,87036951
2022/11/18,3455,320,10.21,3135,3595,3100,5514557,18652199570,300712665705,87036951
2022/11/21,3600,145,4.20,3430,3745,3420,4157321,14920866100,313333023600,87036951
2022/11/22,3855,255,7.08,3590,3910,3530,3501943,13313987950,335527446105,87036951
2022/11/23,3935,80,2.08,3855,3960,3695,1572641,6028515560,342490402185,87036951
2022/11/24,3780,-155,-3.94,3895,3965,3655,2344078,8853463805,328999674780,87036951
2022/11/25,3825,45,1.19,3770,3880,3735,776400,2958078185,332916337575,87036951
2022/11/28,3655,-170,-4.44,3815,3835,3650,937762,3495215875,318120055905,87036951
2022/11/29,3695,40,1.09,3630,3750,3535,1053326,3841786715,321601533945,87036951
2022/11/30,3955,260,7.04,3660,4100,3615,3024035,11928737150,344231141205,87036951
2022/12/01,4180,225,5.69,4075,4330,4075,2614176,10957266460,363814455180,87036951
2022/12/02,4240,60,1.44,4205,4445,4150,2601927,11212779155,369036672240,87036951
2022/12/05,4095,-145,-3.42,4250,4255,4080,1301713,5389539390,356416314345,87036951
2022/12/06,3980,-115,-2.81,4010,4160,3950,1051963,4226021560,346407064980,87036951
2022/12/07,4000,20,0.50,3910,4090,3860,1259255,5029854985,348147804000,87036951
2022/12/08,4020,20,0.50,3995,4120,3900,848055,3400661235,349888543020,87036951
2022/12/09,3960,-60,-1.49,4070,4165,3960,1170179,4744203835,344666325960,87036951
2022/12/12,4115,155,3.91,3960,4245,3930,1503912,6174818220,358157053365,87036951
2022/12/13,4065,-50,-1.22,4150,4235,3995,1244450,5092894705,353805205815,87036951
2022/12/14,4300,235,5.78,4065,4405,4055,2042735,8826140035,374258889300,87036951
2022/12/15,4055,-245,-5.70,4265,4355,4055,908827,3839964210,352934836305,87036951
2022/12/16,3995,-60,-1.48,3990,4190,3985,1382349,5605925605,347712619245,87036951
2022/12/19,4120,125,3.13,4030,4165,3945,914580,3750616555,358592238120,87036951
2022/12/20,4230,110,2.67,4090,4275,4075,1362947,5768617050,368166302730,87036951
2022/12/21,4495,265,6.26,4250,4525,4205,2775292,12328195915,391231094745,87036951
2022/12/22,4425,-70,-1.56,4500,4525,4280,1340547,5932522435,385138508175,87036951
2022/12/23,4335,-90,-2.03,4385,4410,4230,1720915,7402928245,377305182585,87036951
2022/12/26,4270,-65,-1.50,4320,4365,4245,784737,3383207360,371647780770,87036951
2022/12/27,4520,250,5.85,4285,4530,4200,1926912,8515597685,393407018520,87036951
2022/12/28,4800,280,6.19,4520,4945,4450,4338323,20708369765,417777364800,87036951
2022/12/29,4645,-155,-3.23,4790,4790,4550,1493082,6953112540,408420687395,87926951
2023/01/02,4555,-90,-1.94,4645,4670,4435,1417387,6461983295,400507261805,87926951
2023/01/03,4520,-35,-0.77,4520,4565,4370,1720173,7683948500,397429818520,87926951
2023/01/04,4455,-65,-1.44,4435,4595,4355,1600489,7115536605,391714566705,87926951
2023/01/05,4200,-255,-5.72,4465,4610,4190,2154134,9406613595,369293194200,87926951
2023/01/06,4130,-70,-1.67,4240,4300,4055,2083792,8670737970,363138307630,87926951
2023/01/09,4100,-30,-0.73,4165,4180,4000,1832307,7482071150,360500499100,87926951
2023/01/10,4060,-40,-0.98,4150,4170,3985,1256193,5103962820,356983421060,87926951
2023/01/11,4020,-40,-0.99,4060,4135,3900,2405732,9601512950,353466343020,87926951
2023/01/12,4100,80,1.99,4025,4185,3985,1560132,6399274120,360500499100,87926951
2023/01/13,4225,125,3.05,4120,4465,4090,4180843,18029033685,371491367975,87926951
2023/01/16,4330,105,2.49,4205,4385,4165,1492899,6406936250,380723697830,87926951
2023/01/17,4430,100,2.31,4340,4480,4300,1585050,6973479470,389516392930,87926951
2023/01/18,4405,-25,-0.56,4450,4570,4350,1548797,6879678490,387318219155,87926951
2023/01/19,4695,290,6.58,4400,4770,4365,3107888,14486199890,412817034945,87926951
2023/01/20,4660,-35,-0.75,4700,4770,4590,1176702,5506450850,409739591660,87926951
2023/01/25,4770,110,2.36,4635,4895,4565,1820586,8682576275,419411556270,87926951
2023/01/26,4970,200,4.19,4815,5140,4750,2505181,12540438215,436996946470,87926951
2023/01/27,4990,20,0.40,4970,5120,4900,1114479,5569430635,438755485490,87926951
2023/01/30,4735,-255,-5.11,5000,5010,4710,1647856,7885026805,416334112985,87926951
2023/01/31,4830,95,2.01,4700,4860,4695,1046305,4988573025,424687173330,87926951
2023/02/01,4670,-160,-3.31,4820,4835,4630,1077617,5069884765,410618861170,87926951
2023/02/02,4735,65,1.39,4715,4820,4650,738298,3481954150,416334112985,87926951
2023/02/03,4780,45,0.95,4780,4920,4700,692858,3353557745,420290825780,87926951
2023/02/06,4680,-100,-2.09,4735,4735,4655,344677,1617029505,411498130680,87926951
2023/02/07,4770,90,1.92,4675,4815,4580,825121,3865260840,419411556270,87926951
2023/02/08,4885,115,2.41,4795,5090,4715,1571416,7736614905,429523155635,87926951
2023/02/09,4720,-165,-3.38,4840,4945,4665,1031557,4901984550,415015208720,87926951
2023/02/10,5000,280,5.93,4750,5160,4635,4196467,20882703270,439634755000,87926951
2023/02/13,5490,490,9.80,5040,5520,5020,4061847,21720801480,482718960990,87926951
2023/02/14,5420,-70,-1.28,5430,5690,5330,2303292,12702363070,476564074420,87926951
2023/02/15,5720,300,5.54,5490,5870,5490,2649841,15170782350,502942159720,87926951
2023/02/16,5860,140,2.45,5700,5970,5650,1625261,9521402920,515251932860,87926951
2023/02/17,5800,-60,-1.02,5850,5920,5680,1040428,6030309950,509976315800,87926951
2023/02/20,5620,-180,-3.10,5710,5780,5420,933105,5266827720,494149464620,87926951
2023/02/21,5850,230,4.09,5610,6160,5520,1946547,11375407820,514372663350,87926951
2023/02/22,5700,-150,-2.56,5760,5820,5620,731724,4172438390,501183620700,87926951
2023/02/23,5670,-30,-0.53,5760,5800,5580,490990,2782177640,498545812170,87926951
2023/02/24,5870,200,3.53,5700,5900,5510,1066738,6141409930,516131202370,87926951
2023/02/27,6020,150,2.56,5940,6200,5930,2044307,12396517110,529320245020,87926951
2023/02/28,6000,-20,-0.33,5970,6070,5880,901778,5375388080,527561706000,87926951
2023/03/02,5890,-110,-1.83,5940,6050,5780,867552,5126328420,517889741390,87926951
2023/03/03,5880,-10,-0.17,5920,5960,5800,580984,3404939160,517010471880,87926951
2023/03/06,5910,30,0.51,5920,6080,5750,841377,4911942120,519648280410,87926951
2023/03/07,6080,170,2.88,5930,6150,5800,1179291,7046382720,534595862080,87926951
2023/03/08,5930,-150,-2.47,6050,6180,5910,1080095,6459347230,521406819430,87926951
2023/03/09,6240,310,5.23,5950,6340,5860,1975871,12208191550,548664174240,87926951
2023/03/10,5950,-290,-4.65,6120,6170,5950,1027692,6164121820,523165358450,87926951
2023/03/13,5760,-190,-3.19,5890,5900,5560,1009891,5760231620,506459237760,87926951
2023/03/14,5350,-410,-7.12,5750,5800,5350,1811482,9897986420,470409187850,87926951
2023/03/15,5780,430,8.04,5550,5820,5480,1811671,10291530060,508217776780,87926951
2023/03/16,5690,-90,-1.56,5660,5830,5620,736215,4210531570,500304351190,87926951
2023/03/17,5460,-230,-4.04,5790,5820,5380,885771,4916664770,480081152460,87926951
2023/03/20,5450,-10,-0.18,5450,5590,5270,570976,3092450020,479201882950,87926951
2023/03/21,5500,50,0.92,5560,5620,5370,744426,4089108940,483598230500,87926951
2023/03/22,5650,150,2.73,5610,5790,5520,1141241,6473233110,496787273150,87926951
2023/03/23,5380,-270,-4.78,5650,5670,5360,1113706,6061467010,473046996380,87926951
2023/03/24,5380,0,0.00,5450,5500,5250,705536,3778487590,473046996380,87926951
2023/03/27,5450,70,1.30,5400,5460,5140,794991,4222700410,479201882950,87926951
2023/03/28,5880,430,7.89,5480,6020,5270,1898358,10832000210,517010471880,87926951
2023/03/29,6340,460,7.82,6060,6840,5700,10709502,67355853070,557456869340,87926951
2023/03/30,6330,-10,-0.16,6340,6450,6150,1766197,11136693350,556577599830,87926951
2023/03/31,6420,90,1.42,6290,6630,6230,2014875,13058234640,564491025420,87926951
2023/04/03,6430,10,0.16,6390,6690,6350,1323760,8649191140,565370294930,87926951
2023/04/04,6460,30,0.47,6430,6700,6360,1569868,10269764680,568008103460,87926951
2023/04/05,6840,380,5.88,6600,6910,6540,3442908,23367530640,601420344840,87926951
2023/04/06,6490,-350,-5.12,6830,6830,6490,1472153,9730625570,570645911990,87926951
2023/04/07,6550,60,0.92,6600,6700,6450,703696,4642576210,575921529050,87926951
2023/04/10,6320,-230,-3.51,6600,6670,6250,1281959,8173040980,555698330320,87926951
2023/04/11,6530,210,3.32,6350,6570,6160,1209582,7746859740,574162990030,87926951
2023/04/12,6440,-90,-1.38,6500,6580,6290,672082,4322015750,566249564440,87926951
2023/04/13,6660,220,3.42,6440,6680,6310,1184185,7775009840,585593493660,87926951
2023/04/14,6500,-160,-2.40,6700,6860,6480,1252186,8334611360,571525181500,87926951
2023/04/17,6600,100,1.54,6470,6650,6400,784791,5122231030,580317876600,87926951
2023/04/18,6690,90,1.36,6540,6980,6540,1518091,10273156160,588231302190,87926951
2023/04/19,6890,200,2.99,6650,6930,6620,1156091,7888827480,605816692390,87926951
2023/04/20,6510,-380,-5.52,6840,6850,6410,1526734,10062766830,572404451010,87926951
2023/04/21,6440,-70,-1.08,6410,6600,6220,1188610,7637375990,566249564440,87926951
2023/04/24,6320,-120,-1.86,6360,6490,6210,786701,4965270710,555698330320,87926951
2023/04/25,6260,-60,-0.95,6410,6410,6100,811761,5011729560,550422713260,87926951
2023/04/26,6190,-70,-1.12,6250,6300,6110,538197,3329064150,544267826690,87926951
2023/04/27,6390,200,3.23,6240,6500,6110,631184,4025613530,561853216890,87926951
2023/04/28,6320,-70,-1.10,6430,6450,6220,489157,3082088640,557259142800,88173915
2023/05/02,6700,380,6.01,6340,6820,6260,1515180,10104617440,590765230500,88173915
2023/05/03,6820,120,1.79,6700,6960,6590,1245363,8539034670,601346100300,88173915
2023/05/04,6690,-130,-1.91,6920,6930,6610,454313,3059658790,589883491350,88173915
2023/05/08,6690,0,0.00,6640,6840,6560,434106,2896323040,589883491350,88173915
2023/05/09,7770,1080,16.14,6680,7940,6650,11772432,87062056350,685111319550,88173915
2023/05/10,7700,-70,-0.90,7690,8130,7620,3662970,28895156130,678939145500,88173915
2023/05/11,7710,10,0.13,7700,7970,7530,1762945,13654132570,679820884650,88173915
2023/05/12,7520,-190,-2.46,7960,8120,7360,2844828,21722646710,663067840800,88173915
2023/05/15,7880,360,4.79,7500,7880,7340,1972009,15189358830,694810450200,88173915
2023/05/16,7840,-40,-0.51,7880,8170,7720,1680127,13408304580,691283493600,88173915
2023/05/17,8300,460,5.87,7820,8370,7820,2194303,18042396670,731843494500,88173915
2023/05/18,8140,-160,-1.93,8240,8240,8030,797458,6489721150,717735668100,88173915
2023/05/19,8050,-90,-1.11,8160,8170,7850,987330,7871785060,709800015750,88173915
2023/05/22,7950,-100,-1.24,8040,8150,7830,494722,3928300810,700982624250,88173915
2023/05/23,7960,10,0.13,7910,7980,7670,739372,5768628150,701864363400,88173915
2023/05/24,7830,-130,-1.63,7870,7910,7720,416892,3255676880,690401754450,88173915
2023/05/25,7830,0,0.00,7770,7900,7710,323336,2523682820,690401754450,88173915
2023/05/26,8030,200,2.55,7830,8170,7710,620327,4970515470,708036537450,88173915
2023/05/30,7900,-130,-1.62,8070,8130,7850,562607,4459905530,696573928500,88173915
2023/05/31,8220,320,4.05,7950,8240,7900,636026,5192098030,724789581300,88173915
2023/06/01,8630,410,4.99,8180,8900,8180,1727166,14931473570,760940886450,88173915
2023/06/02,8760,130,1.51,8570,9040,8560,1303022,11520849920,772403495400,88173915
2023/06/05,8610,-150,-1.71,8850,9030,8520,818944,7154499370,759177408150,88173915
2023/06/07,8820,210,2.44,8700,8950,8620,605038,5332872240,777693930300,88173915
2023/06/08,9100,280,3.17,8840,9350,8830,1627389,14830438500,802382626500,88173915
2023/06/09,9230,130,1.43,9120,9290,8890,1307611,11901594540,813845235450,88173915
2023/06/12,9500,270,2.93,9300,9500,9100,939904,8788504390,837652192500,88173915
2023/06/13,9890,390,4.11,9400,9980,9370,1385757,13539691120,872040019350,88173915
2023/06/14,10300,410,4.15,9890,10650,9810,2587853,26417868190,908191324500,88173915
2023/06/15,10030,-270,-2.62,10300,10330,9860,1172011,11794870750,884384367450,88173915
2023/06/16,10330,300,2.99,10030,10400,10000,1059139,10829886680,910836541950,88173915
2023/06/19,10430,100,0.97,10360,10570,10150,487407,5049001620,919653933450,88173915
2023/06/20,10670,240,2.30,10570,11150,10300,1124352,12038284220,940815673050,88173915
2023/06/21,10470,-200,-1.87,10670,10830,10310,759212,8002545570,923180890050,88173915
2023/06/22,10130,-340,-3.25,10330,10430,9920,1129742,11439168790,893201758950,88173915
2023/06/23,10320,190,1.88,10130,10520,10010,595952,6171923610,909954802800,88173915
2023/06/26,10340,20,0.19,10420,10550,10080,519371,5371856590,911718281100,88173915
2023/06/27,10270,-70,-0.68,10320,10490,10090,609001,6211140450,905546107050,88173915
2023/06/28,10840,570,5.55,10480,11180,10350,2085685,22738914250,955805238600,88173915
2023/06/29,10340,-500,-4.61,10840,10870,10140,1086422,11378754580,911718281100,88173915
2023/06/30,10400,60,0.58,10320,10510,10160,652574,6727468680,917008716000,88173915
2023/07/03,10660,260,2.50,10600,10740,10200,1120295,11740471390,939933933900,88173915
2023/07/04,10660,0,0.00,10560,10870,10070,1480527,15415555150,939933933900,88173915
2023/07/05,10540,-120,-1.13,10800,11140,10450,1172187,12702801380,929353064100,88173915
2023/07/06,10820,280,2.66,10950,11830,10750,3209025,36125652400,954041760300,88173915
2023/07/07,10510,-310,-2.87,10910,11040,10400,1616608,17206311480,926707846650,88173915
2023/07/10,9970,-540,-5.14,10500,10720,9890,1622905,16576899210,879093932550,88173915
2023/07/11,10130,160,1.60,9950,10170,9710,902500,9018294500,893201758950,88173915
2023/07/12,10910,780,7.70,10130,10960,10130,1622115,17459985050,961977412650,88173915
2023/07/13,10520,-390,-3.57,11010,11090,10430,1165222,12367522840,927589585800,88173915
2023/07/14,10620,100,0.95,10620,10840,10400,635369,6741866400,936406977300,88173915
2023/07/17,10320,-300,-2.82,10800,11260,10260,1303060,14005512020,909954802800,88173915
2023/07/18,10190,-130,-1.26,10250,10430,10100,665572,6787387300,898492193850,88173915
2023/07/19,10130,-60,-0.59,10320,10360,9980,589071,6001631990,893201758950,88173915
2023/07/20,10500,370,3.65,10200,10580,10150,861543,8964013190,925826107500,88173915
2023/07/21,10480,-20,-0.19,10400,10660,10310,623313,6551524510,924062629200,88173915
2023/07/24,10440,-40,-0.38,10590,11000,10360,1652276,17671526330,920535672600,88173915
2023/07/25,10270,-170,-1.63,10550,10820,10190,836908,8740587670,905546107050,88173915
2023/07/26,9810,-460,-4.48,10270,10400,9690,1264904,12651595870,864986106150,88173915
2023/07/27,10420,610,6.22,9770,10640,9760,1279488,13321032630,918772194300,88173915
2023/07/28,11200,780,7.49,10390,11470,10390,2953523,32900761030,987547848000,88173915
2023/07/31,10910,-290,-2.59,11250,11360,10500,1043167,11429118180,961977412650,88173915
2023/08/01,10970,60,0.55,10990,11150,10720,695371,7600906090,967267847550,88173915
2023/08/02,10510,-460,-4.19,10950,10960,10330,1042534,11045540300,926707846650,88173915
2023/08/03,10980,470,4.47,10480,10980,10240,1059668,11333582160,968149586700,88173915
2023/08/04,11860,880,8.01,11010,11920,10840,2929271,34029548100,1045742631900,88173915
2023/08/07,12500,640,5.40,11770,12800,11570,3226742,40029682670,1102173937500,88173915
2023/08/08,12950,450,3.60,13000,13240,12460,3375146,43345092930,1141852199250,88173915
2023/08/09,12620,-330,-2.55,12930,12930,12110,1867026,23303320480,1112754807300,88173915
2023/08/10,13190,570,4.52,12600,13200,12350,2499256,32307436810,1163013938850,88173915
2023/08/11,13480,290,2.20,13300,13670,12920,1560424,20843796200,1188584374200,88173915
2023/08/14,13430,-50,-0.37,13580,14100,13270,1689886,23139436050,1184175678450,88173915
2023/08/16,13460,30,0.22,13290,13560,12010,1559086,20719139170,1186820895900,88173915
2023/08/17,13160,-300,-2.23,13440,13480,12800,1169896,15352632550,1160368721400,88173915
2023/08/18,13050,-110,-0.84,12950,13250,12900,819263,10682923900,1150669590750,88173915
2023/08/21,13290,240,1.84,13090,13630,12910,944258,12605651180,1171831330350,88173915
2023/08/22,13250,-40,-0.30,13250,13450,12960,555056,7356758230,1168304373750,88173915
2023/08/23,12920,-330,-2.49,13380,13650,12660,1271893,16509733280,1139206981800,88173915
2023/08/24,13120,200,1.55,13000,13590,12890,1020651,13556592190,1156841764800,88173915
2023/08/25,13130,10,0.08,13030,13190,12980,431361,5642867910,1157723503950,88173915
2023/08/28,13640,510,3.88,13180,14000,12960,1731322,23450422740,1202692200600,88173915
2023/08/29,13520,-120,-0.88,13760,13760,13260,709063,9485474190,1192111330800,88173915
2023/08/30,14060,540,3.99,13770,14190,13460,1363260,18926421890,1239725244900,88173915
2023/08/31,14890,830,5.90,14210,15110,13970,3299902,48857589600,1312909594350,88173915
2023/09/01,14270,-620,-4.16,14920,14990,14110,1646337,23752190820,1258241767050,88173915
2023/09/04,13710,-560,-3.92,14410,14420,13120,2395064,32506409970,1208864374650,88173915
2023/09/05,13330,-380,-2.77,13540,14070,13260,1109298,14997764240,1175358286950,88173915
2023/09/06,13840,510,3.83,13320,14090,13150,1326845,18362277390,1220326983600,88173915
2023/09/07,13460,-380,-2.75,13710,13800,13290,765299,10302349220,1186820895900,88173915
2023/09/08,13720,260,1.93,13340,13880,13330,809545,11015431250,1209746113800,88173915
2023/09/11,13280,-440,-3.21,13720,13720,13130,930047,12372630230,1170949591200,88173915
2023/09/12,13010,-270,-2.03,13390,13700,12980,917540,12145380520,1147142634150,88173915
2023/09/13,13010,0,0.00,13020,13420,12950,655396,8598115710,1147142634150,88173915
2023/09/14,13350,340,2.61,13260,13400,12980,976053,12916583990,1177121765250,88173915
2023/09/15,12190,-1160,-8.69,13380,13390,12040,2882081,35676412170,1074840023850,88173915
2023/09/18,12000,-190,-1.56,12150,12430,11500,1098989,13342702010,1058086980000,88173915
2023/09/19,11610,-390,-3.25,12100,12330,11550,1348947,15895439490,1023699153150,88173915
2023/09/20,11360,-250,-2.15,11610,11730,11230,1019482,11574935790,1001655674400,88173915
2023/09/21,10920,-440,-3.87,11080,11390,10850,1183229,13035930590,962859151800,88173915
2023/09/22,11270,350,3.21,10760,11440,10250,1241755,13879882500,993720022050,88173915
2023/09/25,11150,-120,-1.06,11450,11450,11110,465528,5231385570,983139152250,88173915
2023/09/26,11140,-10,-0.09,11150,11350,10940,597485,6658515000,982257413100,88173915
2023/09/27,11500,360,3.23,11030,11600,10910,525840,5979385890,1014000022500,88173915
2023/10/04,10800,-700,-6.09,11250,11370,10740,774719,8509204950,952278282000,88173915
2023/10/05,10860,60,0.56,10940,11410,10800,637117,7057202120,957568716900,88173915
2023/10/06,10800,-60,-0.55,10950,11200,10710,652794,7159713870,952278282000,88173915
2023/10/10,10390,-410,-3.80,10820,10870,10250,820747,8658157860,916126976850,88173915
2023/10/11,10450,60,0.58,10680,10740,10330,675909,7070026770,921417411750,88173915
2023/10/12,10720,270,2.58,10550,10830,10420,1044481,11107864190,945224368800,88173915
2023/10/13,9400,-1320,-12.31,10540,10630,9160,4427338,42127982790,828834801000,88173915
2023/10/16,9530,130,1.38,9420,9740,9280,1488556,14231316720,840297409950,88173915
2023/10/17,9500,-30,-0.31,9690,9850,9250,1124954,10710771010,837652192500,88173915
2023/10/18,9170,-330,-3.47,9450,9610,9160,886670,8222723070,808554800550,88173915
2023/10/19,8750,-420,-4.58,8940,9080,8690,1447524,12797237670,771521756250,88173915
2023/10/20,9010,260,2.97,8630,9050,8390,1787910,15572499830,794446974150,88173915
2023/10/23,9100,90,1.00,8900,9250,8750,1036384,9445970770,802382626500,88173915
2023/10/24,9380,280,3.08,9130,9410,8900,743929,6818215760,827071322700,88173915
2023/10/25,9220,-160,-1.71,9440,9440,9140,520316,4820596790,812963496300,88173915
2023/10/26,9070,-150,-1.63,8960,9270,8910,742713,6765775220,799737409050,88173915
2023/10/27,9230,160,1.76,9120,9390,8800,768144,7034589530,813845235450,88173915
2023/10/30,9530,300,3.25,9240,9570,9010,746801,7049174690,840297409950,88173915
2023/10/31,9180,-350,-3.67,9540,9600,9150,563634,5264393180,809436539700,88173915
2023/11/01,9230,50,0.54,9300,9380,9150,291088,2696216420,813845235450,88173915
2023/11/02,9530,300,3.25,9450,9670,9330,978726,9322796110,840297409950,88173915
2023/11/03,9640,110,1.15,9800,9900,9440,1388159,13474930460,849996540600,88173915
2023/11/06,9680,40,0.41,9790,10010,9390,1228374,11919658280,853523497200,88173915
2023/11/07,9430,-250,-2.58,9680,9720,9280,644201,6098268570,831480018450,88173915
2023/11/08,10000,570,6.04,9600,10350,9500,4310307,42819914720,881739150000,88173915
2023/11/09,9550,-450,-4.50,10030,10280,9430,2660104,26334097640,842060888250,88173915
2023/11/10,8810,-740,-7.75,9560,9570,8590,2885355,25807507680,776812191150,88173915
2023/11/13,8760,-50,-0.57,8900,9130,8700,1269707,11240267570,772403495400,88173915
2023/11/14,9000,240,2.74,8840,9000,8790,938610,8369133460,793565235000,88173915
2023/11/15,8610,-390,-4.33,9130,9260,8390,3762928,32813889940,759177408150,88173915
2023/11/16,8260,-350,-4.07,8610,8610,7930,3722275,30612667650,728316537900,88173915
2023/11/17,8130,-130,-1.57,8320,8400,8080,1267480,10399852140,716853928950,88173915
2023/11/20,8550,420,5.17,8180,8640,8120,1998120,16899460300,753886973250,88173915
2023/11/21,9250,700,8.19,8570,9280,8570,2428548,21838112420,815608713750,88173915
2023/11/22,9500,250,2.70,9320,9510,9200,1856770,17412512110,837652192500,88173915
2023/11/23,9390,-110,-1.16,9500,9530,9250,1002331,9394871380,827953061850,88173915
2023/11/24,10000,610,6.50,9460,10120,9440,2628977,25933352590,881739150000,88173915
2023/11/27,9970,-30,-0.30,10090,10180,9530,1793332,17633925910,879093932550,88173915
2023/11/28,10010,40,0.40,9970,10160,9760,1417137,14117265500,882620889150,88173915
2023/11/29,10320,310,3.10,10140,10450,9940,1564518,15965683340,909954802800,88173915
2023/11/30,10840,520,5.04,10280,10840,10280,2388390,25461305960,955805238600,88173915
2023/12/01,10510,-330,-3.04,10890,11150,10430,2324538,25105586180,926707846650,88173915
2023/12/04,10730,220,2.09,10380,10810,10090,1380022,14616830790,946106107950,88173915
2023/12/05,10530,-200,-1.86,10730,11190,10320,1962307,21269977750,928471324950,88173915
2023/12/06,10290,-240,-2.28,10510,10720,10290,984367,10274989000,907309585350,88173915
2023/12/07,10160,-130,-1.26,10110,10290,9700,1583308,15833669260,895846976400,88173915
2023/12/08,10200,40,0.39,10050,10350,10050,919581,9364639040,899373933000,88173915
2023/12/11,10390,190,1.86,10360,10670,10250,1059235,11038329810,916126976850,88173915
2023/12/12,10200,-190,-1.83,10430,10500,10110,743718,7626566720,899373933000,88173915
2023/12/13,9970,-230,-2.25,10100,10100,9840,1169357,11626531210,879093932550,88173915
2023/12/14,10010,40,0.40,10170,10290,9820,1951592,19530420970,882620889150,88173915
2023/12/15,9280,-730,-7.29,9930,10030,9180,2617578,24757608040,818253931200,88173915
2023/12/18,9790,510,5.50,9510,9880,9400,1348402,13070672140,863222627850,88173915
2023/12/19,9700,-90,-0.92,9740,9890,9610,582384,5652548640,855286975500,88173915
2023/12/20,10010,310,3.20,9880,10130,9810,1160234,11603680340,882620889150,88173915
2023/12/21,10060,50,0.50,9950,10330,9810,1533410,15466664130,887029584900,88173915
2023/12/22,9650,-410,-4.08,10030,10100,9510,1220321,11935398930,850878279750,88173915
2023/12/26,9340,-310,-3.21,9600,9650,9300,837213,7861892660,823544366100,88173915
2023/12/27,9390,50,0.54,9350,9560,9260,630154,5935209960,827953061850,88173915
2023/12/28,9330,-60,-0.64,9380,9380,9200,558549,5184281820,822662626950,88173915
2024/01/02,9270,-60,-0.64,9390,9510,9100,821803,7623175200,817372192050,88173915
2024/01/03,9160,-110,-1.19,9180,9240,9020,1006507,9166947700,807673061400,88173915
2024/01/04,9240,80,0.87,9040,9360,9040,806411,7437581500,814726974600,88173915
2024/01/05,9350,110,1.19,9210,9580,9140,1021742,9554222900,824426105250,88173915
2024/01/08,9700,350,3.74,9440,9780,9200,1180589,11338153650,855286975500,88173915
2024/01/09,9900,200,2.06,9740,10050,9600,1378029,13618900230,872921758500,88173915
2024/01/10,9310,-590,-5.96,9890,9890,9300,1671942,15833349620,820899148650,88173915
2024/01/11,9190,-120,-1.29,9300,9450,9110,873395,8120873810,810318278850,88173915
2024/01/12,9060,-130,-1.41,9270,9290,8980,824426,7488336710,798855669900,88173915
2024/01/15,8890,-170,-1.88,9110,9230,8800,684358,6149843570,783866104350,88173915
2024/01/16,8830,-60,-0.67,8920,9100,8680,508546,4498759900,778575669450,88173915
2024/01/17,8650,-180,-2.04,8910,8980,8580,618899,5379523350,762704364750,88173915
2024/01/18,8650,0,0.00,8620,8800,8560,586676,5088502730,762704364750,88173915
2024/01/19,8600,-50,-0.58,8770,8970,8520,681673,5918345170,758295669000,88173915
